2026-09-16 11:02:55,794 - INFO - Starting Amazon Multi-Category Batch Processing Mode
2026-09-16 11:02:55,795 - INFO - Initialized SQLite database schema at amazon_sellers.db

========================================
STARTING AMAZON BATCH CATEGORY RUN
Total categories to process: 108
Input file: input/amazon_urls.txt
Master Excel target: output/Amazon_Seller_Master_Data.xlsx
Database target: amazon_sellers.db
========================================


>>>>>>>>>>>>>>>>>>>>>>>>>>>>>>>>>>>>>>>>
BATCH CATEGORY [1/108]: 'Fish Scalers'
URL: https://www.amazon.in/s?k=Fish+Scalers
>>>>>>>>>>>>>>>>>>>>>>>>>>>>>>>>>>>>>>>>

2026-09-16 11:02:55,804 - INFO - Target Category: 'Fish Scalers'
2026-09-16 11:02:55,804 - INFO - Target URL: 'https://www.amazon.in/s?k=Fish+Scalers'
2026-09-16 11:02:56,358 - INFO - Created Amazon browser context generation 1
2026-09-16 11:02:56,358 - INFO - Started Playwright Chromium session (headless=True, timeout=30000ms, downloads=enabled)
2026-09-16 11:02:56,358 - INFO - Discovering products for category 'Fish Scalers' from https://www.amazon.in/s?k=Fish+Scalers...
2026-09-16 11:02:56,399 - INFO - Navigating to Amazon search page 1: https://www.amazon.in/s?k=Fish+Scalers
Opening Amazon...
Attempt: 1/3
2026-09-16 11:02:56,623 - WARNING - Direct navigation triggered download trap for 'Fish Scalers'. Trying UI search fallback...
Amazon navigation error (attempt 1/3): Page.goto: Navigation to "https://www.amazon.in/" is interrupted by another navigation to "chrome-error://chromewebdata/"
Call log:
  - navigating to "https://www.amazon.in/", waiting until "domcontentloaded"

2026-09-16 11:02:56,742 - WARNING - Error opening Amazon search page (attempt 1): https://www.amazon.in/s?k=Fish+Scalers: Page.goto: Navigation to "https://www.amazon.in/" is interrupted by another navigation to "chrome-error://chromewebdata/"
Call log:
  - navigating to "https://www.amazon.in/", waiting until "domcontentloaded"

Retrying in 2s...
Opening Amazon...
Attempt: 2/3
2026-09-16 11:02:58,897 - WARNING - Direct navigation triggered download trap for 'Fish Scalers'. Trying UI search fallback...
Amazon navigation error (attempt 2/3): Page.goto: Navigation to "https://www.amazon.in/" is interrupted by another navigation to "chrome-error://chromewebdata/"
Call log:
  - navigating to "https://www.amazon.in/", waiting until "domcontentloaded"

2026-09-16 11:02:59,015 - WARNING - Error opening Amazon search page (attempt 2): https://www.amazon.in/s?k=Fish+Scalers: Page.goto: Navigation to "https://www.amazon.in/" is interrupted by another navigation to "chrome-error://chromewebdata/"
Call log:
  - navigating to "https://www.amazon.in/", waiting until "domcontentloaded"

Retrying in 5s...
Opening Amazon...
Attempt: 3/3
2026-09-16 11:03:04,172 - WARNING - Direct navigation triggered download trap for 'Fish Scalers'. Trying UI search fallback...
Amazon navigation error (attempt 3/3): Page.goto: Navigation to "https://www.amazon.in/" is interrupted by another navigation to "chrome-error://chromewebdata/"
Call log:
  - navigating to "https://www.amazon.in/", waiting until "domcontentloaded"

2026-09-16 11:03:04,293 - WARNING - Error opening Amazon search page (attempt 3): https://www.amazon.in/s?k=Fish+Scalers: Page.goto: Navigation to "https://www.amazon.in/" is interrupted by another navigation to "chrome-error://chromewebdata/"
Call log:
  - navigating to "https://www.amazon.in/", waiting until "domcontentloaded"

2026-09-16 11:03:04,296 - ERROR - Category 'Fish Scalers' BLOCKED by Amazon: Amazon blocked or unavailable (Navigation Error: Page.goto: Navigation to "https://www.amazon.in/" is interrupted by another navigation to "chrome-error://chromewebdata/"
Call log:
  - navigating to "https://www.amazon.in/", waiting until "domcontentloaded"
) at https://www.amazon.in/s?k=Fish+Scalers
2026-09-16 11:03:04,335 - INFO - Closed Playwright browser session safely

>>>>>>>>>>>>>>>>>>>>>>>>>>>>>>>>>>>>>>>>
BATCH CATEGORY [2/108]: 'Cooler Bags'
URL: https://www.amazon.in/s?k=Cooler+Bags
>>>>>>>>>>>>>>>>>>>>>>>>>>>>>>>>>>>>>>>>

2026-09-16 11:03:04,336 - INFO - Target Category: 'Cooler Bags'
2026-09-16 11:03:04,337 - INFO - Target URL: 'https://www.amazon.in/s?k=Cooler+Bags'
2026-09-16 11:03:04,721 - INFO - Created Amazon browser context generation 1
2026-09-16 11:03:04,721 - INFO - Started Playwright Chromium session (headless=True, timeout=30000ms, downloads=enabled)
2026-09-16 11:03:04,721 - INFO - Discovering products for category 'Cooler Bags' from https://www.amazon.in/s?k=Cooler+Bags...
2026-09-16 11:03:04,767 - INFO - Navigating to Amazon search page 1: https://www.amazon.in/s?k=Cooler+Bags
Opening Amazon...
Attempt: 1/3
2026-09-16 11:03:04,907 - WARNING - Direct navigation triggered download trap for 'Cooler Bags'. Trying UI search fallback...
Amazon navigation error (attempt 1/3): Page.goto: Navigation to "https://www.amazon.in/" is interrupted by another navigation to "chrome-error://chromewebdata/"
Call log:
  - navigating to "https://www.amazon.in/", waiting until "domcontentloaded"

2026-09-16 11:03:05,031 - WARNING - Error opening Amazon search page (attempt 1): https://www.amazon.in/s?k=Cooler+Bags: Page.goto: Navigation to "https://www.amazon.in/" is interrupted by another navigation to "chrome-error://chromewebdata/"
Call log:
  - navigating to "https://www.amazon.in/", waiting until "domcontentloaded"

Retrying in 2s...
Opening Amazon...
Attempt: 2/3
2026-09-16 11:03:07,189 - WARNING - Direct navigation triggered download trap for 'Cooler Bags'. Trying UI search fallback...
Amazon navigation error (attempt 2/3): Page.goto: Navigation to "https://www.amazon.in/" is interrupted by another navigation to "chrome-error://chromewebdata/"
Call log:
  - navigating to "https://www.amazon.in/", waiting until "domcontentloaded"

2026-09-16 11:03:07,311 - WARNING - Error opening Amazon search page (attempt 2): https://www.amazon.in/s?k=Cooler+Bags: Page.goto: Navigation to "https://www.amazon.in/" is interrupted by another navigation to "chrome-error://chromewebdata/"
Call log:
  - navigating to "https://www.amazon.in/", waiting until "domcontentloaded"

Retrying in 5s...
Opening Amazon...
Attempt: 3/3
Amazon page loaded
2026-09-16 11:03:15,109 - INFO - Found 245 raw product links on page 1
Products discovered: 20
2026-09-16 11:03:15,421 - INFO - Discovered 20 total unique product URLs so far
2026-09-16 11:03:15,421 - INFO - Discovered 20 products for category 'Cooler Bags'
2026-09-16 11:03:15,422 - INFO - [1/20] Processing product ASIN: B0G6KDVRG9
2026-09-16 11:03:15,450 - INFO - Opening Amazon product page for multi-seller extraction: https://www.amazon.in/dp/B0G6KDVRG9
2026-09-16 11:03:15,584 - WARNING - Amazon product page blocked (Robot Check / CAPTCHA) on attempt 1/3: https://www.amazon.in/dp/B0G6KDVRG9
2026-09-16 11:03:17,714 - WARNING - Amazon product page blocked (Robot Check / CAPTCHA) on attempt 2/3: https://www.amazon.in/dp/B0G6KDVRG9
2026-09-16 11:03:21,846 - WARNING - Amazon product page blocked (Robot Check / CAPTCHA) on attempt 3/3: https://www.amazon.in/dp/B0G6KDVRG9
2026-09-16 11:03:21,897 - INFO - Visible seller fallback found no seller for B0G6KDVRG9
2026-09-16 11:03:21,899 - INFO - [2/20] Processing product ASIN: B0DQV86QKL
2026-09-16 11:03:21,930 - INFO - Opening Amazon product page for multi-seller extraction: https://www.amazon.in/dp/B0DQV86QKL
2026-09-16 11:03:22,064 - WARNING - Amazon product page blocked (Robot Check / CAPTCHA) on attempt 1/3: https://www.amazon.in/dp/B0DQV86QKL
2026-09-16 11:03:24,194 - WARNING - Amazon product page blocked (Robot Check / CAPTCHA) on attempt 2/3: https://www.amazon.in/dp/B0DQV86QKL
2026-09-16 11:03:28,319 - WARNING - Amazon product page blocked (Robot Check / CAPTCHA) on attempt 3/3: https://www.amazon.in/dp/B0DQV86QKL
2026-09-16 11:03:28,370 - INFO - Visible seller fallback found no seller for B0DQV86QKL
2026-09-16 11:03:28,372 - INFO - [3/20] Processing product ASIN: B0H4N4L8BH
2026-09-16 11:03:28,403 - INFO - Opening Amazon product page for multi-seller extraction: https://www.amazon.in/dp/B0H4N4L8BH
2026-09-16 11:03:28,534 - WARNING - Amazon product page blocked (Robot Check / CAPTCHA) on attempt 1/3: https://www.amazon.in/dp/B0H4N4L8BH
2026-09-16 11:03:30,661 - WARNING - Amazon product page blocked (Robot Check / CAPTCHA) on attempt 2/3: https://www.amazon.in/dp/B0H4N4L8BH
2026-09-16 11:03:34,792 - WARNING - Amazon product page blocked (Robot Check / CAPTCHA) on attempt 3/3: https://www.amazon.in/dp/B0H4N4L8BH
2026-09-16 11:03:34,844 - INFO - Visible seller fallback found no seller for B0H4N4L8BH
2026-09-16 11:03:34,846 - INFO - [4/20] Processing product ASIN: B0H4P4TWHR
2026-09-16 11:03:34,876 - INFO - Opening Amazon product page for multi-seller extraction: https://www.amazon.in/dp/B0H4P4TWHR
2026-09-16 11:03:35,008 - WARNING - Amazon product page blocked (Robot Check / CAPTCHA) on attempt 1/3: https://www.amazon.in/dp/B0H4P4TWHR
2026-09-16 11:03:37,134 - WARNING - Amazon product page blocked (Robot Check / CAPTCHA) on attempt 2/3: https://www.amazon.in/dp/B0H4P4TWHR
2026-09-16 11:03:41,261 - WARNING - Amazon product page blocked (Robot Check / CAPTCHA) on attempt 3/3: https://www.amazon.in/dp/B0H4P4TWHR
2026-09-16 11:03:41,313 - INFO - Visible seller fallback found no seller for B0H4P4TWHR
2026-09-16 11:03:41,315 - INFO - [5/20] Processing product ASIN: B071GJ3924
2026-09-16 11:03:41,346 - INFO - Opening Amazon product page for multi-seller extraction: https://www.amazon.in/dp/B071GJ3924
2026-09-16 11:03:41,479 - WARNING - Amazon product page blocked (Robot Check / CAPTCHA) on attempt 1/3: https://www.amazon.in/dp/B071GJ3924
2026-09-16 11:03:43,608 - WARNING - Amazon product page blocked (Robot Check / CAPTCHA) on attempt 2/3: https://www.amazon.in/dp/B071GJ3924
2026-09-16 11:03:47,737 - WARNING - Amazon product page blocked (Robot Check / CAPTCHA) on attempt 3/3: https://www.amazon.in/dp/B071GJ3924
2026-09-16 11:03:47,788 - INFO - Visible seller fallback found no seller for B071GJ3924
2026-09-16 11:03:47,790 - INFO - [6/20] Processing product ASIN: B00VWZV1TQ
2026-09-16 11:03:47,821 - INFO - Opening Amazon product page for multi-seller extraction: https://www.amazon.in/dp/B00VWZV1TQ
2026-09-16 11:03:47,956 - WARNING - Amazon product page blocked (Robot Check / CAPTCHA) on attempt 1/3: https://www.amazon.in/dp/B00VWZV1TQ
2026-09-16 11:03:50,082 - WARNING - Amazon product page blocked (Robot Check / CAPTCHA) on attempt 2/3: https://www.amazon.in/dp/B00VWZV1TQ
2026-09-16 11:03:54,209 - WARNING - Amazon product page blocked (Robot Check / CAPTCHA) on attempt 3/3: https://www.amazon.in/dp/B00VWZV1TQ
2026-09-16 11:03:54,278 - INFO - Visible seller fallback found no seller for B00VWZV1TQ
2026-09-16 11:03:54,280 - INFO - [7/20] Processing product ASIN: B072KBNG36
2026-09-16 11:03:54,313 - INFO - Opening Amazon product page for multi-seller extraction: https://www.amazon.in/dp/B072KBNG36
2026-09-16 11:03:54,443 - WARNING - Amazon product page blocked (Robot Check / CAPTCHA) on attempt 1/3: https://www.amazon.in/dp/B072KBNG36
2026-09-16 11:03:56,573 - WARNING - Amazon product page blocked (Robot Check / CAPTCHA) on attempt 2/3: https://www.amazon.in/dp/B072KBNG36
2026-09-16 11:04:00,700 - WARNING - Amazon product page blocked (Robot Check / CAPTCHA) on attempt 3/3: https://www.amazon.in/dp/B072KBNG36
2026-09-16 11:04:00,749 - INFO - Visible seller fallback found no seller for B072KBNG36
2026-09-16 11:04:00,751 - INFO - [8/20] Processing product ASIN: B0F7F5RT3X
2026-09-16 11:04:00,781 - INFO - Opening Amazon product page for multi-seller extraction: https://www.amazon.in/dp/B0F7F5RT3X
2026-09-16 11:04:00,912 - WARNING - Amazon product page blocked (Robot Check / CAPTCHA) on attempt 1/3: https://www.amazon.in/dp/B0F7F5RT3X
2026-09-16 11:04:03,147 - WARNING - Amazon product page blocked (Robot Check / CAPTCHA) on attempt 2/3: https://www.amazon.in/dp/B0F7F5RT3X
2026-09-16 11:04:07,280 - WARNING - Amazon product page blocked (Robot Check / CAPTCHA) on attempt 3/3: https://www.amazon.in/dp/B0F7F5RT3X
2026-09-16 11:04:07,330 - INFO - Visible seller fallback found no seller for B0F7F5RT3X
2026-09-16 11:04:07,332 - INFO - [9/20] Processing product ASIN: B0DV3MN6CL
2026-09-16 11:04:07,362 - INFO - Opening Amazon product page for multi-seller extraction: https://www.amazon.in/dp/B0DV3MN6CL
2026-09-16 11:04:07,493 - WARNING - Amazon product page blocked (Robot Check / CAPTCHA) on attempt 1/3: https://www.amazon.in/dp/B0DV3MN6CL
2026-09-16 11:04:09,623 - WARNING - Amazon product page blocked (Robot Check / CAPTCHA) on attempt 2/3: https://www.amazon.in/dp/B0DV3MN6CL
2026-09-16 11:04:13,754 - WARNING - Amazon product page blocked (Robot Check / CAPTCHA) on attempt 3/3: https://www.amazon.in/dp/B0DV3MN6CL
2026-09-16 11:04:13,804 - INFO - Visible seller fallback found no seller for B0DV3MN6CL
2026-09-16 11:04:13,806 - INFO - [10/20] Processing product ASIN: B0FQPJ5H1S
2026-09-16 11:04:13,835 - INFO - Opening Amazon product page for multi-seller extraction: https://www.amazon.in/dp/B0FQPJ5H1S
2026-09-16 11:04:13,967 - WARNING - Amazon product page blocked (Robot Check / CAPTCHA) on attempt 1/3: https://www.amazon.in/dp/B0FQPJ5H1S
2026-09-16 11:04:16,094 - WARNING - Amazon product page blocked (Robot Check / CAPTCHA) on attempt 2/3: https://www.amazon.in/dp/B0FQPJ5H1S
2026-09-16 11:04:20,223 - WARNING - Amazon product page blocked (Robot Check / CAPTCHA) on attempt 3/3: https://www.amazon.in/dp/B0FQPJ5H1S
2026-09-16 11:04:20,275 - INFO - Visible seller fallback found no seller for B0FQPJ5H1S
2026-09-16 11:04:20,277 - INFO - [11/20] Processing product ASIN: B0H565TRQR
2026-09-16 11:04:20,307 - INFO - Opening Amazon product page for multi-seller extraction: https://www.amazon.in/dp/B0H565TRQR
2026-09-16 11:04:20,444 - WARNING - Amazon product page blocked (Robot Check / CAPTCHA) on attempt 1/3: https://www.amazon.in/dp/B0H565TRQR
2026-09-16 11:04:22,571 - WARNING - Amazon product page blocked (Robot Check / CAPTCHA) on attempt 2/3: https://www.amazon.in/dp/B0H565TRQR
2026-09-16 11:04:26,702 - WARNING - Amazon product page blocked (Robot Check / CAPTCHA) on attempt 3/3: https://www.amazon.in/dp/B0H565TRQR
2026-09-16 11:04:26,753 - INFO - Visible seller fallback found no seller for B0H565TRQR
2026-09-16 11:04:26,755 - INFO - [12/20] Processing product ASIN: B0H2QGY7JK
2026-09-16 11:04:26,785 - INFO - Opening Amazon product page for multi-seller extraction: https://www.amazon.in/dp/B0H2QGY7JK
2026-09-16 11:04:26,924 - WARNING - Amazon product page blocked (Robot Check / CAPTCHA) on attempt 1/3: https://www.amazon.in/dp/B0H2QGY7JK
2026-09-16 11:04:29,054 - WARNING - Amazon product page blocked (Robot Check / CAPTCHA) on attempt 2/3: https://www.amazon.in/dp/B0H2QGY7JK
2026-09-16 11:04:33,182 - WARNING - Amazon product page blocked (Robot Check / CAPTCHA) on attempt 3/3: https://www.amazon.in/dp/B0H2QGY7JK
2026-09-16 11:04:33,233 - INFO - Visible seller fallback found no seller for B0H2QGY7JK
2026-09-16 11:04:33,235 - INFO - [13/20] Processing product ASIN: B0C3J4T6V1
2026-09-16 11:04:33,266 - INFO - Opening Amazon product page for multi-seller extraction: https://www.amazon.in/dp/B0C3J4T6V1
2026-09-16 11:04:33,397 - WARNING - Amazon product page blocked (Robot Check / CAPTCHA) on attempt 1/3: https://www.amazon.in/dp/B0C3J4T6V1
2026-09-16 11:04:35,528 - WARNING - Amazon product page blocked (Robot Check / CAPTCHA) on attempt 2/3: https://www.amazon.in/dp/B0C3J4T6V1
2026-09-16 11:04:39,656 - WARNING - Amazon product page blocked (Robot Check / CAPTCHA) on attempt 3/3: https://www.amazon.in/dp/B0C3J4T6V1
2026-09-16 11:04:39,707 - INFO - Visible seller fallback found no seller for B0C3J4T6V1
2026-09-16 11:04:39,709 - INFO - [14/20] Processing product ASIN: B0FGK2LF3P
2026-09-16 11:04:39,744 - INFO - Opening Amazon product page for multi-seller extraction: https://www.amazon.in/dp/B0FGK2LF3P
2026-09-16 11:04:39,881 - WARNING - Amazon product page blocked (Robot Check / CAPTCHA) on attempt 1/3: https://www.amazon.in/dp/B0FGK2LF3P
2026-09-16 11:04:42,008 - WARNING - Amazon product page blocked (Robot Check / CAPTCHA) on attempt 2/3: https://www.amazon.in/dp/B0FGK2LF3P
2026-09-16 11:04:46,139 - WARNING - Amazon product page blocked (Robot Check / CAPTCHA) on attempt 3/3: https://www.amazon.in/dp/B0FGK2LF3P
2026-09-16 11:04:46,191 - INFO - Visible seller fallback found no seller for B0FGK2LF3P
2026-09-16 11:04:46,193 - INFO - [15/20] Processing product ASIN: B0BTHRC164
2026-09-16 11:04:46,224 - INFO - Opening Amazon product page for multi-seller extraction: https://www.amazon.in/dp/B0BTHRC164
2026-09-16 11:04:46,363 - WARNING - Amazon product page blocked (Robot Check / CAPTCHA) on attempt 1/3: https://www.amazon.in/dp/B0BTHRC164
2026-09-16 11:04:48,491 - WARNING - Amazon product page blocked (Robot Check / CAPTCHA) on attempt 2/3: https://www.amazon.in/dp/B0BTHRC164
2026-09-16 11:04:52,623 - WARNING - Amazon product page blocked (Robot Check / CAPTCHA) on attempt 3/3: https://www.amazon.in/dp/B0BTHRC164
2026-09-16 11:04:52,674 - INFO - Visible seller fallback found no seller for B0BTHRC164
2026-09-16 11:04:52,676 - INFO - [16/20] Processing product ASIN: B0FQNZJ3KS
2026-09-16 11:04:52,708 - INFO - Opening Amazon product page for multi-seller extraction: https://www.amazon.in/dp/B0FQNZJ3KS
2026-09-16 11:04:52,846 - WARNING - Amazon product page blocked (Robot Check / CAPTCHA) on attempt 1/3: https://www.amazon.in/dp/B0FQNZJ3KS
2026-09-16 11:04:54,980 - WARNING - Amazon product page blocked (Robot Check / CAPTCHA) on attempt 2/3: https://www.amazon.in/dp/B0FQNZJ3KS
2026-09-16 11:04:59,105 - WARNING - Amazon product page blocked (Robot Check / CAPTCHA) on attempt 3/3: https://www.amazon.in/dp/B0FQNZJ3KS
2026-09-16 11:04:59,156 - INFO - Visible seller fallback found no seller for B0FQNZJ3KS
2026-09-16 11:04:59,158 - INFO - [17/20] Processing product ASIN: B0DHCKDT5R
2026-09-16 11:04:59,186 - INFO - Opening Amazon product page for multi-seller extraction: https://www.amazon.in/dp/B0DHCKDT5R
2026-09-16 11:04:59,453 - WARNING - Amazon product page blocked (Robot Check / CAPTCHA) on attempt 1/3: https://www.amazon.in/dp/B0DHCKDT5R
2026-09-16 11:05:01,585 - WARNING - Amazon product page blocked (Robot Check / CAPTCHA) on attempt 2/3: https://www.amazon.in/dp/B0DHCKDT5R
2026-09-16 11:05:05,718 - WARNING - Amazon product page blocked (Robot Check / CAPTCHA) on attempt 3/3: https://www.amazon.in/dp/B0DHCKDT5R
2026-09-16 11:05:05,769 - INFO - Visible seller fallback found no seller for B0DHCKDT5R
2026-09-16 11:05:05,771 - INFO - [18/20] Processing product ASIN: B0744MVFKF
2026-09-16 11:05:05,802 - INFO - Opening Amazon product page for multi-seller extraction: https://www.amazon.in/dp/B0744MVFKF
2026-09-16 11:05:05,937 - WARNING - Amazon product page blocked (Robot Check / CAPTCHA) on attempt 1/3: https://www.amazon.in/dp/B0744MVFKF
2026-09-16 11:05:08,068 - WARNING - Amazon product page blocked (Robot Check / CAPTCHA) on attempt 2/3: https://www.amazon.in/dp/B0744MVFKF
2026-09-16 11:05:12,196 - WARNING - Amazon product page blocked (Robot Check / CAPTCHA) on attempt 3/3: https://www.amazon.in/dp/B0744MVFKF
2026-09-16 11:05:12,247 - INFO - Visible seller fallback found no seller for B0744MVFKF
2026-09-16 11:05:12,249 - INFO - [19/20] Processing product ASIN: B0BMGF8WHB
2026-09-16 11:05:12,281 - INFO - Opening Amazon product page for multi-seller extraction: https://www.amazon.in/dp/B0BMGF8WHB
2026-09-16 11:05:12,417 - WARNING - Amazon product page blocked (Robot Check / CAPTCHA) on attempt 1/3: https://www.amazon.in/dp/B0BMGF8WHB
2026-09-16 11:05:14,545 - WARNING - Amazon product page blocked (Robot Check / CAPTCHA) on attempt 2/3: https://www.amazon.in/dp/B0BMGF8WHB
2026-09-16 11:05:18,677 - WARNING - Amazon product page blocked (Robot Check / CAPTCHA) on attempt 3/3: https://www.amazon.in/dp/B0BMGF8WHB
2026-09-16 11:05:18,727 - INFO - Visible seller fallback found no seller for B0BMGF8WHB
2026-09-16 11:05:18,729 - INFO - [20/20] Processing product ASIN: B0BPCHKXWV
2026-09-16 11:05:18,759 - INFO - Opening Amazon product page for multi-seller extraction: https://www.amazon.in/dp/B0BPCHKXWV
2026-09-16 11:05:18,895 - WARNING - Amazon product page blocked (Robot Check / CAPTCHA) on attempt 1/3: https://www.amazon.in/dp/B0BPCHKXWV
2026-09-16 11:05:21,026 - WARNING - Amazon product page blocked (Robot Check / CAPTCHA) on attempt 2/3: https://www.amazon.in/dp/B0BPCHKXWV
2026-09-16 11:05:25,157 - WARNING - Amazon product page blocked (Robot Check / CAPTCHA) on attempt 3/3: https://www.amazon.in/dp/B0BPCHKXWV
2026-09-16 11:05:25,206 - INFO - Visible seller fallback found no seller for B0BPCHKXWV
2026-09-16 11:05:25,208 - INFO - Top businesses requested: 100, found: 0 for 'Cooler Bags'
2026-09-16 11:05:25,208 - INFO - Starting Phase 2 Deep Enrichment Waterfall for top 0 businesses...
2026-09-16 11:05:25,252 - INFO - Closed Playwright browser session safely

>>>>>>>>>>>>>>>>>>>>>>>>>>>>>>>>>>>>>>>>
BATCH CATEGORY [3/108]: 'Foil Holders'
URL: https://www.amazon.in/s?k=Foil+Holders
>>>>>>>>>>>>>>>>>>>>>>>>>>>>>>>>>>>>>>>>

2026-09-16 11:05:25,269 - INFO - Target Category: 'Foil Holders'
2026-09-16 11:05:25,269 - INFO - Target URL: 'https://www.amazon.in/s?k=Foil+Holders'
2026-09-16 11:05:25,655 - INFO - Created Amazon browser context generation 1
2026-09-16 11:05:25,656 - INFO - Started Playwright Chromium session (headless=True, timeout=30000ms, downloads=enabled)
2026-09-16 11:05:25,656 - INFO - Discovering products for category 'Foil Holders' from https://www.amazon.in/s?k=Foil+Holders...
2026-09-16 11:05:25,690 - INFO - Navigating to Amazon search page 1: https://www.amazon.in/s?k=Foil+Holders
Opening Amazon...
Attempt: 1/3
Amazon page loaded
2026-09-16 11:05:26,912 - INFO - Found 0 raw product links on page 1
Products discovered: 0
2026-09-16 11:05:26,912 - INFO - Discovered 0 total unique product URLs so far
2026-09-16 11:05:26,916 - INFO - Discovered 0 products for category 'Foil Holders'
2026-09-16 11:05:26,916 - INFO - Top businesses requested: 100, found: 0 for 'Foil Holders'
2026-09-16 11:05:26,916 - INFO - Starting Phase 2 Deep Enrichment Waterfall for top 0 businesses...
2026-09-16 11:05:26,953 - INFO - Closed Playwright browser session safely

>>>>>>>>>>>>>>>>>>>>>>>>>>>>>>>>>>>>>>>>
BATCH CATEGORY [4/108]: 'Heat Diffusers'
URL: https://www.amazon.in/s?k=Heat+Diffusers
>>>>>>>>>>>>>>>>>>>>>>>>>>>>>>>>>>>>>>>>

2026-09-16 11:05:26,969 - INFO - Target Category: 'Heat Diffusers'
2026-09-16 11:05:26,969 - INFO - Target URL: 'https://www.amazon.in/s?k=Heat+Diffusers'
2026-09-16 11:05:27,356 - INFO - Created Amazon browser context generation 1
2026-09-16 11:05:27,356 - INFO - Started Playwright Chromium session (headless=True, timeout=30000ms, downloads=enabled)
2026-09-16 11:05:27,356 - INFO - Discovering products for category 'Heat Diffusers' from https://www.amazon.in/s?k=Heat+Diffusers...
2026-09-16 11:05:27,402 - INFO - Navigating to Amazon search page 1: https://www.amazon.in/s?k=Heat+Diffusers
Opening Amazon...
Attempt: 1/3
Amazon page loaded
2026-09-16 11:05:28,527 - INFO - Found 0 raw product links on page 1
Products discovered: 0
2026-09-16 11:05:28,527 - INFO - Discovered 0 total unique product URLs so far
2026-09-16 11:05:28,531 - INFO - Discovered 0 products for category 'Heat Diffusers'
2026-09-16 11:05:28,531 - INFO - Top businesses requested: 100, found: 0 for 'Heat Diffusers'
2026-09-16 11:05:28,531 - INFO - Starting Phase 2 Deep Enrichment Waterfall for top 0 businesses...
2026-09-16 11:05:28,569 - INFO - Closed Playwright browser session safely

>>>>>>>>>>>>>>>>>>>>>>>>>>>>>>>>>>>>>>>>
BATCH CATEGORY [5/108]: 'Roast Injectors'
URL: https://www.amazon.in/s?k=Roast+Injectors
>>>>>>>>>>>>>>>>>>>>>>>>>>>>>>>>>>>>>>>>

2026-09-16 11:05:28,585 - INFO - Target Category: 'Roast Injectors'
2026-09-16 11:05:28,585 - INFO - Target URL: 'https://www.amazon.in/s?k=Roast+Injectors'
2026-09-16 11:05:28,965 - INFO - Created Amazon browser context generation 1
2026-09-16 11:05:28,965 - INFO - Started Playwright Chromium session (headless=True, timeout=30000ms, downloads=enabled)
2026-09-16 11:05:28,965 - INFO - Discovering products for category 'Roast Injectors' from https://www.amazon.in/s?k=Roast+Injectors...
2026-09-16 11:05:29,009 - INFO - Navigating to Amazon search page 1: https://www.amazon.in/s?k=Roast+Injectors
Opening Amazon...
Attempt: 1/3
Amazon page loaded
2026-09-16 11:05:30,132 - INFO - Found 0 raw product links on page 1
Products discovered: 0
2026-09-16 11:05:30,132 - INFO - Discovered 0 total unique product URLs so far
2026-09-16 11:05:30,136 - INFO - Discovered 0 products for category 'Roast Injectors'
2026-09-16 11:05:30,136 - INFO - Top businesses requested: 100, found: 0 for 'Roast Injectors'
2026-09-16 11:05:30,136 - INFO - Starting Phase 2 Deep Enrichment Waterfall for top 0 businesses...
2026-09-16 11:05:30,173 - INFO - Closed Playwright browser session safely

>>>>>>>>>>>>>>>>>>>>>>>>>>>>>>>>>>>>>>>>
BATCH CATEGORY [6/108]: 'Pancake Batter Dispenser'
URL: https://www.amazon.in/s?k=Pancake+Batter+Dispenser
>>>>>>>>>>>>>>>>>>>>>>>>>>>>>>>>>>>>>>>>

2026-09-16 11:05:30,189 - INFO - Target Category: 'Pancake Batter Dispenser'
2026-09-16 11:05:30,189 - INFO - Target URL: 'https://www.amazon.in/s?k=Pancake+Batter+Dispenser'
2026-09-16 11:05:30,572 - INFO - Created Amazon browser context generation 1
2026-09-16 11:05:30,572 - INFO - Started Playwright Chromium session (headless=True, timeout=30000ms, downloads=enabled)
2026-09-16 11:05:30,572 - INFO - Discovering products for category 'Pancake Batter Dispenser' from https://www.amazon.in/s?k=Pancake+Batter+Dispenser...
2026-09-16 11:05:30,614 - INFO - Navigating to Amazon search page 1: https://www.amazon.in/s?k=Pancake+Batter+Dispenser
Opening Amazon...
Attempt: 1/3
Amazon page loaded
2026-09-16 11:05:31,822 - INFO - Found 0 raw product links on page 1
Products discovered: 0
2026-09-16 11:05:31,822 - INFO - Discovered 0 total unique product URLs so far
2026-09-16 11:05:31,826 - INFO - Discovered 0 products for category 'Pancake Batter Dispenser'
2026-09-16 11:05:31,826 - INFO - Top businesses requested: 100, found: 0 for 'Pancake Batter Dispenser'
2026-09-16 11:05:31,826 - INFO - Starting Phase 2 Deep Enrichment Waterfall for top 0 businesses...
2026-09-16 11:05:31,862 - INFO - Closed Playwright browser session safely

>>>>>>>>>>>>>>>>>>>>>>>>>>>>>>>>>>>>>>>>
BATCH CATEGORY [7/108]: 'Sausage Makers'
URL: https://www.amazon.in/s?k=Sausage+Makers
>>>>>>>>>>>>>>>>>>>>>>>>>>>>>>>>>>>>>>>>

2026-09-16 11:05:31,878 - INFO - Target Category: 'Sausage Makers'
2026-09-16 11:05:31,878 - INFO - Target URL: 'https://www.amazon.in/s?k=Sausage+Makers'
2026-09-16 11:05:32,264 - INFO - Created Amazon browser context generation 1
2026-09-16 11:05:32,264 - INFO - Started Playwright Chromium session (headless=True, timeout=30000ms, downloads=enabled)
2026-09-16 11:05:32,264 - INFO - Discovering products for category 'Sausage Makers' from https://www.amazon.in/s?k=Sausage+Makers...
2026-09-16 11:05:32,303 - INFO - Navigating to Amazon search page 1: https://www.amazon.in/s?k=Sausage+Makers
Opening Amazon...
Attempt: 1/3
Amazon page loaded
2026-09-16 11:05:33,426 - INFO - Found 0 raw product links on page 1
Products discovered: 0
2026-09-16 11:05:33,427 - INFO - Discovered 0 total unique product URLs so far
2026-09-16 11:05:33,431 - INFO - Discovered 0 products for category 'Sausage Makers'
2026-09-16 11:05:33,431 - INFO - Top businesses requested: 100, found: 0 for 'Sausage Makers'
2026-09-16 11:05:33,431 - INFO - Starting Phase 2 Deep Enrichment Waterfall for top 0 businesses...
2026-09-16 11:05:33,462 - INFO - Closed Playwright browser session safely

>>>>>>>>>>>>>>>>>>>>>>>>>>>>>>>>>>>>>>>>
BATCH CATEGORY [8/108]: 'Manual Can Openers'
URL: https://www.amazon.in/s?k=Manual+Can+Openers
>>>>>>>>>>>>>>>>>>>>>>>>>>>>>>>>>>>>>>>>

2026-09-16 11:05:33,478 - INFO - Target Category: 'Manual Can Openers'
2026-09-16 11:05:33,478 - INFO - Target URL: 'https://www.amazon.in/s?k=Manual+Can+Openers'
2026-09-16 11:05:33,868 - INFO - Created Amazon browser context generation 1
2026-09-16 11:05:33,868 - INFO - Started Playwright Chromium session (headless=True, timeout=30000ms, downloads=enabled)
2026-09-16 11:05:33,868 - INFO - Discovering products for category 'Manual Can Openers' from https://www.amazon.in/s?k=Manual+Can+Openers...
2026-09-16 11:05:33,918 - INFO - Navigating to Amazon search page 1: https://www.amazon.in/s?k=Manual+Can+Openers
Opening Amazon...
Attempt: 1/3
Amazon page loaded
2026-09-16 11:05:35,042 - INFO - Found 0 raw product links on page 1
Products discovered: 0
2026-09-16 11:05:35,042 - INFO - Discovered 0 total unique product URLs so far
2026-09-16 11:05:35,046 - INFO - Discovered 0 products for category 'Manual Can Openers'
2026-09-16 11:05:35,046 - INFO - Top businesses requested: 100, found: 0 for 'Manual Can Openers'
2026-09-16 11:05:35,046 - INFO - Starting Phase 2 Deep Enrichment Waterfall for top 0 businesses...
2026-09-16 11:05:35,082 - INFO - Closed Playwright browser session safely

>>>>>>>>>>>>>>>>>>>>>>>>>>>>>>>>>>>>>>>>
BATCH CATEGORY [9/108]: 'Manual Choppers & Chippers'
URL: https://www.amazon.in/s?k=Manual+Choppers+%26+Chippers
>>>>>>>>>>>>>>>>>>>>>>>>>>>>>>>>>>>>>>>>

2026-09-16 11:05:35,097 - INFO - Target Category: 'Manual Choppers & Chippers'
2026-09-16 11:05:35,097 - INFO - Target URL: 'https://www.amazon.in/s?k=Manual+Choppers+%26+Chippers'
2026-09-16 11:05:35,485 - INFO - Created Amazon browser context generation 1
2026-09-16 11:05:35,485 - INFO - Started Playwright Chromium session (headless=True, timeout=30000ms, downloads=enabled)
2026-09-16 11:05:35,485 - INFO - Discovering products for category 'Manual Choppers & Chippers' from https://www.amazon.in/s?k=Manual+Choppers+%26+Chippers...
2026-09-16 11:05:35,529 - INFO - Navigating to Amazon search page 1: https://www.amazon.in/s?k=Manual+Choppers+%26+Chippers
Opening Amazon...
Attempt: 1/3
Amazon page loaded
2026-09-16 11:05:36,765 - INFO - Found 0 raw product links on page 1
Products discovered: 0
2026-09-16 11:05:36,765 - INFO - Discovered 0 total unique product URLs so far
2026-09-16 11:05:36,769 - INFO - Discovered 0 products for category 'Manual Choppers & Chippers'
2026-09-16 11:05:36,769 - INFO - Top businesses requested: 100, found: 0 for 'Manual Choppers & Chippers'
2026-09-16 11:05:36,769 - INFO - Starting Phase 2 Deep Enrichment Waterfall for top 0 businesses...
2026-09-16 11:05:36,805 - INFO - Closed Playwright browser session safely

>>>>>>>>>>>>>>>>>>>>>>>>>>>>>>>>>>>>>>>>
BATCH CATEGORY [10/108]: 'Manual Citrus Juicers'
URL: https://www.amazon.in/s?k=Manual+Citrus+Juicers
>>>>>>>>>>>>>>>>>>>>>>>>>>>>>>>>>>>>>>>>

2026-09-16 11:05:36,821 - INFO - Target Category: 'Manual Citrus Juicers'
2026-09-16 11:05:36,821 - INFO - Target URL: 'https://www.amazon.in/s?k=Manual+Citrus+Juicers'
2026-09-16 11:05:37,213 - INFO - Created Amazon browser context generation 1
2026-09-16 11:05:37,214 - INFO - Started Playwright Chromium session (headless=True, timeout=30000ms, downloads=enabled)
2026-09-16 11:05:37,214 - INFO - Discovering products for category 'Manual Citrus Juicers' from https://www.amazon.in/s?k=Manual+Citrus+Juicers...
2026-09-16 11:05:37,261 - INFO - Navigating to Amazon search page 1: https://www.amazon.in/s?k=Manual+Citrus+Juicers
Opening Amazon...
Attempt: 1/3
Amazon page loaded
2026-09-16 11:05:38,412 - INFO - Found 0 raw product links on page 1
Products discovered: 0
2026-09-16 11:05:38,412 - INFO - Discovered 0 total unique product URLs so far
2026-09-16 11:05:38,416 - INFO - Discovered 0 products for category 'Manual Citrus Juicers'
2026-09-16 11:05:38,416 - INFO - Top businesses requested: 100, found: 0 for 'Manual Citrus Juicers'
2026-09-16 11:05:38,416 - INFO - Starting Phase 2 Deep Enrichment Waterfall for top 0 businesses...
2026-09-16 11:05:38,457 - INFO - Closed Playwright browser session safely

>>>>>>>>>>>>>>>>>>>>>>>>>>>>>>>>>>>>>>>>
BATCH CATEGORY [11/108]: 'Manual Knife Sharpeners'
URL: https://www.amazon.in/s?k=Manual+Knife+Sharpeners
>>>>>>>>>>>>>>>>>>>>>>>>>>>>>>>>>>>>>>>>

2026-09-16 11:05:38,473 - INFO - Target Category: 'Manual Knife Sharpeners'
2026-09-16 11:05:38,473 - INFO - Target URL: 'https://www.amazon.in/s?k=Manual+Knife+Sharpeners'
2026-09-16 11:05:38,861 - INFO - Created Amazon browser context generation 1
2026-09-16 11:05:38,861 - INFO - Started Playwright Chromium session (headless=True, timeout=30000ms, downloads=enabled)
2026-09-16 11:05:38,861 - INFO - Discovering products for category 'Manual Knife Sharpeners' from https://www.amazon.in/s?k=Manual+Knife+Sharpeners...
2026-09-16 11:05:38,896 - INFO - Navigating to Amazon search page 1: https://www.amazon.in/s?k=Manual+Knife+Sharpeners
Opening Amazon...
Attempt: 1/3
Amazon page loaded
2026-09-16 11:05:40,065 - INFO - Found 0 raw product links on page 1
Products discovered: 0
2026-09-16 11:05:40,065 - INFO - Discovered 0 total unique product URLs so far
2026-09-16 11:05:40,069 - INFO - Discovered 0 products for category 'Manual Knife Sharpeners'
2026-09-16 11:05:40,069 - INFO - Top businesses requested: 100, found: 0 for 'Manual Knife Sharpeners'
2026-09-16 11:05:40,069 - INFO - Starting Phase 2 Deep Enrichment Waterfall for top 0 businesses...
2026-09-16 11:05:40,102 - INFO - Closed Playwright browser session safely

>>>>>>>>>>>>>>>>>>>>>>>>>>>>>>>>>>>>>>>>
BATCH CATEGORY [12/108]: 'Manual Pasta Machines'
URL: https://www.amazon.in/s?k=Manual+Pasta+Machines
>>>>>>>>>>>>>>>>>>>>>>>>>>>>>>>>>>>>>>>>

2026-09-16 11:05:40,118 - INFO - Target Category: 'Manual Pasta Machines'
2026-09-16 11:05:40,118 - INFO - Target URL: 'https://www.amazon.in/s?k=Manual+Pasta+Machines'
2026-09-16 11:05:40,512 - INFO - Created Amazon browser context generation 1
2026-09-16 11:05:40,512 - INFO - Started Playwright Chromium session (headless=True, timeout=30000ms, downloads=enabled)
2026-09-16 11:05:40,512 - INFO - Discovering products for category 'Manual Pasta Machines' from https://www.amazon.in/s?k=Manual+Pasta+Machines...
2026-09-16 11:05:40,555 - INFO - Navigating to Amazon search page 1: https://www.amazon.in/s?k=Manual+Pasta+Machines
Opening Amazon...
Attempt: 1/3
Amazon page loaded
2026-09-16 11:05:41,720 - INFO - Found 0 raw product links on page 1
Products discovered: 0
2026-09-16 11:05:41,720 - INFO - Discovered 0 total unique product URLs so far
2026-09-16 11:05:41,724 - INFO - Discovered 0 products for category 'Manual Pasta Machines'
2026-09-16 11:05:41,724 - INFO - Top businesses requested: 100, found: 0 for 'Manual Pasta Machines'
2026-09-16 11:05:41,724 - INFO - Starting Phase 2 Deep Enrichment Waterfall for top 0 businesses...
2026-09-16 11:05:41,760 - INFO - Closed Playwright browser session safely

>>>>>>>>>>>>>>>>>>>>>>>>>>>>>>>>>>>>>>>>
BATCH CATEGORY [13/108]: 'Measuring Cups'
URL: https://www.amazon.in/s?k=Measuring+Cups
>>>>>>>>>>>>>>>>>>>>>>>>>>>>>>>>>>>>>>>>

2026-09-16 11:05:41,777 - INFO - Target Category: 'Measuring Cups'
2026-09-16 11:05:41,777 - INFO - Target URL: 'https://www.amazon.in/s?k=Measuring+Cups'
2026-09-16 11:05:42,168 - INFO - Created Amazon browser context generation 1
2026-09-16 11:05:42,169 - INFO - Started Playwright Chromium session (headless=True, timeout=30000ms, downloads=enabled)
2026-09-16 11:05:42,169 - INFO - Discovering products for category 'Measuring Cups' from https://www.amazon.in/s?k=Measuring+Cups...
2026-09-16 11:05:42,219 - INFO - Navigating to Amazon search page 1: https://www.amazon.in/s?k=Measuring+Cups
Opening Amazon...
Attempt: 1/3
Amazon page loaded
2026-09-16 11:05:43,412 - INFO - Found 0 raw product links on page 1
Products discovered: 0
2026-09-16 11:05:43,412 - INFO - Discovered 0 total unique product URLs so far
2026-09-16 11:05:43,416 - INFO - Discovered 0 products for category 'Measuring Cups'
2026-09-16 11:05:43,416 - INFO - Top businesses requested: 100, found: 0 for 'Measuring Cups'
2026-09-16 11:05:43,416 - INFO - Starting Phase 2 Deep Enrichment Waterfall for top 0 businesses...
2026-09-16 11:05:43,450 - INFO - Closed Playwright browser session safely

>>>>>>>>>>>>>>>>>>>>>>>>>>>>>>>>>>>>>>>>
BATCH CATEGORY [14/108]: 'Measuring Spoon Sets'
URL: https://www.amazon.in/s?k=Measuring+Spoon+Sets
>>>>>>>>>>>>>>>>>>>>>>>>>>>>>>>>>>>>>>>>

2026-09-16 11:05:43,466 - INFO - Target Category: 'Measuring Spoon Sets'
2026-09-16 11:05:43,466 - INFO - Target URL: 'https://www.amazon.in/s?k=Measuring+Spoon+Sets'
2026-09-16 11:05:43,853 - INFO - Created Amazon browser context generation 1
2026-09-16 11:05:43,853 - INFO - Started Playwright Chromium session (headless=True, timeout=30000ms, downloads=enabled)
2026-09-16 11:05:43,853 - INFO - Discovering products for category 'Measuring Spoon Sets' from https://www.amazon.in/s?k=Measuring+Spoon+Sets...
2026-09-16 11:05:43,903 - INFO - Navigating to Amazon search page 1: https://www.amazon.in/s?k=Measuring+Spoon+Sets
Opening Amazon...
Attempt: 1/3
Amazon page loaded
2026-09-16 11:05:45,064 - INFO - Found 0 raw product links on page 1
Products discovered: 0
2026-09-16 11:05:45,064 - INFO - Discovered 0 total unique product URLs so far
2026-09-16 11:05:45,068 - INFO - Discovered 0 products for category 'Measuring Spoon Sets'
2026-09-16 11:05:45,068 - INFO - Top businesses requested: 100, found: 0 for 'Measuring Spoon Sets'
2026-09-16 11:05:45,068 - INFO - Starting Phase 2 Deep Enrichment Waterfall for top 0 businesses...
2026-09-16 11:05:45,105 - INFO - Closed Playwright browser session safely

>>>>>>>>>>>>>>>>>>>>>>>>>>>>>>>>>>>>>>>>
BATCH CATEGORY [15/108]: 'Meat Tenderizers'
URL: https://www.amazon.in/s?k=Meat+Tenderizers
>>>>>>>>>>>>>>>>>>>>>>>>>>>>>>>>>>>>>>>>

2026-09-16 11:05:45,121 - INFO - Target Category: 'Meat Tenderizers'
2026-09-16 11:05:45,121 - INFO - Target URL: 'https://www.amazon.in/s?k=Meat+Tenderizers'
2026-09-16 11:05:45,518 - INFO - Created Amazon browser context generation 1
2026-09-16 11:05:45,519 - INFO - Started Playwright Chromium session (headless=True, timeout=30000ms, downloads=enabled)
2026-09-16 11:05:45,519 - INFO - Discovering products for category 'Meat Tenderizers' from https://www.amazon.in/s?k=Meat+Tenderizers...
2026-09-16 11:05:45,560 - INFO - Navigating to Amazon search page 1: https://www.amazon.in/s?k=Meat+Tenderizers
Opening Amazon...
Attempt: 1/3
Amazon page loaded
2026-09-16 11:05:46,685 - INFO - Found 0 raw product links on page 1
Products discovered: 0
2026-09-16 11:05:46,685 - INFO - Discovered 0 total unique product URLs so far
2026-09-16 11:05:46,689 - INFO - Discovered 0 products for category 'Meat Tenderizers'
2026-09-16 11:05:46,689 - INFO - Top businesses requested: 100, found: 0 for 'Meat Tenderizers'
2026-09-16 11:05:46,689 - INFO - Starting Phase 2 Deep Enrichment Waterfall for top 0 businesses...
2026-09-16 11:05:46,725 - INFO - Closed Playwright browser session safely

>>>>>>>>>>>>>>>>>>>>>>>>>>>>>>>>>>>>>>>>
BATCH CATEGORY [16/108]: 'Mortar & Pestle Sets'
URL: https://www.amazon.in/s?k=Mortar+%26+Pestle+Sets
>>>>>>>>>>>>>>>>>>>>>>>>>>>>>>>>>>>>>>>>

2026-09-16 11:05:46,741 - INFO - Target Category: 'Mortar & Pestle Sets'
2026-09-16 11:05:46,741 - INFO - Target URL: 'https://www.amazon.in/s?k=Mortar+%26+Pestle+Sets'
2026-09-16 11:05:47,129 - INFO - Created Amazon browser context generation 1
2026-09-16 11:05:47,129 - INFO - Started Playwright Chromium session (headless=True, timeout=30000ms, downloads=enabled)
2026-09-16 11:05:47,129 - INFO - Discovering products for category 'Mortar & Pestle Sets' from https://www.amazon.in/s?k=Mortar+%26+Pestle+Sets...
2026-09-16 11:05:47,166 - INFO - Navigating to Amazon search page 1: https://www.amazon.in/s?k=Mortar+%26+Pestle+Sets
Opening Amazon...
Attempt: 1/3
Amazon page loaded
2026-09-16 11:05:48,328 - INFO - Found 0 raw product links on page 1
Products discovered: 0
2026-09-16 11:05:48,329 - INFO - Discovered 0 total unique product URLs so far
2026-09-16 11:05:48,332 - INFO - Discovered 0 products for category 'Mortar & Pestle Sets'
2026-09-16 11:05:48,332 - INFO - Top businesses requested: 100, found: 0 for 'Mortar & Pestle Sets'
2026-09-16 11:05:48,332 - INFO - Starting Phase 2 Deep Enrichment Waterfall for top 0 businesses...
2026-09-16 11:05:48,364 - INFO - Closed Playwright browser session safely

>>>>>>>>>>>>>>>>>>>>>>>>>>>>>>>>>>>>>>>>
BATCH CATEGORY [17/108]: 'Oil Preparation & Dispensers'
URL: https://www.amazon.in/s?k=Oil+Preparation+%26+Dispensers
>>>>>>>>>>>>>>>>>>>>>>>>>>>>>>>>>>>>>>>>

2026-09-16 11:05:48,379 - INFO - Target Category: 'Oil Preparation & Dispensers'
2026-09-16 11:05:48,379 - INFO - Target URL: 'https://www.amazon.in/s?k=Oil+Preparation+%26+Dispensers'
2026-09-16 11:05:48,764 - INFO - Created Amazon browser context generation 1
2026-09-16 11:05:48,764 - INFO - Started Playwright Chromium session (headless=True, timeout=30000ms, downloads=enabled)
2026-09-16 11:05:48,764 - INFO - Discovering products for category 'Oil Preparation & Dispensers' from https://www.amazon.in/s?k=Oil+Preparation+%26+Dispensers...
2026-09-16 11:05:48,815 - INFO - Navigating to Amazon search page 1: https://www.amazon.in/s?k=Oil+Preparation+%26+Dispensers
Opening Amazon...
Attempt: 1/3
Amazon page loaded
2026-09-16 11:05:49,948 - INFO - Found 0 raw product links on page 1
Products discovered: 0
2026-09-16 11:05:49,948 - INFO - Discovered 0 total unique product URLs so far
2026-09-16 11:05:49,952 - INFO - Discovered 0 products for category 'Oil Preparation & Dispensers'
2026-09-16 11:05:49,952 - INFO - Top businesses requested: 100, found: 0 for 'Oil Preparation & Dispensers'
2026-09-16 11:05:49,952 - INFO - Starting Phase 2 Deep Enrichment Waterfall for top 0 businesses...
2026-09-16 11:05:49,988 - INFO - Closed Playwright browser session safely

>>>>>>>>>>>>>>>>>>>>>>>>>>>>>>>>>>>>>>>>
BATCH CATEGORY [18/108]: 'Peeling, Grating & Slicing Tools'
URL: https://www.amazon.in/s?k=Peeling%2C+Grating+%26+Slicing+Tools
>>>>>>>>>>>>>>>>>>>>>>>>>>>>>>>>>>>>>>>>

2026-09-16 11:05:50,005 - INFO - Target Category: 'Peeling, Grating & Slicing Tools'
2026-09-16 11:05:50,005 - INFO - Target URL: 'https://www.amazon.in/s?k=Peeling%2C+Grating+%26+Slicing+Tools'
2026-09-16 11:05:50,382 - INFO - Created Amazon browser context generation 1
2026-09-16 11:05:50,382 - INFO - Started Playwright Chromium session (headless=True, timeout=30000ms, downloads=enabled)
2026-09-16 11:05:50,382 - INFO - Discovering products for category 'Peeling, Grating & Slicing Tools' from https://www.amazon.in/s?k=Peeling%2C+Grating+%26+Slicing+Tools...
2026-09-16 11:05:50,426 - INFO - Navigating to Amazon search page 1: https://www.amazon.in/s?k=Peeling%2C+Grating+%26+Slicing+Tools
Opening Amazon...
Attempt: 1/3
Amazon page loaded
2026-09-16 11:05:51,561 - INFO - Found 0 raw product links on page 1
Products discovered: 0
2026-09-16 11:05:51,562 - INFO - Discovered 0 total unique product URLs so far
2026-09-16 11:05:51,565 - INFO - Discovered 0 products for category 'Peeling, Grating & Slicing Tools'
2026-09-16 11:05:51,565 - INFO - Top businesses requested: 100, found: 0 for 'Peeling, Grating & Slicing Tools'
2026-09-16 11:05:51,565 - INFO - Starting Phase 2 Deep Enrichment Waterfall for top 0 businesses...
2026-09-16 11:05:51,602 - INFO - Closed Playwright browser session safely

>>>>>>>>>>>>>>>>>>>>>>>>>>>>>>>>>>>>>>>>
BATCH CATEGORY [19/108]: 'Pizza Cutters'
URL: https://www.amazon.in/s?k=Pizza+Cutters
>>>>>>>>>>>>>>>>>>>>>>>>>>>>>>>>>>>>>>>>

2026-09-16 11:05:51,618 - INFO - Target Category: 'Pizza Cutters'
2026-09-16 11:05:51,618 - INFO - Target URL: 'https://www.amazon.in/s?k=Pizza+Cutters'
2026-09-16 11:05:52,004 - INFO - Created Amazon browser context generation 1
2026-09-16 11:05:52,004 - INFO - Started Playwright Chromium session (headless=True, timeout=30000ms, downloads=enabled)
2026-09-16 11:05:52,004 - INFO - Discovering products for category 'Pizza Cutters' from https://www.amazon.in/s?k=Pizza+Cutters...
2026-09-16 11:05:52,047 - INFO - Navigating to Amazon search page 1: https://www.amazon.in/s?k=Pizza+Cutters
Opening Amazon...
Attempt: 1/3
Amazon page loaded
2026-09-16 11:05:53,223 - INFO - Found 0 raw product links on page 1
Products discovered: 0
2026-09-16 11:05:53,223 - INFO - Discovered 0 total unique product URLs so far
2026-09-16 11:05:53,226 - INFO - Discovered 0 products for category 'Pizza Cutters'
2026-09-16 11:05:53,227 - INFO - Top businesses requested: 100, found: 0 for 'Pizza Cutters'
2026-09-16 11:05:53,227 - INFO - Starting Phase 2 Deep Enrichment Waterfall for top 0 businesses...
2026-09-16 11:05:53,263 - INFO - Closed Playwright browser session safely

>>>>>>>>>>>>>>>>>>>>>>>>>>>>>>>>>>>>>>>>
BATCH CATEGORY [20/108]: 'Pressers'
URL: https://www.amazon.in/s?k=Pressers
>>>>>>>>>>>>>>>>>>>>>>>>>>>>>>>>>>>>>>>>

2026-09-16 11:05:53,279 - INFO - Target Category: 'Pressers'
2026-09-16 11:05:53,279 - INFO - Target URL: 'https://www.amazon.in/s?k=Pressers'
2026-09-16 11:05:53,670 - INFO - Created Amazon browser context generation 1
2026-09-16 11:05:53,670 - INFO - Started Playwright Chromium session (headless=True, timeout=30000ms, downloads=enabled)
2026-09-16 11:05:53,670 - INFO - Discovering products for category 'Pressers' from https://www.amazon.in/s?k=Pressers...
2026-09-16 11:05:53,717 - INFO - Navigating to Amazon search page 1: https://www.amazon.in/s?k=Pressers
Opening Amazon...
Attempt: 1/3
Amazon page loaded
2026-09-16 11:05:54,882 - INFO - Found 0 raw product links on page 1
Products discovered: 0
2026-09-16 11:05:54,882 - INFO - Discovered 0 total unique product URLs so far
2026-09-16 11:05:54,886 - INFO - Discovered 0 products for category 'Pressers'
2026-09-16 11:05:54,886 - INFO - Top businesses requested: 100, found: 0 for 'Pressers'
2026-09-16 11:05:54,886 - INFO - Starting Phase 2 Deep Enrichment Waterfall for top 0 businesses...
2026-09-16 11:05:54,918 - INFO - Closed Playwright browser session safely

>>>>>>>>>>>>>>>>>>>>>>>>>>>>>>>>>>>>>>>>
BATCH CATEGORY [21/108]: 'Skimmers'
URL: https://www.amazon.in/s?k=Skimmers
>>>>>>>>>>>>>>>>>>>>>>>>>>>>>>>>>>>>>>>>

2026-09-16 11:05:54,934 - INFO - Target Category: 'Skimmers'
2026-09-16 11:05:54,934 - INFO - Target URL: 'https://www.amazon.in/s?k=Skimmers'
2026-09-16 11:05:55,323 - INFO - Created Amazon browser context generation 1
2026-09-16 11:05:55,323 - INFO - Started Playwright Chromium session (headless=True, timeout=30000ms, downloads=enabled)
2026-09-16 11:05:55,323 - INFO - Discovering products for category 'Skimmers' from https://www.amazon.in/s?k=Skimmers...
2026-09-16 11:05:55,367 - INFO - Navigating to Amazon search page 1: https://www.amazon.in/s?k=Skimmers
Opening Amazon...
Attempt: 1/3
Amazon page loaded
2026-09-16 11:05:56,532 - INFO - Found 0 raw product links on page 1
Products discovered: 0
2026-09-16 11:05:56,532 - INFO - Discovered 0 total unique product URLs so far
2026-09-16 11:05:56,535 - INFO - Discovered 0 products for category 'Skimmers'
2026-09-16 11:05:56,535 - INFO - Top businesses requested: 100, found: 0 for 'Skimmers'
2026-09-16 11:05:56,535 - INFO - Starting Phase 2 Deep Enrichment Waterfall for top 0 businesses...
2026-09-16 11:05:56,574 - INFO - Closed Playwright browser session safely

>>>>>>>>>>>>>>>>>>>>>>>>>>>>>>>>>>>>>>>>
BATCH CATEGORY [22/108]: 'Spatulas'
URL: https://www.amazon.in/s?k=Spatulas
>>>>>>>>>>>>>>>>>>>>>>>>>>>>>>>>>>>>>>>>

2026-09-16 11:05:56,591 - INFO - Target Category: 'Spatulas'
2026-09-16 11:05:56,591 - INFO - Target URL: 'https://www.amazon.in/s?k=Spatulas'
2026-09-16 11:05:56,977 - INFO - Created Amazon browser context generation 1
2026-09-16 11:05:56,977 - INFO - Started Playwright Chromium session (headless=True, timeout=30000ms, downloads=enabled)
2026-09-16 11:05:56,977 - INFO - Discovering products for category 'Spatulas' from https://www.amazon.in/s?k=Spatulas...
2026-09-16 11:05:57,024 - INFO - Navigating to Amazon search page 1: https://www.amazon.in/s?k=Spatulas
Opening Amazon...
Attempt: 1/3
Amazon page loaded
2026-09-16 11:05:58,167 - INFO - Found 0 raw product links on page 1
Products discovered: 0
2026-09-16 11:05:58,167 - INFO - Discovered 0 total unique product URLs so far
2026-09-16 11:05:58,170 - INFO - Discovered 0 products for category 'Spatulas'
2026-09-16 11:05:58,170 - INFO - Top businesses requested: 100, found: 0 for 'Spatulas'
2026-09-16 11:05:58,170 - INFO - Starting Phase 2 Deep Enrichment Waterfall for top 0 businesses...
2026-09-16 11:05:58,201 - INFO - Closed Playwright browser session safely

>>>>>>>>>>>>>>>>>>>>>>>>>>>>>>>>>>>>>>>>
BATCH CATEGORY [23/108]: 'Spice Mills'
URL: https://www.amazon.in/s?k=Spice+Mills
>>>>>>>>>>>>>>>>>>>>>>>>>>>>>>>>>>>>>>>>

2026-09-16 11:05:58,216 - INFO - Target Category: 'Spice Mills'
2026-09-16 11:05:58,216 - INFO - Target URL: 'https://www.amazon.in/s?k=Spice+Mills'
2026-09-16 11:05:58,608 - INFO - Created Amazon browser context generation 1
2026-09-16 11:05:58,608 - INFO - Started Playwright Chromium session (headless=True, timeout=30000ms, downloads=enabled)
2026-09-16 11:05:58,608 - INFO - Discovering products for category 'Spice Mills' from https://www.amazon.in/s?k=Spice+Mills...
2026-09-16 11:05:58,657 - INFO - Navigating to Amazon search page 1: https://www.amazon.in/s?k=Spice+Mills
Opening Amazon...
Attempt: 1/3
Amazon page loaded
2026-09-16 11:05:59,824 - INFO - Found 0 raw product links on page 1
Products discovered: 0
2026-09-16 11:05:59,824 - INFO - Discovered 0 total unique product URLs so far
2026-09-16 11:05:59,828 - INFO - Discovered 0 products for category 'Spice Mills'
2026-09-16 11:05:59,828 - INFO - Top businesses requested: 100, found: 0 for 'Spice Mills'
2026-09-16 11:05:59,828 - INFO - Starting Phase 2 Deep Enrichment Waterfall for top 0 businesses...
2026-09-16 11:05:59,863 - INFO - Closed Playwright browser session safely

>>>>>>>>>>>>>>>>>>>>>>>>>>>>>>>>>>>>>>>>
BATCH CATEGORY [24/108]: 'Strainers & Sieves'
URL: https://www.amazon.in/s?k=Strainers+%26+Sieves
>>>>>>>>>>>>>>>>>>>>>>>>>>>>>>>>>>>>>>>>

2026-09-16 11:05:59,879 - INFO - Target Category: 'Strainers & Sieves'
2026-09-16 11:05:59,879 - INFO - Target URL: 'https://www.amazon.in/s?k=Strainers+%26+Sieves'
2026-09-16 11:06:00,272 - INFO - Created Amazon browser context generation 1
2026-09-16 11:06:00,272 - INFO - Started Playwright Chromium session (headless=True, timeout=30000ms, downloads=enabled)
2026-09-16 11:06:00,272 - INFO - Discovering products for category 'Strainers & Sieves' from https://www.amazon.in/s?k=Strainers+%26+Sieves...
2026-09-16 11:06:00,313 - INFO - Navigating to Amazon search page 1: https://www.amazon.in/s?k=Strainers+%26+Sieves
Opening Amazon...
Attempt: 1/3
Amazon page loaded
2026-09-16 11:06:01,468 - INFO - Found 0 raw product links on page 1
Products discovered: 0
2026-09-16 11:06:01,468 - INFO - Discovered 0 total unique product URLs so far
2026-09-16 11:06:01,472 - INFO - Discovered 0 products for category 'Strainers & Sieves'
2026-09-16 11:06:01,472 - INFO - Top businesses requested: 100, found: 0 for 'Strainers & Sieves'
2026-09-16 11:06:01,472 - INFO - Starting Phase 2 Deep Enrichment Waterfall for top 0 businesses...
2026-09-16 11:06:01,511 - INFO - Closed Playwright browser session safely

>>>>>>>>>>>>>>>>>>>>>>>>>>>>>>>>>>>>>>>>
BATCH CATEGORY [25/108]: 'Trivets'
URL: https://www.amazon.in/s?k=Trivets
>>>>>>>>>>>>>>>>>>>>>>>>>>>>>>>>>>>>>>>>

2026-09-16 11:06:01,532 - INFO - Target Category: 'Trivets'
2026-09-16 11:06:01,532 - INFO - Target URL: 'https://www.amazon.in/s?k=Trivets'
2026-09-16 11:06:01,928 - INFO - Created Amazon browser context generation 1
2026-09-16 11:06:01,928 - INFO - Started Playwright Chromium session (headless=True, timeout=30000ms, downloads=enabled)
2026-09-16 11:06:01,928 - INFO - Discovering products for category 'Trivets' from https://www.amazon.in/s?k=Trivets...
2026-09-16 11:06:01,967 - INFO - Navigating to Amazon search page 1: https://www.amazon.in/s?k=Trivets
Opening Amazon...
Attempt: 1/3
Amazon page loaded
2026-09-16 11:06:03,108 - INFO - Found 0 raw product links on page 1
Products discovered: 0
2026-09-16 11:06:03,109 - INFO - Discovered 0 total unique product URLs so far
2026-09-16 11:06:03,113 - INFO - Discovered 0 products for category 'Trivets'
2026-09-16 11:06:03,113 - INFO - Top businesses requested: 100, found: 0 for 'Trivets'
2026-09-16 11:06:03,113 - INFO - Starting Phase 2 Deep Enrichment Waterfall for top 0 businesses...
2026-09-16 11:06:03,151 - INFO - Closed Playwright browser session safely

>>>>>>>>>>>>>>>>>>>>>>>>>>>>>>>>>>>>>>>>
BATCH CATEGORY [26/108]: 'Whisks'
URL: https://www.amazon.in/s?k=Whisks
>>>>>>>>>>>>>>>>>>>>>>>>>>>>>>>>>>>>>>>>

2026-09-16 11:06:03,167 - INFO - Target Category: 'Whisks'
2026-09-16 11:06:03,167 - INFO - Target URL: 'https://www.amazon.in/s?k=Whisks'
2026-09-16 11:06:03,559 - INFO - Created Amazon browser context generation 1
2026-09-16 11:06:03,559 - INFO - Started Playwright Chromium session (headless=True, timeout=30000ms, downloads=enabled)
2026-09-16 11:06:03,559 - INFO - Discovering products for category 'Whisks' from https://www.amazon.in/s?k=Whisks...
2026-09-16 11:06:03,602 - INFO - Navigating to Amazon search page 1: https://www.amazon.in/s?k=Whisks
Opening Amazon...
Attempt: 1/3
Amazon page loaded
2026-09-16 11:06:04,762 - INFO - Found 0 raw product links on page 1
Products discovered: 0
2026-09-16 11:06:04,763 - INFO - Discovered 0 total unique product URLs so far
2026-09-16 11:06:04,767 - INFO - Discovered 0 products for category 'Whisks'
2026-09-16 11:06:04,767 - INFO - Top businesses requested: 100, found: 0 for 'Whisks'
2026-09-16 11:06:04,767 - INFO - Starting Phase 2 Deep Enrichment Waterfall for top 0 businesses...
2026-09-16 11:06:04,801 - INFO - Closed Playwright browser session safely

>>>>>>>>>>>>>>>>>>>>>>>>>>>>>>>>>>>>>>>>
BATCH CATEGORY [27/108]: 'Choppers & Slicers'
URL: https://www.amazon.in/s?k=Choppers+%26+Slicers
>>>>>>>>>>>>>>>>>>>>>>>>>>>>>>>>>>>>>>>>

2026-09-16 11:06:04,818 - INFO - Target Category: 'Choppers & Slicers'
2026-09-16 11:06:04,818 - INFO - Target URL: 'https://www.amazon.in/s?k=Choppers+%26+Slicers'
2026-09-16 11:06:05,208 - INFO - Created Amazon browser context generation 1
2026-09-16 11:06:05,209 - INFO - Started Playwright Chromium session (headless=True, timeout=30000ms, downloads=enabled)
2026-09-16 11:06:05,209 - INFO - Discovering products for category 'Choppers & Slicers' from https://www.amazon.in/s?k=Choppers+%26+Slicers...
2026-09-16 11:06:05,254 - INFO - Navigating to Amazon search page 1: https://www.amazon.in/s?k=Choppers+%26+Slicers
Opening Amazon...
Attempt: 1/3
Amazon page loaded
2026-09-16 11:06:06,432 - INFO - Found 0 raw product links on page 1
Products discovered: 0
2026-09-16 11:06:06,432 - INFO - Discovered 0 total unique product URLs so far
2026-09-16 11:06:06,435 - INFO - Discovered 0 products for category 'Choppers & Slicers'
2026-09-16 11:06:06,436 - INFO - Top businesses requested: 100, found: 0 for 'Choppers & Slicers'
2026-09-16 11:06:06,436 - INFO - Starting Phase 2 Deep Enrichment Waterfall for top 0 businesses...
2026-09-16 11:06:06,469 - INFO - Closed Playwright browser session safely

>>>>>>>>>>>>>>>>>>>>>>>>>>>>>>>>>>>>>>>>
BATCH CATEGORY [28/108]: 'Peelers'
URL: https://www.amazon.in/s?k=Peelers
>>>>>>>>>>>>>>>>>>>>>>>>>>>>>>>>>>>>>>>>

2026-09-16 11:06:06,485 - INFO - Target Category: 'Peelers'
2026-09-16 11:06:06,485 - INFO - Target URL: 'https://www.amazon.in/s?k=Peelers'
2026-09-16 11:06:06,876 - INFO - Created Amazon browser context generation 1
2026-09-16 11:06:06,876 - INFO - Started Playwright Chromium session (headless=True, timeout=30000ms, downloads=enabled)
2026-09-16 11:06:06,876 - INFO - Discovering products for category 'Peelers' from https://www.amazon.in/s?k=Peelers...
2026-09-16 11:06:06,927 - INFO - Navigating to Amazon search page 1: https://www.amazon.in/s?k=Peelers
Opening Amazon...
Attempt: 1/3
Amazon page loaded
2026-09-16 11:06:08,097 - INFO - Found 0 raw product links on page 1
Products discovered: 0
2026-09-16 11:06:08,097 - INFO - Discovered 0 total unique product URLs so far
2026-09-16 11:06:08,101 - INFO - Discovered 0 products for category 'Peelers'
2026-09-16 11:06:08,101 - INFO - Top businesses requested: 100, found: 0 for 'Peelers'
2026-09-16 11:06:08,101 - INFO - Starting Phase 2 Deep Enrichment Waterfall for top 0 businesses...
2026-09-16 11:06:08,136 - INFO - Closed Playwright browser session safely

>>>>>>>>>>>>>>>>>>>>>>>>>>>>>>>>>>>>>>>>
BATCH CATEGORY [29/108]: 'Cutting Boards'
URL: https://www.amazon.in/s?k=Cutting+Boards
>>>>>>>>>>>>>>>>>>>>>>>>>>>>>>>>>>>>>>>>

2026-09-16 11:06:08,152 - INFO - Target Category: 'Cutting Boards'
2026-09-16 11:06:08,152 - INFO - Target URL: 'https://www.amazon.in/s?k=Cutting+Boards'
2026-09-16 11:06:08,537 - INFO - Created Amazon browser context generation 1
2026-09-16 11:06:08,537 - INFO - Started Playwright Chromium session (headless=True, timeout=30000ms, downloads=enabled)
2026-09-16 11:06:08,538 - INFO - Discovering products for category 'Cutting Boards' from https://www.amazon.in/s?k=Cutting+Boards...
2026-09-16 11:06:08,583 - INFO - Navigating to Amazon search page 1: https://www.amazon.in/s?k=Cutting+Boards
Opening Amazon...
Attempt: 1/3
2026-09-16 11:06:08,722 - WARNING - Direct navigation triggered download trap for 'Cutting Boards'. Trying UI search fallback...
Amazon navigation error (attempt 1/3): Page.goto: Navigation to "https://www.amazon.in/" is interrupted by another navigation to "chrome-error://chromewebdata/"
Call log:
  - navigating to "https://www.amazon.in/", waiting until "domcontentloaded"

2026-09-16 11:06:08,843 - WARNING - Error opening Amazon search page (attempt 1): https://www.amazon.in/s?k=Cutting+Boards: Page.goto: Navigation to "https://www.amazon.in/" is interrupted by another navigation to "chrome-error://chromewebdata/"
Call log:
  - navigating to "https://www.amazon.in/", waiting until "domcontentloaded"

Retrying in 2s...
Opening Amazon...
Attempt: 2/3
2026-09-16 11:06:11,001 - WARNING - Direct navigation triggered download trap for 'Cutting Boards'. Trying UI search fallback...
Amazon navigation error (attempt 2/3): Page.goto: Navigation to "https://www.amazon.in/" is interrupted by another navigation to "chrome-error://chromewebdata/"
Call log:
  - navigating to "https://www.amazon.in/", waiting until "domcontentloaded"

2026-09-16 11:06:11,116 - WARNING - Error opening Amazon search page (attempt 2): https://www.amazon.in/s?k=Cutting+Boards: Page.goto: Navigation to "https://www.amazon.in/" is interrupted by another navigation to "chrome-error://chromewebdata/"
Call log:
  - navigating to "https://www.amazon.in/", waiting until "domcontentloaded"

Retrying in 5s...
Opening Amazon...
Attempt: 3/3
Amazon page loaded
2026-09-16 11:06:18,855 - INFO - Found 270 raw product links on page 1
Products discovered: 20
2026-09-16 11:06:19,194 - INFO - Discovered 20 total unique product URLs so far
2026-09-16 11:06:19,194 - INFO - Discovered 20 products for category 'Cutting Boards'
2026-09-16 11:06:19,194 - INFO - [1/20] Processing product ASIN: B0H5QZDG4M
2026-09-16 11:06:19,223 - INFO - Opening Amazon product page for multi-seller extraction: https://www.amazon.in/dp/B0H5QZDG4M
2026-09-16 11:06:19,351 - WARNING - Amazon product page blocked (Robot Check / CAPTCHA) on attempt 1/3: https://www.amazon.in/dp/B0H5QZDG4M
2026-09-16 11:06:21,474 - WARNING - Amazon product page blocked (Robot Check / CAPTCHA) on attempt 2/3: https://www.amazon.in/dp/B0H5QZDG4M
2026-09-16 11:06:25,601 - WARNING - Amazon product page blocked (Robot Check / CAPTCHA) on attempt 3/3: https://www.amazon.in/dp/B0H5QZDG4M
2026-09-16 11:06:25,653 - INFO - Visible seller fallback found no seller for B0H5QZDG4M
2026-09-16 11:06:25,655 - INFO - [2/20] Processing product ASIN: B092SGDZ1G
2026-09-16 11:06:25,684 - INFO - Opening Amazon product page for multi-seller extraction: https://www.amazon.in/dp/B092SGDZ1G
2026-09-16 11:06:25,812 - WARNING - Amazon product page blocked (Robot Check / CAPTCHA) on attempt 1/3: https://www.amazon.in/dp/B092SGDZ1G
2026-09-16 11:06:27,941 - WARNING - Amazon product page blocked (Robot Check / CAPTCHA) on attempt 2/3: https://www.amazon.in/dp/B092SGDZ1G
2026-09-16 11:06:32,066 - WARNING - Amazon product page blocked (Robot Check / CAPTCHA) on attempt 3/3: https://www.amazon.in/dp/B092SGDZ1G
2026-09-16 11:06:32,118 - INFO - Visible seller fallback found no seller for B092SGDZ1G
2026-09-16 11:06:32,120 - INFO - [3/20] Processing product ASIN: B0CQK47SS6
2026-09-16 11:06:32,149 - INFO - Opening Amazon product page for multi-seller extraction: https://www.amazon.in/dp/B0CQK47SS6
2026-09-16 11:06:32,282 - WARNING - Amazon product page blocked (Robot Check / CAPTCHA) on attempt 1/3: https://www.amazon.in/dp/B0CQK47SS6
2026-09-16 11:06:34,408 - WARNING - Amazon product page blocked (Robot Check / CAPTCHA) on attempt 2/3: https://www.amazon.in/dp/B0CQK47SS6
2026-09-16 11:06:38,532 - WARNING - Amazon product page blocked (Robot Check / CAPTCHA) on attempt 3/3: https://www.amazon.in/dp/B0CQK47SS6
2026-09-16 11:06:38,584 - INFO - Visible seller fallback found no seller for B0CQK47SS6
2026-09-16 11:06:38,586 - INFO - [4/20] Processing product ASIN: B0D3B4P74Y
2026-09-16 11:06:38,615 - INFO - Opening Amazon product page for multi-seller extraction: https://www.amazon.in/dp/B0D3B4P74Y
2026-09-16 11:06:38,743 - WARNING - Amazon product page blocked (Robot Check / CAPTCHA) on attempt 1/3: https://www.amazon.in/dp/B0D3B4P74Y
2026-09-16 11:06:40,867 - WARNING - Amazon product page blocked (Robot Check / CAPTCHA) on attempt 2/3: https://www.amazon.in/dp/B0D3B4P74Y
2026-09-16 11:06:44,992 - WARNING - Amazon product page blocked (Robot Check / CAPTCHA) on attempt 3/3: https://www.amazon.in/dp/B0D3B4P74Y
2026-09-16 11:06:45,051 - INFO - Visible seller fallback found no seller for B0D3B4P74Y
2026-09-16 11:06:45,054 - INFO - [5/20] Processing product ASIN: B0HGS96TJ5
2026-09-16 11:06:45,083 - INFO - Opening Amazon product page for multi-seller extraction: https://www.amazon.in/dp/B0HGS96TJ5
2026-09-16 11:06:45,214 - WARNING - Amazon product page blocked (Robot Check / CAPTCHA) on attempt 1/3: https://www.amazon.in/dp/B0HGS96TJ5
2026-09-16 11:06:47,343 - WARNING - Amazon product page blocked (Robot Check / CAPTCHA) on attempt 2/3: https://www.amazon.in/dp/B0HGS96TJ5
2026-09-16 11:06:51,473 - WARNING - Amazon product page blocked (Robot Check / CAPTCHA) on attempt 3/3: https://www.amazon.in/dp/B0HGS96TJ5
2026-09-16 11:06:51,524 - INFO - Visible seller fallback found no seller for B0HGS96TJ5
2026-09-16 11:06:51,526 - INFO - [6/20] Processing product ASIN: B0CG6G6HCB
2026-09-16 11:06:51,558 - INFO - Opening Amazon product page for multi-seller extraction: https://www.amazon.in/dp/B0CG6G6HCB
2026-09-16 11:06:51,687 - WARNING - Amazon product page blocked (Robot Check / CAPTCHA) on attempt 1/3: https://www.amazon.in/dp/B0CG6G6HCB
2026-09-16 11:06:53,813 - WARNING - Amazon product page blocked (Robot Check / CAPTCHA) on attempt 2/3: https://www.amazon.in/dp/B0CG6G6HCB
2026-09-16 11:06:57,940 - WARNING - Amazon product page blocked (Robot Check / CAPTCHA) on attempt 3/3: https://www.amazon.in/dp/B0CG6G6HCB
2026-09-16 11:06:57,992 - INFO - Visible seller fallback found no seller for B0CG6G6HCB
2026-09-16 11:06:57,994 - INFO - [7/20] Processing product ASIN: B0CQK54JZ5
2026-09-16 11:06:58,024 - INFO - Opening Amazon product page for multi-seller extraction: https://www.amazon.in/dp/B0CQK54JZ5
2026-09-16 11:06:58,153 - WARNING - Amazon product page blocked (Robot Check / CAPTCHA) on attempt 1/3: https://www.amazon.in/dp/B0CQK54JZ5
2026-09-16 11:07:00,279 - WARNING - Amazon product page blocked (Robot Check / CAPTCHA) on attempt 2/3: https://www.amazon.in/dp/B0CQK54JZ5
2026-09-16 11:07:04,408 - WARNING - Amazon product page blocked (Robot Check / CAPTCHA) on attempt 3/3: https://www.amazon.in/dp/B0CQK54JZ5
2026-09-16 11:07:04,460 - INFO - Visible seller fallback found no seller for B0CQK54JZ5
2026-09-16 11:07:04,462 - INFO - [8/20] Processing product ASIN: B0CQK1KLZS
2026-09-16 11:07:04,489 - INFO - Opening Amazon product page for multi-seller extraction: https://www.amazon.in/dp/B0CQK1KLZS
2026-09-16 11:07:04,624 - WARNING - Amazon product page blocked (Robot Check / CAPTCHA) on attempt 1/3: https://www.amazon.in/dp/B0CQK1KLZS
2026-09-16 11:07:06,757 - WARNING - Amazon product page blocked (Robot Check / CAPTCHA) on attempt 2/3: https://www.amazon.in/dp/B0CQK1KLZS
2026-09-16 11:07:10,884 - WARNING - Amazon product page blocked (Robot Check / CAPTCHA) on attempt 3/3: https://www.amazon.in/dp/B0CQK1KLZS
2026-09-16 11:07:10,936 - INFO - Visible seller fallback found no seller for B0CQK1KLZS
2026-09-16 11:07:10,938 - INFO - [9/20] Processing product ASIN: B0CQK36VL1
2026-09-16 11:07:10,967 - INFO - Opening Amazon product page for multi-seller extraction: https://www.amazon.in/dp/B0CQK36VL1
2026-09-16 11:07:11,099 - WARNING - Amazon product page blocked (Robot Check / CAPTCHA) on attempt 1/3: https://www.amazon.in/dp/B0CQK36VL1
2026-09-16 11:07:13,227 - WARNING - Amazon product page blocked (Robot Check / CAPTCHA) on attempt 2/3: https://www.amazon.in/dp/B0CQK36VL1
2026-09-16 11:07:17,352 - WARNING - Amazon product page blocked (Robot Check / CAPTCHA) on attempt 3/3: https://www.amazon.in/dp/B0CQK36VL1
2026-09-16 11:07:17,402 - INFO - Visible seller fallback found no seller for B0CQK36VL1
2026-09-16 11:07:17,404 - INFO - [10/20] Processing product ASIN: B0BC5KV19D
2026-09-16 11:07:17,436 - INFO - Opening Amazon product page for multi-seller extraction: https://www.amazon.in/dp/B0BC5KV19D
2026-09-16 11:07:17,565 - WARNING - Amazon product page blocked (Robot Check / CAPTCHA) on attempt 1/3: https://www.amazon.in/dp/B0BC5KV19D
2026-09-16 11:07:21,051 - INFO - PRODUCT: E-COSMOS® Plastic Cutting/Chopping Board for Kitchen, Heavy-Duty & Durable Kitchen Board for Vegetable and Meat Chopping, Anti-Slip Grip, Easy to Clean (Turquoise) (34L X 22W)
2026-09-16 11:07:21,051 - INFO - ASIN: B0BC5KV19D

PRODUCT: E-COSMOS® Plastic Cutting/Chopping Board for Kitchen, Heavy-Duty & Durable Kitchen Board for Vegetable and Meat Chopping, Anti-Slip Grip, Easy to Clean (Turquoise) (34L X 22W)
ASIN: B0BC5KV19D
2026-09-16 11:07:21,072 - INFO - BUY BOX SELLER: E-COSMOS® LIFESTYLE LLP ⭐⭐⭐⭐⭐
BUY BOX SELLER: E-COSMOS® LIFESTYLE LLP ⭐⭐⭐⭐⭐
2026-09-16 11:07:21,072 - INFO - AOD: Opening All Offers...
AOD: Opening All Offers...
2026-09-16 11:07:21,115 - INFO - AOD: Initial offers found: 0
AOD: Initial offers found: 0
2026-09-16 11:07:21,148 - INFO - Clicking offer load-more control: a:has-text('See more')
2026-09-16 11:07:22,700 - INFO - AOD: No new sellers found (attempt 1/3)
AOD: No new sellers found (attempt 1/3)
2026-09-16 11:07:22,726 - INFO - Clicking offer load-more control: a:has-text('See more')
2026-09-16 11:07:24,257 - INFO - AOD: No new sellers found (attempt 2/3)
AOD: No new sellers found (attempt 2/3)
2026-09-16 11:07:24,283 - INFO - Clicking offer load-more control: a:has-text('See more')
2026-09-16 11:07:25,806 - INFO - AOD: No new sellers found (attempt 3/3)
AOD: No new sellers found (attempt 3/3)
2026-09-16 11:07:25,860 - INFO - Clicking offer load-more control: a:has-text('See more')
2026-09-16 11:07:27,409 - INFO - Clicking offer load-more control: a:has-text('See more')
2026-09-16 11:07:28,939 - INFO - AOD: No new sellers found (attempt 1/3)
AOD: No new sellers found (attempt 1/3)
2026-09-16 11:07:28,963 - INFO - Clicking offer load-more control: a:has-text('See more')
2026-09-16 11:07:30,486 - INFO - AOD: No new sellers found (attempt 2/3)
AOD: No new sellers found (attempt 2/3)
2026-09-16 11:07:30,510 - INFO - Clicking offer load-more control: a:has-text('See more')
2026-09-16 11:07:32,038 - INFO - AOD: No new sellers found (attempt 3/3)
AOD: No new sellers found (attempt 3/3)
2026-09-16 11:07:32,053 - INFO - Clicking offer load-more control: a:has-text('See more')
2026-09-16 11:07:33,607 - INFO - Clicking offer load-more control: a:has-text('See more')
2026-09-16 11:07:35,140 - INFO - AOD: No new sellers found (attempt 1/3)
AOD: No new sellers found (attempt 1/3)
2026-09-16 11:07:35,164 - INFO - Clicking offer load-more control: a:has-text('See more')
2026-09-16 11:07:36,689 - INFO - AOD: No new sellers found (attempt 2/3)
AOD: No new sellers found (attempt 2/3)
2026-09-16 11:07:36,714 - INFO - Clicking offer load-more control: a:has-text('See more')
2026-09-16 11:07:38,237 - INFO - AOD: No new sellers found (attempt 3/3)
AOD: No new sellers found (attempt 3/3)
2026-09-16 11:07:38,253 - INFO - Clicking offer load-more control: a:has-text('See more')
2026-09-16 11:07:39,812 - INFO - Clicking offer load-more control: a:has-text('See more')
2026-09-16 11:07:41,339 - INFO - AOD: No new sellers found (attempt 1/3)
AOD: No new sellers found (attempt 1/3)
2026-09-16 11:07:41,364 - INFO - Clicking offer load-more control: a:has-text('See more')
2026-09-16 11:07:42,907 - INFO - AOD: No new sellers found (attempt 2/3)
AOD: No new sellers found (attempt 2/3)
2026-09-16 11:07:42,933 - INFO - Clicking offer load-more control: a:has-text('See more')
2026-09-16 11:07:44,456 - INFO - AOD: No new sellers found (attempt 3/3)
AOD: No new sellers found (attempt 3/3)
2026-09-16 11:07:44,471 - INFO - Clicking offer load-more control: a:has-text('See more')
2026-09-16 11:07:46,025 - INFO - Clicking offer load-more control: a:has-text('See more')
2026-09-16 11:07:47,555 - INFO - AOD: No new sellers found (attempt 1/3)
AOD: No new sellers found (attempt 1/3)
2026-09-16 11:07:47,582 - INFO - Clicking offer load-more control: a:has-text('See more')
2026-09-16 11:07:49,107 - INFO - AOD: No new sellers found (attempt 2/3)
AOD: No new sellers found (attempt 2/3)
2026-09-16 11:07:49,134 - INFO - Clicking offer load-more control: a:has-text('See more')
2026-09-16 11:07:50,654 - INFO - AOD: No new sellers found (attempt 3/3)
AOD: No new sellers found (attempt 3/3)
2026-09-16 11:07:50,669 - INFO - Clicking offer load-more control: a:has-text('See more')
2026-09-16 11:07:52,224 - INFO - Clicking offer load-more control: a:has-text('See more')
2026-09-16 11:07:53,754 - INFO - AOD: No new sellers found (attempt 1/3)
AOD: No new sellers found (attempt 1/3)
2026-09-16 11:07:53,779 - INFO - Clicking offer load-more control: a:has-text('See more')
2026-09-16 11:07:55,304 - INFO - AOD: No new sellers found (attempt 2/3)
AOD: No new sellers found (attempt 2/3)
2026-09-16 11:07:55,329 - INFO - Clicking offer load-more control: a:has-text('See more')
2026-09-16 11:07:56,853 - INFO - AOD: No new sellers found (attempt 3/3)
AOD: No new sellers found (attempt 3/3)
2026-09-16 11:07:56,867 - INFO - Clicking offer load-more control: a:has-text('See more')
2026-09-16 11:07:58,406 - INFO - Clicking offer load-more control: a:has-text('See more')
2026-09-16 11:07:59,955 - INFO - AOD: No new sellers found (attempt 1/3)
AOD: No new sellers found (attempt 1/3)
2026-09-16 11:07:59,980 - INFO - Clicking offer load-more control: a:has-text('See more')
2026-09-16 11:08:01,505 - INFO - AOD: No new sellers found (attempt 2/3)
AOD: No new sellers found (attempt 2/3)
2026-09-16 11:08:01,532 - INFO - Clicking offer load-more control: a:has-text('See more')
2026-09-16 11:08:03,056 - INFO - AOD: No new sellers found (attempt 3/3)
AOD: No new sellers found (attempt 3/3)
2026-09-16 11:08:03,071 - INFO - Clicking offer load-more control: a:has-text('See more')
2026-09-16 11:08:04,623 - INFO - Clicking offer load-more control: a:has-text('See more')
2026-09-16 11:08:06,154 - INFO - AOD: No new sellers found (attempt 1/3)
AOD: No new sellers found (attempt 1/3)
2026-09-16 11:08:06,178 - INFO - Clicking offer load-more control: a:has-text('See more')
2026-09-16 11:08:07,704 - INFO - AOD: No new sellers found (attempt 2/3)
AOD: No new sellers found (attempt 2/3)
2026-09-16 11:08:07,733 - INFO - Clicking offer load-more control: a:has-text('See more')
2026-09-16 11:08:09,255 - INFO - AOD: No new sellers found (attempt 3/3)
AOD: No new sellers found (attempt 3/3)
2026-09-16 11:08:09,269 - INFO - Clicking offer load-more control: a:has-text('See more')
2026-09-16 11:08:10,825 - INFO - Clicking offer load-more control: a:has-text('See more')
2026-09-16 11:08:12,355 - INFO - AOD: No new sellers found (attempt 1/3)
AOD: No new sellers found (attempt 1/3)
2026-09-16 11:08:12,379 - INFO - Clicking offer load-more control: a:has-text('See more')
2026-09-16 11:08:13,906 - INFO - AOD: No new sellers found (attempt 2/3)
AOD: No new sellers found (attempt 2/3)
2026-09-16 11:08:13,929 - INFO - Clicking offer load-more control: a:has-text('See more')
2026-09-16 11:08:15,472 - INFO - AOD: No new sellers found (attempt 3/3)
AOD: No new sellers found (attempt 3/3)
2026-09-16 11:08:15,487 - INFO - Clicking offer load-more control: a:has-text('See more')
2026-09-16 11:08:17,042 - INFO - Clicking offer load-more control: a:has-text('See more')
2026-09-16 11:08:18,570 - INFO - AOD: No new sellers found (attempt 1/3)
AOD: No new sellers found (attempt 1/3)
2026-09-16 11:08:18,594 - INFO - Clicking offer load-more control: a:has-text('See more')
2026-09-16 11:08:20,120 - INFO - AOD: No new sellers found (attempt 2/3)
AOD: No new sellers found (attempt 2/3)
2026-09-16 11:08:20,147 - INFO - Clicking offer load-more control: a:has-text('See more')
2026-09-16 11:08:21,670 - INFO - AOD: No new sellers found (attempt 3/3)
AOD: No new sellers found (attempt 3/3)
2026-09-16 11:08:21,684 - INFO - Clicking offer load-more control: a:has-text('See more')
2026-09-16 11:08:23,239 - INFO - Clicking offer load-more control: a:has-text('See more')
2026-09-16 11:08:24,770 - INFO - AOD: No new sellers found (attempt 1/3)
AOD: No new sellers found (attempt 1/3)
2026-09-16 11:08:24,795 - INFO - Clicking offer load-more control: a:has-text('See more')
2026-09-16 11:08:26,320 - INFO - AOD: No new sellers found (attempt 2/3)
AOD: No new sellers found (attempt 2/3)
2026-09-16 11:08:26,346 - INFO - Clicking offer load-more control: a:has-text('See more')
2026-09-16 11:08:27,872 - INFO - AOD: No new sellers found (attempt 3/3)
AOD: No new sellers found (attempt 3/3)
2026-09-16 11:08:27,887 - INFO - Clicking offer load-more control: a:has-text('See more')
2026-09-16 11:08:29,440 - INFO - Clicking offer load-more control: a:has-text('See more')
2026-09-16 11:08:30,971 - INFO - AOD: No new sellers found (attempt 1/3)
AOD: No new sellers found (attempt 1/3)
2026-09-16 11:08:31,004 - INFO - Clicking offer load-more control: a:has-text('See more')
2026-09-16 11:08:32,538 - INFO - AOD: No new sellers found (attempt 2/3)
AOD: No new sellers found (attempt 2/3)
2026-09-16 11:08:32,568 - INFO - Clicking offer load-more control: a:has-text('See more')
2026-09-16 11:08:34,122 - INFO - AOD: No new sellers found (attempt 3/3)
AOD: No new sellers found (attempt 3/3)
2026-09-16 11:08:34,143 - INFO - Clicking offer load-more control: a:has-text('See more')
2026-09-16 11:08:35,699 - INFO - Clicking offer load-more control: a:has-text('See more')
2026-09-16 11:08:37,219 - INFO - AOD: No new sellers found (attempt 1/3)
AOD: No new sellers found (attempt 1/3)
2026-09-16 11:08:37,243 - INFO - Clicking offer load-more control: a:has-text('See more')
2026-09-16 11:08:38,770 - INFO - AOD: No new sellers found (attempt 2/3)
AOD: No new sellers found (attempt 2/3)
2026-09-16 11:08:38,794 - INFO - Clicking offer load-more control: a:has-text('See more')
2026-09-16 11:08:40,318 - INFO - AOD: No new sellers found (attempt 3/3)
AOD: No new sellers found (attempt 3/3)
2026-09-16 11:08:40,333 - INFO - Clicking offer load-more control: a:has-text('See more')
2026-09-16 11:08:41,872 - INFO - Clicking offer load-more control: a:has-text('See more')
2026-09-16 11:08:43,402 - INFO - AOD: No new sellers found (attempt 1/3)
AOD: No new sellers found (attempt 1/3)
2026-09-16 11:08:43,406 - INFO - AOD EXTRACTION COMPLETE | ASIN: B0BC5KV19D | TOTAL UNIQUE SELLERS: 1

AOD EXTRACTION COMPLETE
ASIN: B0BC5KV19D
TOTAL UNIQUE SELLERS: 1

2026-09-16 11:08:43,407 - INFO - Opening Amazon seller profile page: https://www.amazon.in/gp/help/seller/at-a-glance.html/ref=dp_merchant_link?ie=UTF8&seller=A38TB71EO6HCZP&asin=B0BC5KV19D&ref_=dp_merchant_link&isAmazonFulfilled=1
2026-09-16 11:08:47,324 - INFO - [11/20] Processing product ASIN: B0HB5GZGTJ
2026-09-16 11:08:47,362 - INFO - Opening Amazon product page for multi-seller extraction: https://www.amazon.in/dp/B0HB5GZGTJ
2026-09-16 11:08:47,813 - INFO - PRODUCT: Amazon Product B0HB5GZGTJ
2026-09-16 11:08:47,813 - INFO - ASIN: B0HB5GZGTJ

PRODUCT: Amazon Product B0HB5GZGTJ
ASIN: B0HB5GZGTJ
2026-09-16 11:08:47,827 - INFO - BUY BOX SELLER: None
BUY BOX SELLER: None
2026-09-16 11:08:47,827 - INFO - AOD: Opening All Offers...
AOD: Opening All Offers...
2026-09-16 11:08:47,848 - WARNING - WARNING: AOD offer container not found. FALLBACK: Existing seller extraction
2026-09-16 11:08:47,851 - INFO - AOD EXTRACTION COMPLETE | ASIN: B0HB5GZGTJ | TOTAL UNIQUE SELLERS: 0

AOD EXTRACTION COMPLETE
ASIN: B0HB5GZGTJ
TOTAL UNIQUE SELLERS: 0

2026-09-16 11:08:47,889 - INFO - Visible seller fallback found no seller for B0HB5GZGTJ
2026-09-16 11:08:47,901 - INFO - [12/20] Processing product ASIN: B09ZLY37ZC
2026-09-16 11:08:47,937 - INFO - Opening Amazon product page for multi-seller extraction: https://www.amazon.in/dp/B09ZLY37ZC
2026-09-16 11:08:48,407 - INFO - PRODUCT: Amazon Product B09ZLY37ZC
2026-09-16 11:08:48,407 - INFO - ASIN: B09ZLY37ZC

PRODUCT: Amazon Product B09ZLY37ZC
ASIN: B09ZLY37ZC
2026-09-16 11:08:48,419 - INFO - BUY BOX SELLER: None
BUY BOX SELLER: None
2026-09-16 11:08:48,419 - INFO - AOD: Opening All Offers...
AOD: Opening All Offers...
2026-09-16 11:08:48,440 - WARNING - WARNING: AOD offer container not found. FALLBACK: Existing seller extraction
2026-09-16 11:08:48,443 - INFO - AOD EXTRACTION COMPLETE | ASIN: B09ZLY37ZC | TOTAL UNIQUE SELLERS: 0

AOD EXTRACTION COMPLETE
ASIN: B09ZLY37ZC
TOTAL UNIQUE SELLERS: 0

2026-09-16 11:08:48,480 - INFO - Visible seller fallback found no seller for B09ZLY37ZC
2026-09-16 11:08:48,494 - INFO - [13/20] Processing product ASIN: B0FJYLLKTD
2026-09-16 11:08:48,524 - INFO - Opening Amazon product page for multi-seller extraction: https://www.amazon.in/dp/B0FJYLLKTD
2026-09-16 11:08:49,119 - INFO - PRODUCT: Amazon Product B0FJYLLKTD
2026-09-16 11:08:49,119 - INFO - ASIN: B0FJYLLKTD

PRODUCT: Amazon Product B0FJYLLKTD
ASIN: B0FJYLLKTD
2026-09-16 11:08:49,127 - INFO - BUY BOX SELLER: None
BUY BOX SELLER: None
2026-09-16 11:08:49,127 - INFO - AOD: Opening All Offers...
AOD: Opening All Offers...
2026-09-16 11:08:49,149 - WARNING - WARNING: AOD offer container not found. FALLBACK: Existing seller extraction
2026-09-16 11:08:49,152 - INFO - AOD EXTRACTION COMPLETE | ASIN: B0FJYLLKTD | TOTAL UNIQUE SELLERS: 0

AOD EXTRACTION COMPLETE
ASIN: B0FJYLLKTD
TOTAL UNIQUE SELLERS: 0

2026-09-16 11:08:49,190 - INFO - Visible seller fallback found no seller for B0FJYLLKTD
2026-09-16 11:08:49,204 - INFO - [14/20] Processing product ASIN: B08WHLKRRR
2026-09-16 11:08:49,234 - INFO - Opening Amazon product page for multi-seller extraction: https://www.amazon.in/dp/B08WHLKRRR
2026-09-16 11:08:49,878 - INFO - PRODUCT: Amazon Product B08WHLKRRR
2026-09-16 11:08:49,878 - INFO - ASIN: B08WHLKRRR

PRODUCT: Amazon Product B08WHLKRRR
ASIN: B08WHLKRRR
2026-09-16 11:08:49,887 - INFO - BUY BOX SELLER: None
BUY BOX SELLER: None
2026-09-16 11:08:49,887 - INFO - AOD: Opening All Offers...
AOD: Opening All Offers...
2026-09-16 11:08:49,910 - WARNING - WARNING: AOD offer container not found. FALLBACK: Existing seller extraction
2026-09-16 11:08:49,913 - INFO - AOD EXTRACTION COMPLETE | ASIN: B08WHLKRRR | TOTAL UNIQUE SELLERS: 0

AOD EXTRACTION COMPLETE
ASIN: B08WHLKRRR
TOTAL UNIQUE SELLERS: 0

2026-09-16 11:08:49,951 - INFO - Visible seller fallback found no seller for B08WHLKRRR
2026-09-16 11:08:49,965 - INFO - [15/20] Processing product ASIN: B0DNYYVVZP
2026-09-16 11:08:49,999 - INFO - Opening Amazon product page for multi-seller extraction: https://www.amazon.in/dp/B0DNYYVVZP
2026-09-16 11:08:50,647 - INFO - PRODUCT: Amazon Product B0DNYYVVZP
2026-09-16 11:08:50,647 - INFO - ASIN: B0DNYYVVZP

PRODUCT: Amazon Product B0DNYYVVZP
ASIN: B0DNYYVVZP
2026-09-16 11:08:50,656 - INFO - BUY BOX SELLER: None
BUY BOX SELLER: None
2026-09-16 11:08:50,656 - INFO - AOD: Opening All Offers...
AOD: Opening All Offers...
2026-09-16 11:08:50,678 - WARNING - WARNING: AOD offer container not found. FALLBACK: Existing seller extraction
2026-09-16 11:08:50,681 - INFO - AOD EXTRACTION COMPLETE | ASIN: B0DNYYVVZP | TOTAL UNIQUE SELLERS: 0

AOD EXTRACTION COMPLETE
ASIN: B0DNYYVVZP
TOTAL UNIQUE SELLERS: 0

2026-09-16 11:08:50,720 - INFO - Visible seller fallback found no seller for B0DNYYVVZP
2026-09-16 11:08:50,732 - INFO - [16/20] Processing product ASIN: B09SZ63PGW
2026-09-16 11:08:50,765 - INFO - Opening Amazon product page for multi-seller extraction: https://www.amazon.in/dp/B09SZ63PGW
2026-09-16 11:08:51,432 - INFO - PRODUCT: Amazon Product B09SZ63PGW
2026-09-16 11:08:51,432 - INFO - ASIN: B09SZ63PGW

PRODUCT: Amazon Product B09SZ63PGW
ASIN: B09SZ63PGW
2026-09-16 11:08:51,441 - INFO - BUY BOX SELLER: None
BUY BOX SELLER: None
2026-09-16 11:08:51,441 - INFO - AOD: Opening All Offers...
AOD: Opening All Offers...
2026-09-16 11:08:51,462 - WARNING - WARNING: AOD offer container not found. FALLBACK: Existing seller extraction
2026-09-16 11:08:51,466 - INFO - AOD EXTRACTION COMPLETE | ASIN: B09SZ63PGW | TOTAL UNIQUE SELLERS: 0

AOD EXTRACTION COMPLETE
ASIN: B09SZ63PGW
TOTAL UNIQUE SELLERS: 0

2026-09-16 11:08:51,504 - INFO - Visible seller fallback found no seller for B09SZ63PGW
2026-09-16 11:08:51,518 - INFO - [17/20] Processing product ASIN: B0FVFZPP33
2026-09-16 11:08:51,548 - INFO - Opening Amazon product page for multi-seller extraction: https://www.amazon.in/dp/B0FVFZPP33
2026-09-16 11:08:52,017 - INFO - PRODUCT: Amazon Product B0FVFZPP33
2026-09-16 11:08:52,017 - INFO - ASIN: B0FVFZPP33

PRODUCT: Amazon Product B0FVFZPP33
ASIN: B0FVFZPP33
2026-09-16 11:08:52,026 - INFO - BUY BOX SELLER: None
BUY BOX SELLER: None
2026-09-16 11:08:52,026 - INFO - AOD: Opening All Offers...
AOD: Opening All Offers...
2026-09-16 11:08:52,048 - WARNING - WARNING: AOD offer container not found. FALLBACK: Existing seller extraction
2026-09-16 11:08:52,051 - INFO - AOD EXTRACTION COMPLETE | ASIN: B0FVFZPP33 | TOTAL UNIQUE SELLERS: 0

AOD EXTRACTION COMPLETE
ASIN: B0FVFZPP33
TOTAL UNIQUE SELLERS: 0

2026-09-16 11:08:52,089 - INFO - Visible seller fallback found no seller for B0FVFZPP33
2026-09-16 11:08:52,101 - INFO - [18/20] Processing product ASIN: B0CQK5BV9M
2026-09-16 11:08:52,134 - INFO - Opening Amazon product page for multi-seller extraction: https://www.amazon.in/dp/B0CQK5BV9M
2026-09-16 11:08:52,805 - INFO - PRODUCT: Amazon Product B0CQK5BV9M
2026-09-16 11:08:52,805 - INFO - ASIN: B0CQK5BV9M

PRODUCT: Amazon Product B0CQK5BV9M
ASIN: B0CQK5BV9M
2026-09-16 11:08:52,814 - INFO - BUY BOX SELLER: None
BUY BOX SELLER: None
2026-09-16 11:08:52,814 - INFO - AOD: Opening All Offers...
AOD: Opening All Offers...
2026-09-16 11:08:52,837 - WARNING - WARNING: AOD offer container not found. FALLBACK: Existing seller extraction
2026-09-16 11:08:52,841 - INFO - AOD EXTRACTION COMPLETE | ASIN: B0CQK5BV9M | TOTAL UNIQUE SELLERS: 0

AOD EXTRACTION COMPLETE
ASIN: B0CQK5BV9M
TOTAL UNIQUE SELLERS: 0

2026-09-16 11:08:52,880 - INFO - Visible seller fallback found no seller for B0CQK5BV9M
2026-09-16 11:08:52,892 - INFO - [19/20] Processing product ASIN: B0GKGXXZ54
2026-09-16 11:08:52,925 - INFO - Opening Amazon product page for multi-seller extraction: https://www.amazon.in/dp/B0GKGXXZ54
2026-09-16 11:08:53,491 - INFO - PRODUCT: Amazon Product B0GKGXXZ54
2026-09-16 11:08:53,491 - INFO - ASIN: B0GKGXXZ54

PRODUCT: Amazon Product B0GKGXXZ54
ASIN: B0GKGXXZ54
2026-09-16 11:08:53,500 - INFO - BUY BOX SELLER: None
BUY BOX SELLER: None
2026-09-16 11:08:53,500 - INFO - AOD: Opening All Offers...
AOD: Opening All Offers...
2026-09-16 11:08:53,522 - WARNING - WARNING: AOD offer container not found. FALLBACK: Existing seller extraction
2026-09-16 11:08:53,525 - INFO - AOD EXTRACTION COMPLETE | ASIN: B0GKGXXZ54 | TOTAL UNIQUE SELLERS: 0

AOD EXTRACTION COMPLETE
ASIN: B0GKGXXZ54
TOTAL UNIQUE SELLERS: 0

2026-09-16 11:08:53,563 - INFO - Visible seller fallback found no seller for B0GKGXXZ54
2026-09-16 11:08:53,576 - INFO - [20/20] Processing product ASIN: B0D9BM4C7T
2026-09-16 11:08:53,609 - INFO - Opening Amazon product page for multi-seller extraction: https://www.amazon.in/dp/B0D9BM4C7T
2026-09-16 11:08:54,278 - INFO - PRODUCT: Amazon Product B0D9BM4C7T
2026-09-16 11:08:54,278 - INFO - ASIN: B0D9BM4C7T

PRODUCT: Amazon Product B0D9BM4C7T
ASIN: B0D9BM4C7T
2026-09-16 11:08:54,287 - INFO - BUY BOX SELLER: None
BUY BOX SELLER: None
2026-09-16 11:08:54,287 - INFO - AOD: Opening All Offers...
AOD: Opening All Offers...
2026-09-16 11:08:54,309 - WARNING - WARNING: AOD offer container not found. FALLBACK: Existing seller extraction
2026-09-16 11:08:54,312 - INFO - AOD EXTRACTION COMPLETE | ASIN: B0D9BM4C7T | TOTAL UNIQUE SELLERS: 0

AOD EXTRACTION COMPLETE
ASIN: B0D9BM4C7T
TOTAL UNIQUE SELLERS: 0

2026-09-16 11:08:54,352 - INFO - Visible seller fallback found no seller for B0D9BM4C7T
2026-09-16 11:08:54,366 - INFO - Top businesses requested: 100, found: 1 for 'Cutting Boards'
2026-09-16 11:08:54,366 - INFO - Starting Phase 2 Deep Enrichment Waterfall for top 1 businesses...

========================================
ENRICHING SELLER
========================================
Category:
Cutting Boards

Seller:
E-COSMOS® LIFESTYLE LLP ⭐⭐⭐⭐⭐

Seller:
1 / 1

Elapsed:
166 seconds
========================================

2026-09-16 11:08:54,366 - INFO - Starting Public Enrichment Waterfall for business 'E-COSMOS® LIFESTYLE LLP ⭐⭐⭐⭐⭐'...
2026-09-16 11:08:54,401 - INFO - [ENRICH] Searching web: "E-COSMOS® LIFESTYLE LLP ⭐⭐⭐⭐⭐" email
2026-09-16 11:08:57,983 - WARNING - DuckDuckGo returned status 202 (length: 14151). Triggering immediate failover within 1.5s.

----------------------------------------
SEARCH DIAGNOSTICS
SEARCH QUERY: E-COSMOS® LIFESTYLE LLP ⭐⭐⭐⭐⭐ official website
SEARCH ENGINE: DuckDuckGo
HTTP STATUS: 202
RESULT PAGE TITLE: DuckDuckGo
RESULT URL: https://html.duckduckgo.com/html/?q=E-COSMOS%C2%AE+LIFESTYLE+LLP+%E2%AD%90%E2%AD%90%E2%AD%90%E2%AD%90%E2%AD%90+official+website
RESULT HTML LENGTH: 14151
EXTRACTED URL COUNT: 0
----------------------------------------
SEARCH RESULT: 0 usable URLs returned from DuckDuckGo
Switching to Fallback Provider (Yahoo)...

----------------------------------------
FALLBACK SEARCH DIAGNOSTICS
SEARCH QUERY: E-COSMOS® LIFESTYLE LLP ⭐⭐⭐⭐⭐ official website
SEARCH ENGINE: Yahoo
HTTP STATUS: 200
RESULT PAGE TITLE: E-COSMOS® LIFESTYLE LLP ⭐⭐⭐⭐⭐ official website - Yahoo Search Results
RESULT URL: https://search.yahoo.com/search?p=E-COSMOS%C2%AE+LIFESTYLE+LLP+%E2%AD%90%E2%AD%90%E2%AD%90%E2%AD%90%E2%AD%90+official+website
RESULT HTML LENGTH: 181002
EXTRACTED URL COUNT: 2
----------------------------------------
SEARCH RESULT: 2 usable URLs discovered from Yahoo
2026-09-16 11:08:59,217 - INFO - Verifying website ownership candidate: https://www.ecosmoslifestylellp.com/
2026-09-16 11:08:59,366 - INFO - Verifying website ownership candidate: https://www.ecosmoslifestylellp.in/
2026-09-16 11:08:59,437 - INFO - Verifying website ownership candidate: https://www.sellerratings.com/amazon/india/e-cosmos-lifestyle-llp
2026-09-16 11:08:59,515 - INFO - Verifying website ownership candidate: https://ecosmossolutions.com/

ENRICHMENT:
Seller = E-COSMOS® LIFESTYLE LLP ⭐⭐⭐⭐⭐
Field = PAN
Progress = 2/7
2026-09-16 11:08:59,991 - WARNING - DuckDuckGo returned status 202 (length: 14121). Triggering immediate failover within 1.5s.

----------------------------------------
SEARCH DIAGNOSTICS
SEARCH QUERY: "E-COSMOS® LIFESTYLE LLP ⭐⭐⭐⭐⭐" PAN card number
SEARCH ENGINE: DuckDuckGo
HTTP STATUS: 202
RESULT PAGE TITLE: DuckDuckGo
RESULT URL: https://html.duckduckgo.com/html/?q=%22E-COSMOS%C2%AE+LIFESTYLE+LLP+%E2%AD%90%E2%AD%90%E2%AD%90%E2%AD%90%E2%AD%90%22+PAN+card+number
RESULT HTML LENGTH: 14121
EXTRACTED URL COUNT: 0
----------------------------------------
SEARCH RESULT: 0 usable URLs returned from DuckDuckGo
Switching to Fallback Provider (Yahoo)...

----------------------------------------
FALLBACK SEARCH DIAGNOSTICS
SEARCH QUERY: "E-COSMOS® LIFESTYLE LLP ⭐⭐⭐⭐⭐" PAN card number
SEARCH ENGINE: Yahoo
HTTP STATUS: 200
RESULT PAGE TITLE: E-COSMOS® LIFESTYLE LLP ⭐⭐⭐⭐⭐ PAN card number - Yahoo Search Results
RESULT URL: https://search.yahoo.com/search?p=%22E-COSMOS%C2%AE+LIFESTYLE+LLP+%E2%AD%90%E2%AD%90%E2%AD%90%E2%AD%90%E2%AD%90%22+PAN+card+number
RESULT HTML LENGTH: 157030
EXTRACTED URL COUNT: 2
----------------------------------------
SEARCH RESULT: 2 usable URLs discovered from Yahoo
2026-09-16 11:09:01,022 - INFO - Fetching text from target page: https://www.sellerratings.com/amazon/india/e-cosmos-lifestyle-llp
2026-09-16 11:09:01,112 - INFO - Fetching text from target page: https://gstverify.co.in/search/
2026-09-16 11:09:01,368 - WARNING - DuckDuckGo returned status 202 (length: 14135). Triggering immediate failover within 1.5s.

----------------------------------------
SEARCH DIAGNOSTICS
SEARCH QUERY: "E-COSMOS® LIFESTYLE LLP ⭐⭐⭐⭐⭐" PAN number
SEARCH ENGINE: DuckDuckGo
HTTP STATUS: 202
RESULT PAGE TITLE: DuckDuckGo
RESULT URL: https://html.duckduckgo.com/html/?q=%22E-COSMOS%C2%AE+LIFESTYLE+LLP+%E2%AD%90%E2%AD%90%E2%AD%90%E2%AD%90%E2%AD%90%22+PAN+number
RESULT HTML LENGTH: 14135
EXTRACTED URL COUNT: 0
----------------------------------------
SEARCH RESULT: 0 usable URLs returned from DuckDuckGo
Switching to Fallback Provider (Yahoo)...

----------------------------------------
FALLBACK SEARCH DIAGNOSTICS
SEARCH QUERY: "E-COSMOS® LIFESTYLE LLP ⭐⭐⭐⭐⭐" PAN number
SEARCH ENGINE: Yahoo
HTTP STATUS: 200
RESULT PAGE TITLE: E-COSMOS® LIFESTYLE LLP ⭐⭐⭐⭐⭐ PAN number - Yahoo Search Results
RESULT URL: https://search.yahoo.com/search?p=%22E-COSMOS%C2%AE+LIFESTYLE+LLP+%E2%AD%90%E2%AD%90%E2%AD%90%E2%AD%90%E2%AD%90%22+PAN+number
RESULT HTML LENGTH: 157344
EXTRACTED URL COUNT: 2
----------------------------------------
SEARCH RESULT: 2 usable URLs discovered from Yahoo
2026-09-16 11:09:02,421 - INFO - Fetching text from target page: https://www.sellerratings.com/amazon/india/e-cosmos-lifestyle-llp
2026-09-16 11:09:02,513 - INFO - Fetching text from target page: https://gstverify.co.in/search/
2026-09-16 11:09:02,563 - INFO - FIELD SEARCH EXHAUSTED: PAN

ENRICHMENT:
Seller = E-COSMOS® LIFESTYLE LLP ⭐⭐⭐⭐⭐
Field = GST
Progress = 3/7
2026-09-16 11:09:02,699 - WARNING - DuckDuckGo returned status 202 (length: 14128). Triggering immediate failover within 1.5s.

----------------------------------------
SEARCH DIAGNOSTICS
SEARCH QUERY: "E-COSMOS® LIFESTYLE LLP ⭐⭐⭐⭐⭐" GSTIN registration
SEARCH ENGINE: DuckDuckGo
HTTP STATUS: 202
RESULT PAGE TITLE: DuckDuckGo
RESULT URL: https://html.duckduckgo.com/html/?q=%22E-COSMOS%C2%AE+LIFESTYLE+LLP+%E2%AD%90%E2%AD%90%E2%AD%90%E2%AD%90%E2%AD%90%22+GSTIN+registration
RESULT HTML LENGTH: 14128
EXTRACTED URL COUNT: 0
----------------------------------------
SEARCH RESULT: 0 usable URLs returned from DuckDuckGo
Switching to Fallback Provider (Yahoo)...

----------------------------------------
FALLBACK SEARCH DIAGNOSTICS
SEARCH QUERY: "E-COSMOS® LIFESTYLE LLP ⭐⭐⭐⭐⭐" GSTIN registration
SEARCH ENGINE: Yahoo
HTTP STATUS: 200
RESULT PAGE TITLE: E-COSMOS® LIFESTYLE LLP ⭐⭐⭐⭐⭐ GSTIN registration - Yahoo Search Results
RESULT URL: https://search.yahoo.com/search?p=%22E-COSMOS%C2%AE+LIFESTYLE+LLP+%E2%AD%90%E2%AD%90%E2%AD%90%E2%AD%90%E2%AD%90%22+GSTIN+registration
RESULT HTML LENGTH: 156843
EXTRACTED URL COUNT: 2
----------------------------------------
SEARCH RESULT: 2 usable URLs discovered from Yahoo
2026-09-16 11:09:03,728 - INFO - Fetching text from target page: https://www.sellerratings.com/amazon/india/e-cosmos-lifestyle-llp
2026-09-16 11:09:03,810 - INFO - Fetching text from target page: https://gstverify.co.in/search/
2026-09-16 11:09:03,995 - WARNING - DuckDuckGo returned status 202 (length: 14136). Triggering immediate failover within 1.5s.

----------------------------------------
SEARCH DIAGNOSTICS
SEARCH QUERY: "E-COSMOS® LIFESTYLE LLP ⭐⭐⭐⭐⭐" GST number India
SEARCH ENGINE: DuckDuckGo
HTTP STATUS: 202
RESULT PAGE TITLE: DuckDuckGo
RESULT URL: https://html.duckduckgo.com/html/?q=%22E-COSMOS%C2%AE+LIFESTYLE+LLP+%E2%AD%90%E2%AD%90%E2%AD%90%E2%AD%90%E2%AD%90%22+GST+number+India
RESULT HTML LENGTH: 14136
EXTRACTED URL COUNT: 0
----------------------------------------
SEARCH RESULT: 0 usable URLs returned from DuckDuckGo
Switching to Fallback Provider (Yahoo)...

----------------------------------------
FALLBACK SEARCH DIAGNOSTICS
SEARCH QUERY: "E-COSMOS® LIFESTYLE LLP ⭐⭐⭐⭐⭐" GST number India
SEARCH ENGINE: Yahoo
HTTP STATUS: 200
RESULT PAGE TITLE: E-COSMOS® LIFESTYLE LLP ⭐⭐⭐⭐⭐ GST number India - Yahoo Search Results
RESULT URL: https://search.yahoo.com/search?p=%22E-COSMOS%C2%AE+LIFESTYLE+LLP+%E2%AD%90%E2%AD%90%E2%AD%90%E2%AD%90%E2%AD%90%22+GST+number+India
RESULT HTML LENGTH: 155210
EXTRACTED URL COUNT: 2
----------------------------------------
SEARCH RESULT: 2 usable URLs discovered from Yahoo
2026-09-16 11:09:05,094 - INFO - Fetching text from target page: https://www.sellerratings.com/amazon/india/e-cosmos-lifestyle-llp
2026-09-16 11:09:05,173 - INFO - Fetching text from target page: https://gstverify.co.in/search/
2026-09-16 11:09:05,227 - INFO - FIELD SEARCH EXHAUSTED: GST

ENRICHMENT:
Seller = E-COSMOS® LIFESTYLE LLP ⭐⭐⭐⭐⭐
Field = Owner
Progress = 4/7

ENRICHMENT HEARTBEAT:
Seller = E-COSMOS® LIFESTYLE LLP ⭐⭐⭐⭐⭐
Elapsed = 11s
Current field = Owner (Attempt 1)

2026-09-16 11:09:05,227 - INFO - ENRICHMENT HEARTBEAT: Seller = E-COSMOS® LIFESTYLE LLP ⭐⭐⭐⭐⭐, Elapsed = 11s, Current field = Owner (Attempt 1)
2026-09-16 11:09:05,349 - WARNING - DuckDuckGo returned status 202 (length: 14172). Triggering immediate failover within 1.5s.

----------------------------------------
SEARCH DIAGNOSTICS
SEARCH QUERY: "E-COSMOS® LIFESTYLE LLP ⭐⭐⭐⭐⭐" director owner ZaubaCorp Tofler
SEARCH ENGINE: DuckDuckGo
HTTP STATUS: 202
RESULT PAGE TITLE: DuckDuckGo
RESULT URL: https://html.duckduckgo.com/html/?q=%22E-COSMOS%C2%AE+LIFESTYLE+LLP+%E2%AD%90%E2%AD%90%E2%AD%90%E2%AD%90%E2%AD%90%22+director+owner+ZaubaCorp+Tofler
RESULT HTML LENGTH: 14172
EXTRACTED URL COUNT: 0
----------------------------------------
SEARCH RESULT: 0 usable URLs returned from DuckDuckGo
Switching to Fallback Provider (Yahoo)...

----------------------------------------
FALLBACK SEARCH DIAGNOSTICS
SEARCH QUERY: "E-COSMOS® LIFESTYLE LLP ⭐⭐⭐⭐⭐" director owner ZaubaCorp Tofler
SEARCH ENGINE: Yahoo
HTTP STATUS: 200
RESULT PAGE TITLE: E-COSMOS® LIFESTYLE LLP ⭐⭐⭐⭐⭐ director owner ZaubaCorp Tofler - Yahoo Search Results
RESULT URL: https://search.yahoo.com/search?p=%22E-COSMOS%C2%AE+LIFESTYLE+LLP+%E2%AD%90%E2%AD%90%E2%AD%90%E2%AD%90%E2%AD%90%22+director+owner+ZaubaCorp+Tofler
RESULT HTML LENGTH: 103813
EXTRACTED URL COUNT: 0
----------------------------------------
SEARCH RESULT: 0 usable URLs returned
No results for Owner (Attempt 1). Moving to next attempt.
2026-09-16 11:09:06,375 - WARNING - DuckDuckGo returned status 202 (length: 14142). Triggering immediate failover within 1.5s.

----------------------------------------
SEARCH DIAGNOSTICS
SEARCH QUERY: "E-COSMOS® LIFESTYLE LLP ⭐⭐⭐⭐⭐" founder managing director
SEARCH ENGINE: DuckDuckGo
HTTP STATUS: 202
RESULT PAGE TITLE: DuckDuckGo
RESULT URL: https://html.duckduckgo.com/html/?q=%22E-COSMOS%C2%AE+LIFESTYLE+LLP+%E2%AD%90%E2%AD%90%E2%AD%90%E2%AD%90%E2%AD%90%22+founder+managing+director
RESULT HTML LENGTH: 14142
EXTRACTED URL COUNT: 0
----------------------------------------
SEARCH RESULT: 0 usable URLs returned from DuckDuckGo
Switching to Fallback Provider (Yahoo)...

----------------------------------------
FALLBACK SEARCH DIAGNOSTICS
SEARCH QUERY: "E-COSMOS® LIFESTYLE LLP ⭐⭐⭐⭐⭐" founder managing director
SEARCH ENGINE: Yahoo
HTTP STATUS: 200
RESULT PAGE TITLE: E-COSMOS® LIFESTYLE LLP ⭐⭐⭐⭐⭐ founder managing director - Yahoo Search Results
RESULT URL: https://search.yahoo.com/search?p=%22E-COSMOS%C2%AE+LIFESTYLE+LLP+%E2%AD%90%E2%AD%90%E2%AD%90%E2%AD%90%E2%AD%90%22+founder+managing+director
RESULT HTML LENGTH: 204416
EXTRACTED URL COUNT: 2
----------------------------------------
SEARCH RESULT: 2 usable URLs discovered from Yahoo
2026-09-16 11:09:07,537 - INFO - Fetching text from target page: https://www.sellerratings.com/amazon/india/e-cosmos-lifestyle-llp
2026-09-16 11:09:07,624 - INFO - Fetching text from target page: https://companycheck.co.uk/director/930679525/FOUNDER---MANAGING-D-MIRA-ALSAWAF/summary
2026-09-16 11:09:07,742 - INFO - FIELD SEARCH EXHAUSTED: Owner

ENRICHMENT:
Seller = E-COSMOS® LIFESTYLE LLP ⭐⭐⭐⭐⭐
Field = Address
Progress = 5/7
2026-09-16 11:09:07,855 - WARNING - DuckDuckGo returned status 202 (length: 14176). Triggering immediate failover within 1.5s.

----------------------------------------
SEARCH DIAGNOSTICS
SEARCH QUERY: "E-COSMOS® LIFESTYLE LLP ⭐⭐⭐⭐⭐" registered office address corporate office
SEARCH ENGINE: DuckDuckGo
HTTP STATUS: 202
RESULT PAGE TITLE: DuckDuckGo
RESULT URL: https://html.duckduckgo.com/html/?q=%22E-COSMOS%C2%AE+LIFESTYLE+LLP+%E2%AD%90%E2%AD%90%E2%AD%90%E2%AD%90%E2%AD%90%22+registered+office+address+corporate+office
RESULT HTML LENGTH: 14176
EXTRACTED URL COUNT: 0
----------------------------------------
SEARCH RESULT: 0 usable URLs returned from DuckDuckGo
Switching to Fallback Provider (Yahoo)...

----------------------------------------
FALLBACK SEARCH DIAGNOSTICS
SEARCH QUERY: "E-COSMOS® LIFESTYLE LLP ⭐⭐⭐⭐⭐" registered office address corporate office
SEARCH ENGINE: Yahoo
HTTP STATUS: 200
RESULT PAGE TITLE: E-COSMOS® LIFESTYLE LLP ⭐⭐⭐⭐⭐ registered office address corporate office - Yahoo Search Results
RESULT URL: https://search.yahoo.com/search?p=%22E-COSMOS%C2%AE+LIFESTYLE+LLP+%E2%AD%90%E2%AD%90%E2%AD%90%E2%AD%90%E2%AD%90%22+registered+office+address+corporate+office
RESULT HTML LENGTH: 122365
EXTRACTED URL COUNT: 4
----------------------------------------
SEARCH RESULT: 4 usable URLs discovered from Yahoo
2026-09-16 11:09:08,962 - INFO - Fetching text from target page: https://www.sellerratings.com/amazon/india/e-cosmos-lifestyle-llp
2026-09-16 11:09:09,047 - INFO - Fetching text from target page: https://secretaryofstate.com/
2026-09-16 11:09:09,817 - INFO - Fetching text from target page: https://cis.scc.virginia.gov/EntitySearch/Index/
2026-09-16 11:09:09,929 - INFO - Fetching text from target page: https://www.bizapedia.com/address-search.aspx
2026-09-16 11:09:10,484 - WARNING - DuckDuckGo returned status 202 (length: 14146). Triggering immediate failover within 1.5s.

----------------------------------------
SEARCH DIAGNOSTICS
SEARCH QUERY: "E-COSMOS® LIFESTYLE LLP ⭐⭐⭐⭐⭐" India contact address
SEARCH ENGINE: DuckDuckGo
HTTP STATUS: 202
RESULT PAGE TITLE: DuckDuckGo
RESULT URL: https://html.duckduckgo.com/html/?q=%22E-COSMOS%C2%AE+LIFESTYLE+LLP+%E2%AD%90%E2%AD%90%E2%AD%90%E2%AD%90%E2%AD%90%22+India+contact+address
RESULT HTML LENGTH: 14146
EXTRACTED URL COUNT: 0
----------------------------------------
SEARCH RESULT: 0 usable URLs returned from DuckDuckGo
Switching to Fallback Provider (Yahoo)...

----------------------------------------
FALLBACK SEARCH DIAGNOSTICS
SEARCH QUERY: "E-COSMOS® LIFESTYLE LLP ⭐⭐⭐⭐⭐" India contact address
SEARCH ENGINE: Yahoo
HTTP STATUS: 200
RESULT PAGE TITLE: E-COSMOS® LIFESTYLE LLP ⭐⭐⭐⭐⭐ India contact address - Yahoo Search Results
RESULT URL: https://search.yahoo.com/search?p=%22E-COSMOS%C2%AE+LIFESTYLE+LLP+%E2%AD%90%E2%AD%90%E2%AD%90%E2%AD%90%E2%AD%90%22+India+contact+address
RESULT HTML LENGTH: 158834
EXTRACTED URL COUNT: 2
----------------------------------------
SEARCH RESULT: 2 usable URLs discovered from Yahoo
2026-09-16 11:09:11,572 - INFO - Fetching text from target page: https://www.sellerratings.com/amazon/india/e-cosmos-lifestyle-llp
2026-09-16 11:09:11,657 - INFO - Fetching text from target page: https://mailmeteor.com/email-checker
2026-09-16 11:09:11,965 - INFO - FIELD SEARCH EXHAUSTED: Address

ENRICHMENT:
Seller = E-COSMOS® LIFESTYLE LLP ⭐⭐⭐⭐⭐
Field = Phone
Progress = 6/7
2026-09-16 11:09:12,078 - WARNING - DuckDuckGo returned status 202 (length: 14227). Triggering immediate failover within 1.5s.

----------------------------------------
SEARCH DIAGNOSTICS
SEARCH QUERY: "E-COSMOS® LIFESTYLE LLP ⭐⭐⭐⭐⭐" India contact email phone official website
SEARCH ENGINE: DuckDuckGo
HTTP STATUS: 202
RESULT PAGE TITLE: DuckDuckGo
RESULT URL: https://html.duckduckgo.com/html/?q=%22E-COSMOS%C2%AE+LIFESTYLE+LLP+%E2%AD%90%E2%AD%90%E2%AD%90%E2%AD%90%E2%AD%90%22+India+contact+email+phone+official+website
RESULT HTML LENGTH: 14227
EXTRACTED URL COUNT: 0
----------------------------------------
SEARCH RESULT: 0 usable URLs returned from DuckDuckGo
Switching to Fallback Provider (Yahoo)...

----------------------------------------
FALLBACK SEARCH DIAGNOSTICS
SEARCH QUERY: "E-COSMOS® LIFESTYLE LLP ⭐⭐⭐⭐⭐" India contact email phone official website
SEARCH ENGINE: Yahoo
HTTP STATUS: 200
RESULT PAGE TITLE: E-COSMOS® LIFESTYLE LLP ⭐⭐⭐⭐⭐ India contact email phone official website - Yahoo Search Results
RESULT URL: https://search.yahoo.com/search?p=%22E-COSMOS%C2%AE+LIFESTYLE+LLP+%E2%AD%90%E2%AD%90%E2%AD%90%E2%AD%90%E2%AD%90%22+India+contact+email+phone+official+website
RESULT HTML LENGTH: 122094
EXTRACTED URL COUNT: 4
----------------------------------------
SEARCH RESULT: 4 usable URLs discovered from Yahoo
2026-09-16 11:09:13,394 - INFO - Fetching text from target page: https://www.sellerratings.com/amazon/india/e-cosmos-lifestyle-llp
2026-09-16 11:09:13,479 - INFO - Fetching text from target page: https://apne.tv/
2026-09-16 11:09:13,813 - INFO - Fetching text from target page: https://online.kfc.co.in/
2026-09-16 11:09:14,690 - INFO - Fetching text from target page: https://www.tollfreenumbers4u.com/

ENRICHMENT HEARTBEAT:
Seller = E-COSMOS® LIFESTYLE LLP ⭐⭐⭐⭐⭐
Elapsed = 21s
Current field = Phone (Attempt 2)

2026-09-16 11:09:15,611 - INFO - ENRICHMENT HEARTBEAT: Seller = E-COSMOS® LIFESTYLE LLP ⭐⭐⭐⭐⭐, Elapsed = 21s, Current field = Phone (Attempt 2)
2026-09-16 11:09:15,755 - WARNING - DuckDuckGo returned status 202 (length: 14154). Triggering immediate failover within 1.5s.

----------------------------------------
SEARCH DIAGNOSTICS
SEARCH QUERY: "E-COSMOS® LIFESTYLE LLP ⭐⭐⭐⭐⭐" customer care phone email
SEARCH ENGINE: DuckDuckGo
HTTP STATUS: 202
RESULT PAGE TITLE: DuckDuckGo
RESULT URL: https://html.duckduckgo.com/html/?q=%22E-COSMOS%C2%AE+LIFESTYLE+LLP+%E2%AD%90%E2%AD%90%E2%AD%90%E2%AD%90%E2%AD%90%22+customer+care+phone+email
RESULT HTML LENGTH: 14154
EXTRACTED URL COUNT: 0
----------------------------------------
SEARCH RESULT: 0 usable URLs returned from DuckDuckGo
Switching to Fallback Provider (Yahoo)...

----------------------------------------
FALLBACK SEARCH DIAGNOSTICS
SEARCH QUERY: "E-COSMOS® LIFESTYLE LLP ⭐⭐⭐⭐⭐" customer care phone email
SEARCH ENGINE: Yahoo
HTTP STATUS: 200
RESULT PAGE TITLE: E-COSMOS® LIFESTYLE LLP ⭐⭐⭐⭐⭐ customer care phone email - Yahoo Search Results
RESULT URL: https://search.yahoo.com/search?p=%22E-COSMOS%C2%AE+LIFESTYLE+LLP+%E2%AD%90%E2%AD%90%E2%AD%90%E2%AD%90%E2%AD%90%22+customer+care+phone+email
RESULT HTML LENGTH: 194248
EXTRACTED URL COUNT: 2
----------------------------------------
SEARCH RESULT: 2 usable URLs discovered from Yahoo
2026-09-16 11:09:16,948 - INFO - Fetching text from target page: https://www.sellerratings.com/amazon/india/e-cosmos-lifestyle-llp
2026-09-16 11:09:17,033 - INFO - Fetching text from target page: https://www.xfinity.com/support/contact-us
2026-09-16 11:09:17,185 - INFO - FIELD SEARCH EXHAUSTED: Phone
2026-09-16 11:09:17,190 - INFO - [INFO] Scraped 'E-COSMOS® LIFESTYLE LLP ⭐⭐⭐⭐⭐' -> GST: NO | Phone: NO | Address: NO | Email: YES | PAN: NO | Website: NO

SELLER ENRICHMENT COMPLETE

Seller:
E-COSMOS® LIFESTYLE LLP ⭐⭐⭐⭐⭐

Fields found:
Phone: NO
Email: YES
GST: NO
PAN: NO
Address: NO
Website: NO

Continuing to next seller...

2026-09-16 11:09:17,261 - INFO - Closed Playwright browser session safely
2026-09-16 11:09:17,262 - INFO - Read 1 final verified records from SQLite for 'Cutting Boards'

========================================
BACKUP VALIDATION
=================
Backup:
/home/runner/work/Amazon-Scrapper/Amazon-Scrapper/output/backups/Amazon_Seller_Master_Data_20260916_110917_backup.xlsx

Source rows:
408

Backup rows:
408

Source size:
61095 bytes

Backup size:
61095 bytes

Backup XLSX:
VALID

Worksheet:
Amazon Sellers

First sellers:
1. Campusactivewear
2. Cocoblu Retail
3. Cocoblu Retail
4. BansalEnterprises
5. APPOO TRADING

BACKUP VERIFIED SUCCESSFULLY
========================================

2026-09-16 11:09:17,485 - INFO - Created safety backup of master Excel at /home/runner/work/Amazon-Scrapper/Amazon-Scrapper/output/backups/Amazon_Seller_Master_Data_20260916_110917_backup.xlsx

========================================
FINAL MASTER EXCEL VALIDATION
=============================

File:
/home/runner/work/Amazon-Scrapper/Amazon-Scrapper/output/Amazon_Seller_Master_Data.xlsx

File size:
61231 bytes

Excel rows including header:
409

Seller records:
408

Categories:
- Accessories
- American Football
- Bag Accessories
- Bags & Backpacks
- Bar Tables
- Baseball
- Basketball
- Bathroom Cabinets
- Bathroom Mirrors
- Bathroom Stools
- Bedroom Sets
- Beds
- Beds, Frames & Bases
- Belts
- Benches
- Bodysuits
- Boots
- Bowling
- Box Springs
- Cabinets & Sideboards
- Canvas & Beach Tote Bags
- Cheerleading
- Christening Wear
- Clothing Accessories
- Clothing Sets
- Competitive Swimwear
- Corner Shelves
- Cricket
- Cutting Boards
- Cycling
- Dance
- Dining Room Sets
- Dresses
- Dresses & Jumpsuits
- Dressing Tables
- Dungarees
- Equestrian Sports
- Ethnic Wear
- Fabrics
- Footboards
- Footies
- Garment Covers
- Golf
- Gym Bags
- Gymnastics
- Handbags & Clutches
- Hiking & Outdoor Recreation
- Hockey
- Ice Hockey
- Ice Skating
- Innerwear
- Jeans
- Jumpsuits & Dungarees
- Key Chains
- Lacrosse
- Laptop Bags
- Leggings
- Lehenga Cholis
- Luggage
- Martial Arts
- Maternity Wear
- Men'S Casual Shoes
- Men'S Clogs
- Men'S Ethnic Shoes
- Men'S Formal Shoes
- Men'S Sandals & Floaters
- Men'S Sports Shoes
- Men's Shoes
- Messenger & Sling Bags
- Netball
- Overalls
- Pants
- Pumps
- Rainwear
- Rompers
- Rugby
- Safety Shoe
- School Bags & Sets
- School Shoes
- School Uniforms
- Shirts
- Shopping Bags & Baskets
- Shorts
- Shrugs
- Skiing
- Skirts & Shorts
- Sleepwear
- Slipper Racks
- Sneakers
- Snowboarding
- Soccer
- Softball
- Sportswear
- Suits & Blazers
- Sunglasses & Spectacle Frames
- Swimwear
- T-Shirts & Polos
- Thong Sandals
- Tights & Leggings
- Tops, T-Shirts & Shirts
- Towel Holder
- Towel Racks
- Trackpants & Joggers
- Travel Accessories
- Unstitched Fabrics
- Vanity Units
- Volleyball
- Wallets, Card Cases
- Western Wear
- Winter Wear
- Women'S Ballerinas
- Women'S Casual Shoes
- Women'S Clogs
- Women'S Ethnic Shoes
- Women'S Flats
- Women'S Flats Amazon
- Women'S Formals
- Women'S Heels
- Women'S Slippers & Flip Flops
- Women'S Sports Sandals
- Women'S Sports Shoes
- Women's Flats Amazon
- Yoga

Cutting Boards rows:
1

First 5 Cutting Boards sellers:
1. E-COSMOS® LIFESTYLE LLP ⭐⭐⭐⭐⭐

Excel validation:
PASSED
========================================

2026-09-16 11:09:17,823 - INFO - Master Excel updated: Added 1 rows for category 'Cutting Boards'. Total seller records=408

>>>>>>>>>>>>>>>>>>>>>>>>>>>>>>>>>>>>>>>>
BATCH CATEGORY [30/108]: 'Finger Guards'
URL: https://www.amazon.in/s?k=Finger+Guards
>>>>>>>>>>>>>>>>>>>>>>>>>>>>>>>>>>>>>>>>

2026-09-16 11:09:17,842 - INFO - Target Category: 'Finger Guards'
2026-09-16 11:09:17,842 - INFO - Target URL: 'https://www.amazon.in/s?k=Finger+Guards'
2026-09-16 11:09:18,236 - INFO - Created Amazon browser context generation 1
2026-09-16 11:09:18,236 - INFO - Started Playwright Chromium session (headless=True, timeout=30000ms, downloads=enabled)
2026-09-16 11:09:18,236 - INFO - Discovering products for category 'Finger Guards' from https://www.amazon.in/s?k=Finger+Guards...
2026-09-16 11:09:18,282 - INFO - Navigating to Amazon search page 1: https://www.amazon.in/s?k=Finger+Guards
Opening Amazon...
Attempt: 1/3
Amazon page loaded
2026-09-16 11:09:20,734 - INFO - Found 204 raw product links on page 1
Products discovered: 20
2026-09-16 11:09:21,042 - INFO - Discovered 20 total unique product URLs so far
2026-09-16 11:09:21,079 - INFO - Discovered 20 products for category 'Finger Guards'
2026-09-16 11:09:21,079 - INFO - [1/20] Processing product ASIN: B0BJVGZB7H
2026-09-16 11:09:21,112 - INFO - Opening Amazon product page for multi-seller extraction: https://www.amazon.in/dp/B0BJVGZB7H
2026-09-16 11:09:21,246 - WARNING - Amazon product page blocked (Robot Check / CAPTCHA) on attempt 1/3: https://www.amazon.in/dp/B0BJVGZB7H
2026-09-16 11:09:25,503 - INFO - PRODUCT: Cotton Pain Relief Trigger Finger Cot Splint Large 150g
2026-09-16 11:09:25,503 - INFO - ASIN: B0BJVGZB7H

PRODUCT: Cotton Pain Relief Trigger Finger Cot Splint Large 150g
ASIN: B0BJVGZB7H
2026-09-16 11:09:25,534 - INFO - BUY BOX SELLER: Sheetal Traders...
BUY BOX SELLER: Sheetal Traders...
2026-09-16 11:09:25,534 - INFO - AOD: Opening All Offers...
AOD: Opening All Offers...
2026-09-16 11:09:31,936 - INFO - AOD: Initial offers found: 0
AOD: Initial offers found: 0
2026-09-16 11:09:31,987 - INFO - Clicking offer load-more control: a:has-text('See more')
2026-09-16 11:09:33,546 - INFO - AOD: No new sellers found (attempt 1/3)
AOD: No new sellers found (attempt 1/3)
2026-09-16 11:09:33,588 - INFO - Clicking offer load-more control: a:has-text('See more')
2026-09-16 11:09:35,121 - INFO - AOD: No new sellers found (attempt 2/3)
AOD: No new sellers found (attempt 2/3)
2026-09-16 11:09:35,153 - INFO - Clicking offer load-more control: a:has-text('See more')
2026-09-16 11:09:36,704 - INFO - AOD: No new sellers found (attempt 3/3)
AOD: No new sellers found (attempt 3/3)
2026-09-16 11:09:36,733 - INFO - Clicking offer load-more control: a:has-text('See more')
2026-09-16 11:09:38,296 - INFO - Clicking offer load-more control: a:has-text('See more')
2026-09-16 11:09:39,821 - INFO - AOD: No new sellers found (attempt 1/3)
AOD: No new sellers found (attempt 1/3)
2026-09-16 11:09:39,853 - INFO - Clicking offer load-more control: a:has-text('See more')
2026-09-16 11:09:41,387 - INFO - AOD: No new sellers found (attempt 2/3)
AOD: No new sellers found (attempt 2/3)
2026-09-16 11:09:41,418 - INFO - Clicking offer load-more control: a:has-text('See more')
2026-09-16 11:09:42,952 - INFO - AOD: No new sellers found (attempt 3/3)
AOD: No new sellers found (attempt 3/3)
2026-09-16 11:09:42,971 - INFO - Clicking offer load-more control: a:has-text('See more')
2026-09-16 11:09:44,528 - INFO - Clicking offer load-more control: a:has-text('See more')
2026-09-16 11:09:46,052 - INFO - AOD: No new sellers found (attempt 1/3)
AOD: No new sellers found (attempt 1/3)
2026-09-16 11:09:46,093 - INFO - Clicking offer load-more control: a:has-text('See more')
2026-09-16 11:09:47,636 - INFO - AOD: No new sellers found (attempt 2/3)
AOD: No new sellers found (attempt 2/3)
2026-09-16 11:09:47,667 - INFO - Clicking offer load-more control: a:has-text('See more')
2026-09-16 11:09:49,218 - INFO - AOD: No new sellers found (attempt 3/3)
AOD: No new sellers found (attempt 3/3)
2026-09-16 11:09:49,236 - INFO - Clicking offer load-more control: a:has-text('See more')
2026-09-16 11:09:50,793 - INFO - Clicking offer load-more control: a:has-text('See more')
2026-09-16 11:09:52,320 - INFO - AOD: No new sellers found (attempt 1/3)
AOD: No new sellers found (attempt 1/3)
2026-09-16 11:09:52,356 - INFO - Clicking offer load-more control: a:has-text('See more')
2026-09-16 11:09:53,886 - INFO - AOD: No new sellers found (attempt 2/3)
AOD: No new sellers found (attempt 2/3)
2026-09-16 11:09:53,916 - INFO - Clicking offer load-more control: a:has-text('See more')
2026-09-16 11:09:55,470 - INFO - AOD: No new sellers found (attempt 3/3)
AOD: No new sellers found (attempt 3/3)
2026-09-16 11:09:55,489 - INFO - Clicking offer load-more control: a:has-text('See more')
2026-09-16 11:09:57,045 - INFO - Clicking offer load-more control: a:has-text('See more')
2026-09-16 11:09:58,569 - INFO - AOD: No new sellers found (attempt 1/3)
AOD: No new sellers found (attempt 1/3)
2026-09-16 11:09:58,601 - INFO - Clicking offer load-more control: a:has-text('See more')
2026-09-16 11:10:00,152 - INFO - AOD: No new sellers found (attempt 2/3)
AOD: No new sellers found (attempt 2/3)
2026-09-16 11:10:00,181 - INFO - Clicking offer load-more control: a:has-text('See more')
2026-09-16 11:10:01,735 - INFO - AOD: No new sellers found (attempt 3/3)
AOD: No new sellers found (attempt 3/3)
2026-09-16 11:10:01,759 - INFO - Clicking offer load-more control: a:has-text('See more')
2026-09-16 11:10:03,312 - INFO - Clicking offer load-more control: a:has-text('See more')
2026-09-16 11:10:04,836 - INFO - AOD: No new sellers found (attempt 1/3)
AOD: No new sellers found (attempt 1/3)
2026-09-16 11:10:04,867 - INFO - Clicking offer load-more control: a:has-text('See more')
2026-09-16 11:10:06,419 - INFO - AOD: No new sellers found (attempt 2/3)
AOD: No new sellers found (attempt 2/3)
2026-09-16 11:10:06,450 - INFO - Clicking offer load-more control: a:has-text('See more')
2026-09-16 11:10:08,001 - INFO - AOD: No new sellers found (attempt 3/3)
AOD: No new sellers found (attempt 3/3)
2026-09-16 11:10:08,019 - INFO - Clicking offer load-more control: a:has-text('See more')
2026-09-16 11:10:09,594 - INFO - Clicking offer load-more control: a:has-text('See more')
2026-09-16 11:10:11,119 - INFO - AOD: No new sellers found (attempt 1/3)
AOD: No new sellers found (attempt 1/3)
2026-09-16 11:10:11,161 - INFO - Clicking offer load-more control: a:has-text('See more')
2026-09-16 11:10:12,685 - INFO - AOD: No new sellers found (attempt 2/3)
AOD: No new sellers found (attempt 2/3)
2026-09-16 11:10:12,716 - INFO - Clicking offer load-more control: a:has-text('See more')
2026-09-16 11:10:14,269 - INFO - AOD: No new sellers found (attempt 3/3)
AOD: No new sellers found (attempt 3/3)
2026-09-16 11:10:14,288 - INFO - Clicking offer load-more control: a:has-text('See more')
2026-09-16 11:10:15,842 - INFO - Clicking offer load-more control: a:has-text('See more')
2026-09-16 11:10:17,367 - INFO - AOD: No new sellers found (attempt 1/3)
AOD: No new sellers found (attempt 1/3)
2026-09-16 11:10:17,398 - INFO - Clicking offer load-more control: a:has-text('See more')
2026-09-16 11:10:18,952 - INFO - AOD: No new sellers found (attempt 2/3)
AOD: No new sellers found (attempt 2/3)
2026-09-16 11:10:18,983 - INFO - Clicking offer load-more control: a:has-text('See more')
2026-09-16 11:10:20,534 - INFO - AOD: No new sellers found (attempt 3/3)
AOD: No new sellers found (attempt 3/3)
2026-09-16 11:10:20,552 - INFO - Clicking offer load-more control: a:has-text('See more')
2026-09-16 11:10:22,126 - INFO - Clicking offer load-more control: a:has-text('See more')
2026-09-16 11:10:23,650 - INFO - AOD: No new sellers found (attempt 1/3)
AOD: No new sellers found (attempt 1/3)
2026-09-16 11:10:23,692 - INFO - Clicking offer load-more control: a:has-text('See more')
2026-09-16 11:10:25,218 - INFO - AOD: No new sellers found (attempt 2/3)
AOD: No new sellers found (attempt 2/3)
2026-09-16 11:10:25,249 - INFO - Clicking offer load-more control: a:has-text('See more')
2026-09-16 11:10:26,802 - INFO - AOD: No new sellers found (attempt 3/3)
AOD: No new sellers found (attempt 3/3)
2026-09-16 11:10:26,820 - INFO - Clicking offer load-more control: a:has-text('See more')
2026-09-16 11:10:28,375 - INFO - Clicking offer load-more control: a:has-text('See more')
2026-09-16 11:10:29,901 - INFO - AOD: No new sellers found (attempt 1/3)
AOD: No new sellers found (attempt 1/3)
2026-09-16 11:10:29,943 - INFO - Clicking offer load-more control: a:has-text('See more')
2026-09-16 11:10:31,483 - INFO - AOD: No new sellers found (attempt 2/3)
AOD: No new sellers found (attempt 2/3)
2026-09-16 11:10:31,513 - INFO - Clicking offer load-more control: a:has-text('See more')
2026-09-16 11:10:33,068 - INFO - AOD: No new sellers found (attempt 3/3)
AOD: No new sellers found (attempt 3/3)
2026-09-16 11:10:33,085 - INFO - Clicking offer load-more control: a:has-text('See more')
2026-09-16 11:10:34,659 - INFO - Clicking offer load-more control: a:has-text('See more')
2026-09-16 11:10:36,183 - INFO - AOD: No new sellers found (attempt 1/3)
AOD: No new sellers found (attempt 1/3)
2026-09-16 11:10:36,214 - INFO - Clicking offer load-more control: a:has-text('See more')
2026-09-16 11:10:37,769 - INFO - AOD: No new sellers found (attempt 2/3)
AOD: No new sellers found (attempt 2/3)
2026-09-16 11:10:37,802 - INFO - Clicking offer load-more control: a:has-text('See more')
2026-09-16 11:10:39,332 - INFO - AOD: No new sellers found (attempt 3/3)
AOD: No new sellers found (attempt 3/3)
2026-09-16 11:10:39,350 - INFO - Clicking offer load-more control: a:has-text('See more')
2026-09-16 11:10:40,909 - INFO - Clicking offer load-more control: a:has-text('See more')
2026-09-16 11:10:42,432 - INFO - AOD: No new sellers found (attempt 1/3)
AOD: No new sellers found (attempt 1/3)
2026-09-16 11:10:42,465 - INFO - Clicking offer load-more control: a:has-text('See more')
2026-09-16 11:10:44,017 - INFO - AOD: No new sellers found (attempt 2/3)
AOD: No new sellers found (attempt 2/3)
2026-09-16 11:10:44,057 - INFO - Clicking offer load-more control: a:has-text('See more')
2026-09-16 11:10:45,583 - INFO - AOD: No new sellers found (attempt 3/3)
AOD: No new sellers found (attempt 3/3)
2026-09-16 11:10:45,602 - INFO - Clicking offer load-more control: a:has-text('See more')
2026-09-16 11:10:47,155 - INFO - Clicking offer load-more control: a:has-text('See more')
2026-09-16 11:10:48,681 - INFO - AOD: No new sellers found (attempt 1/3)
AOD: No new sellers found (attempt 1/3)
2026-09-16 11:10:48,711 - INFO - Clicking offer load-more control: a:has-text('See more')
2026-09-16 11:10:50,233 - INFO - AOD: No new sellers found (attempt 2/3)
AOD: No new sellers found (attempt 2/3)
2026-09-16 11:10:50,264 - INFO - Clicking offer load-more control: a:has-text('See more')
2026-09-16 11:10:51,817 - INFO - AOD: No new sellers found (attempt 3/3)
AOD: No new sellers found (attempt 3/3)
2026-09-16 11:10:51,834 - INFO - Clicking offer load-more control: a:has-text('See more')
2026-09-16 11:10:53,357 - WARNING - OFFER EXTRACTION TIMEOUT
ASIN: B0BJVGZB7H
SELLERS COLLECTED: 1
STATUS: Continuing with collected sellers

OFFER EXTRACTION TIMEOUT
ASIN: B0BJVGZB7H
SELLERS COLLECTED: 1
STATUS: Continuing with collected sellers

2026-09-16 11:10:53,357 - INFO - AOD EXTRACTION COMPLETE | ASIN: B0BJVGZB7H | TOTAL UNIQUE SELLERS: 1

AOD EXTRACTION COMPLETE
ASIN: B0BJVGZB7H
TOTAL UNIQUE SELLERS: 1

2026-09-16 11:10:53,357 - INFO - Opening Amazon seller profile page: https://www.amazon.in/gp/help/seller/at-a-glance.html/ref=dp_merchant_link?ie=UTF8&seller=A2ESPXLHMYLBTV&asin=B0BJVGZB7H&ref_=dp_merchant_link
2026-09-16 11:10:57,228 - INFO - [2/20] Processing product ASIN: B09P4ZZ3GC
2026-09-16 11:10:57,266 - INFO - Opening Amazon product page for multi-seller extraction: https://www.amazon.in/dp/B09P4ZZ3GC
2026-09-16 11:10:59,719 - INFO - PRODUCT: FreshDcart FDCFG Finger Protector for Cutting Vegetables | Stainless Steel Finger Cutting Protector Hand Guard | Finger Protector Safe Chopping Hand Guard Pack of (1)
2026-09-16 11:10:59,719 - INFO - ASIN: B09P4ZZ3GC

PRODUCT: FreshDcart FDCFG Finger Protector for Cutting Vegetables | Stainless Steel Finger Cutting Protector Hand Guard | Finger Protector Safe Chopping Hand Guard Pack of (1)
ASIN: B09P4ZZ3GC
2026-09-16 11:10:59,747 - INFO - BUY BOX SELLER: FreshDcart®
BUY BOX SELLER: FreshDcart®
2026-09-16 11:10:59,747 - INFO - AOD: Opening All Offers...
AOD: Opening All Offers...
2026-09-16 11:10:59,826 - INFO - AOD: Initial offers found: 0
AOD: Initial offers found: 0
2026-09-16 11:10:59,870 - INFO - Clicking offer load-more control: a:has-text('See more')
2026-09-16 11:11:01,445 - INFO - AOD: No new sellers found (attempt 1/3)
AOD: No new sellers found (attempt 1/3)
2026-09-16 11:11:01,485 - INFO - Clicking offer load-more control: a:has-text('See more')
2026-09-16 11:11:03,038 - INFO - AOD: No new sellers found (attempt 2/3)
AOD: No new sellers found (attempt 2/3)
2026-09-16 11:11:03,076 - INFO - Clicking offer load-more control: a:has-text('See more')
2026-09-16 11:11:04,602 - INFO - AOD: No new sellers found (attempt 3/3)
AOD: No new sellers found (attempt 3/3)
2026-09-16 11:11:04,626 - INFO - Clicking offer load-more control: a:has-text('See more')
2026-09-16 11:11:06,180 - INFO - Clicking offer load-more control: a:has-text('See more')
2026-09-16 11:11:07,733 - INFO - AOD: No new sellers found (attempt 1/3)
AOD: No new sellers found (attempt 1/3)
2026-09-16 11:11:07,773 - INFO - Clicking offer load-more control: a:has-text('See more')
2026-09-16 11:11:09,321 - INFO - AOD: No new sellers found (attempt 2/3)
AOD: No new sellers found (attempt 2/3)
2026-09-16 11:11:09,356 - INFO - Clicking offer load-more control: a:has-text('See more')
2026-09-16 11:11:10,900 - INFO - AOD: No new sellers found (attempt 3/3)
AOD: No new sellers found (attempt 3/3)
2026-09-16 11:11:10,922 - INFO - Clicking offer load-more control: a:has-text('See more')
2026-09-16 11:11:12,476 - INFO - Clicking offer load-more control: a:has-text('See more')
2026-09-16 11:11:14,002 - INFO - AOD: No new sellers found (attempt 1/3)
AOD: No new sellers found (attempt 1/3)
2026-09-16 11:11:14,040 - INFO - Clicking offer load-more control: a:has-text('See more')
2026-09-16 11:11:15,568 - INFO - AOD: No new sellers found (attempt 2/3)
AOD: No new sellers found (attempt 2/3)
2026-09-16 11:11:15,605 - INFO - Clicking offer load-more control: a:has-text('See more')
2026-09-16 11:11:17,133 - INFO - AOD: No new sellers found (attempt 3/3)
AOD: No new sellers found (attempt 3/3)
2026-09-16 11:11:17,156 - INFO - Clicking offer load-more control: a:has-text('See more')
2026-09-16 11:11:18,722 - INFO - Clicking offer load-more control: a:has-text('See more')
2026-09-16 11:11:20,269 - INFO - AOD: No new sellers found (attempt 1/3)
AOD: No new sellers found (attempt 1/3)
2026-09-16 11:11:20,306 - INFO - Clicking offer load-more control: a:has-text('See more')
2026-09-16 11:11:21,835 - INFO - AOD: No new sellers found (attempt 2/3)
AOD: No new sellers found (attempt 2/3)
2026-09-16 11:11:21,870 - INFO - Clicking offer load-more control: a:has-text('See more')
2026-09-16 11:11:23,418 - INFO - AOD: No new sellers found (attempt 3/3)
AOD: No new sellers found (attempt 3/3)
2026-09-16 11:11:23,443 - INFO - Clicking offer load-more control: a:has-text('See more')
2026-09-16 11:11:25,010 - INFO - Clicking offer load-more control: a:has-text('See more')
2026-09-16 11:11:26,535 - INFO - AOD: No new sellers found (attempt 1/3)
AOD: No new sellers found (attempt 1/3)
2026-09-16 11:11:26,571 - INFO - Clicking offer load-more control: a:has-text('See more')
2026-09-16 11:11:28,101 - INFO - AOD: No new sellers found (attempt 2/3)
AOD: No new sellers found (attempt 2/3)
2026-09-16 11:11:28,141 - INFO - Clicking offer load-more control: a:has-text('See more')
2026-09-16 11:11:29,669 - INFO - AOD: No new sellers found (attempt 3/3)
AOD: No new sellers found (attempt 3/3)
2026-09-16 11:11:29,691 - INFO - Clicking offer load-more control: a:has-text('See more')
2026-09-16 11:11:31,245 - INFO - Clicking offer load-more control: a:has-text('See more')
2026-09-16 11:11:32,800 - INFO - AOD: No new sellers found (attempt 1/3)
AOD: No new sellers found (attempt 1/3)
2026-09-16 11:11:32,847 - INFO - Clicking offer load-more control: a:has-text('See more')
2026-09-16 11:11:34,384 - INFO - AOD: No new sellers found (attempt 2/3)
AOD: No new sellers found (attempt 2/3)
2026-09-16 11:11:34,420 - INFO - Clicking offer load-more control: a:has-text('See more')
2026-09-16 11:11:35,965 - INFO - AOD: No new sellers found (attempt 3/3)
AOD: No new sellers found (attempt 3/3)
2026-09-16 11:11:35,987 - INFO - Clicking offer load-more control: a:has-text('See more')
2026-09-16 11:11:37,556 - INFO - Clicking offer load-more control: a:has-text('See more')
2026-09-16 11:11:39,084 - INFO - AOD: No new sellers found (attempt 1/3)
AOD: No new sellers found (attempt 1/3)
2026-09-16 11:11:39,123 - INFO - Clicking offer load-more control: a:has-text('See more')
2026-09-16 11:11:40,653 - INFO - AOD: No new sellers found (attempt 2/3)
AOD: No new sellers found (attempt 2/3)
2026-09-16 11:11:40,691 - INFO - Clicking offer load-more control: a:has-text('See more')
2026-09-16 11:11:42,216 - INFO - AOD: No new sellers found (attempt 3/3)
AOD: No new sellers found (attempt 3/3)
2026-09-16 11:11:42,238 - INFO - Clicking offer load-more control: a:has-text('See more')
2026-09-16 11:11:43,796 - INFO - Clicking offer load-more control: a:has-text('See more')
2026-09-16 11:11:45,350 - INFO - AOD: No new sellers found (attempt 1/3)
AOD: No new sellers found (attempt 1/3)
2026-09-16 11:11:45,392 - INFO - Clicking offer load-more control: a:has-text('See more')
2026-09-16 11:11:46,922 - INFO - AOD: No new sellers found (attempt 2/3)
AOD: No new sellers found (attempt 2/3)
2026-09-16 11:11:46,957 - INFO - Clicking offer load-more control: a:has-text('See more')
2026-09-16 11:11:48,483 - INFO - AOD: No new sellers found (attempt 3/3)
AOD: No new sellers found (attempt 3/3)
2026-09-16 11:11:48,505 - INFO - Clicking offer load-more control: a:has-text('See more')
2026-09-16 11:11:50,059 - INFO - Clicking offer load-more control: a:has-text('See more')
2026-09-16 11:11:51,585 - INFO - AOD: No new sellers found (attempt 1/3)
AOD: No new sellers found (attempt 1/3)
2026-09-16 11:11:51,622 - INFO - Clicking offer load-more control: a:has-text('See more')
2026-09-16 11:11:53,150 - INFO - AOD: No new sellers found (attempt 2/3)
AOD: No new sellers found (attempt 2/3)
2026-09-16 11:11:53,185 - INFO - Clicking offer load-more control: a:has-text('See more')
2026-09-16 11:11:54,717 - INFO - AOD: No new sellers found (attempt 3/3)
AOD: No new sellers found (attempt 3/3)
2026-09-16 11:11:54,741 - INFO - Clicking offer load-more control: a:has-text('See more')
2026-09-16 11:11:56,294 - INFO - Clicking offer load-more control: a:has-text('See more')
2026-09-16 11:11:57,850 - INFO - AOD: No new sellers found (attempt 1/3)
AOD: No new sellers found (attempt 1/3)
2026-09-16 11:11:57,886 - INFO - Clicking offer load-more control: a:has-text('See more')
2026-09-16 11:11:59,417 - INFO - AOD: No new sellers found (attempt 2/3)
AOD: No new sellers found (attempt 2/3)
2026-09-16 11:11:59,454 - INFO - Clicking offer load-more control: a:has-text('See more')
2026-09-16 11:12:01,000 - INFO - AOD: No new sellers found (attempt 3/3)
AOD: No new sellers found (attempt 3/3)
2026-09-16 11:12:01,022 - INFO - Clicking offer load-more control: a:has-text('See more')
2026-09-16 11:12:02,578 - INFO - Clicking offer load-more control: a:has-text('See more')
2026-09-16 11:12:04,134 - INFO - AOD: No new sellers found (attempt 1/3)
AOD: No new sellers found (attempt 1/3)
2026-09-16 11:12:04,184 - INFO - Clicking offer load-more control: a:has-text('See more')
2026-09-16 11:12:05,735 - INFO - AOD: No new sellers found (attempt 2/3)
AOD: No new sellers found (attempt 2/3)
2026-09-16 11:12:05,771 - INFO - Clicking offer load-more control: a:has-text('See more')
2026-09-16 11:12:07,299 - INFO - AOD: No new sellers found (attempt 3/3)
AOD: No new sellers found (attempt 3/3)
2026-09-16 11:12:07,321 - INFO - Clicking offer load-more control: a:has-text('See more')
2026-09-16 11:12:08,888 - INFO - Clicking offer load-more control: a:has-text('See more')
2026-09-16 11:12:10,433 - INFO - AOD: No new sellers found (attempt 1/3)
AOD: No new sellers found (attempt 1/3)
2026-09-16 11:12:10,470 - INFO - Clicking offer load-more control: a:has-text('See more')
2026-09-16 11:12:12,016 - INFO - AOD: No new sellers found (attempt 2/3)
AOD: No new sellers found (attempt 2/3)
2026-09-16 11:12:12,053 - INFO - Clicking offer load-more control: a:has-text('See more')
2026-09-16 11:12:13,583 - INFO - AOD: No new sellers found (attempt 3/3)
AOD: No new sellers found (attempt 3/3)
2026-09-16 11:12:13,606 - INFO - Clicking offer load-more control: a:has-text('See more')
2026-09-16 11:12:15,161 - INFO - Clicking offer load-more control: a:has-text('See more')
2026-09-16 11:12:16,714 - INFO - AOD: No new sellers found (attempt 1/3)
AOD: No new sellers found (attempt 1/3)
2026-09-16 11:12:16,751 - INFO - Clicking offer load-more control: a:has-text('See more')
2026-09-16 11:12:18,299 - INFO - AOD: No new sellers found (attempt 2/3)
AOD: No new sellers found (attempt 2/3)
2026-09-16 11:12:18,347 - INFO - Clicking offer load-more control: a:has-text('See more')
2026-09-16 11:12:19,898 - INFO - AOD: No new sellers found (attempt 3/3)
AOD: No new sellers found (attempt 3/3)
2026-09-16 11:12:19,920 - INFO - Clicking offer load-more control: a:has-text('See more')
2026-09-16 11:12:21,476 - INFO - Clicking offer load-more control: a:has-text('See more')
2026-09-16 11:12:23,033 - INFO - AOD: No new sellers found (attempt 1/3)
AOD: No new sellers found (attempt 1/3)
2026-09-16 11:12:23,043 - INFO - AOD EXTRACTION COMPLETE | ASIN: B09P4ZZ3GC | TOTAL UNIQUE SELLERS: 1

AOD EXTRACTION COMPLETE
ASIN: B09P4ZZ3GC
TOTAL UNIQUE SELLERS: 1

2026-09-16 11:12:23,043 - INFO - Opening Amazon seller profile page: https://www.amazon.in/gp/help/seller/at-a-glance.html/ref=dp_merchant_link?ie=UTF8&seller=AK3K6D2Z71Y81&asin=B09P4ZZ3GC&ref_=dp_merchant_link&isAmazonFulfilled=1
2026-09-16 11:12:26,632 - INFO - [3/20] Processing product ASIN: B0FLDC7BCD
2026-09-16 11:12:26,669 - INFO - Opening Amazon product page for multi-seller extraction: https://www.amazon.in/dp/B0FLDC7BCD
2026-09-16 11:12:28,783 - INFO - PRODUCT: finistra® 10 pcs Finger Protector for Cutting Vegetables Cut Resistant Finger Cots Finger Sleeve Protectors Reusable Finger Guards Finger Covers Protection Cots for Kitchen,Work, Sculpture, Anti-Slip
2026-09-16 11:12:28,784 - INFO - ASIN: B0FLDC7BCD

PRODUCT: finistra® 10 pcs Finger Protector for Cutting Vegetables Cut Resistant Finger Cots Finger Sleeve Protectors Reusable Finger Guards Finger Covers Protection Cots for Kitchen,Work, Sculpture, Anti-Slip
ASIN: B0FLDC7BCD
2026-09-16 11:12:28,817 - INFO - BUY BOX SELLER: finistra
BUY BOX SELLER: finistra
2026-09-16 11:12:28,817 - INFO - AOD: Opening All Offers...
AOD: Opening All Offers...
2026-09-16 11:12:28,872 - INFO - AOD: Initial offers found: 0
AOD: Initial offers found: 0
2026-09-16 11:12:28,906 - INFO - Clicking offer load-more control: a:has-text('See more')
2026-09-16 11:12:30,436 - INFO - AOD: No new sellers found (attempt 1/3)
AOD: No new sellers found (attempt 1/3)
2026-09-16 11:12:30,467 - INFO - Clicking offer load-more control: a:has-text('See more')
2026-09-16 11:12:32,017 - INFO - AOD: No new sellers found (attempt 2/3)
AOD: No new sellers found (attempt 2/3)
2026-09-16 11:12:32,056 - INFO - Clicking offer load-more control: a:has-text('See more')
2026-09-16 11:12:33,592 - INFO - AOD: No new sellers found (attempt 3/3)
AOD: No new sellers found (attempt 3/3)
2026-09-16 11:12:33,611 - INFO - Clicking offer load-more control: a:has-text('See more')
2026-09-16 11:12:35,168 - INFO - Clicking offer load-more control: a:has-text('See more')
2026-09-16 11:12:36,695 - INFO - AOD: No new sellers found (attempt 1/3)
AOD: No new sellers found (attempt 1/3)
2026-09-16 11:12:36,727 - INFO - Clicking offer load-more control: a:has-text('See more')
2026-09-16 11:12:38,279 - INFO - AOD: No new sellers found (attempt 2/3)
AOD: No new sellers found (attempt 2/3)
2026-09-16 11:12:38,310 - INFO - Clicking offer load-more control: a:has-text('See more')
2026-09-16 11:12:39,861 - INFO - AOD: No new sellers found (attempt 3/3)
AOD: No new sellers found (attempt 3/3)
2026-09-16 11:12:39,880 - INFO - Clicking offer load-more control: a:has-text('See more')
2026-09-16 11:12:41,435 - INFO - Clicking offer load-more control: a:has-text('See more')
2026-09-16 11:12:42,961 - INFO - AOD: No new sellers found (attempt 1/3)
AOD: No new sellers found (attempt 1/3)
2026-09-16 11:12:42,992 - INFO - Clicking offer load-more control: a:has-text('See more')
2026-09-16 11:12:44,532 - INFO - AOD: No new sellers found (attempt 2/3)
AOD: No new sellers found (attempt 2/3)
2026-09-16 11:12:44,562 - INFO - Clicking offer load-more control: a:has-text('See more')
2026-09-16 11:12:46,112 - INFO - AOD: No new sellers found (attempt 3/3)
AOD: No new sellers found (attempt 3/3)
2026-09-16 11:12:46,130 - INFO - Clicking offer load-more control: a:has-text('See more')
2026-09-16 11:12:47,686 - INFO - Clicking offer load-more control: a:has-text('See more')
2026-09-16 11:12:49,209 - INFO - AOD: No new sellers found (attempt 1/3)
AOD: No new sellers found (attempt 1/3)
2026-09-16 11:12:49,241 - INFO - Clicking offer load-more control: a:has-text('See more')
2026-09-16 11:12:50,796 - INFO - AOD: No new sellers found (attempt 2/3)
AOD: No new sellers found (attempt 2/3)
2026-09-16 11:12:50,827 - INFO - Clicking offer load-more control: a:has-text('See more')
2026-09-16 11:12:52,379 - INFO - AOD: No new sellers found (attempt 3/3)
AOD: No new sellers found (attempt 3/3)
2026-09-16 11:12:52,398 - INFO - Clicking offer load-more control: a:has-text('See more')
2026-09-16 11:12:53,951 - INFO - Clicking offer load-more control: a:has-text('See more')
2026-09-16 11:12:55,478 - INFO - AOD: No new sellers found (attempt 1/3)
AOD: No new sellers found (attempt 1/3)
2026-09-16 11:12:55,507 - INFO - Clicking offer load-more control: a:has-text('See more')
2026-09-16 11:12:57,045 - INFO - AOD: No new sellers found (attempt 2/3)
AOD: No new sellers found (attempt 2/3)
2026-09-16 11:12:57,078 - INFO - Clicking offer load-more control: a:has-text('See more')
2026-09-16 11:12:58,630 - INFO - AOD: No new sellers found (attempt 3/3)
AOD: No new sellers found (attempt 3/3)
2026-09-16 11:12:58,649 - INFO - Clicking offer load-more control: a:has-text('See more')
2026-09-16 11:13:00,204 - INFO - Clicking offer load-more control: a:has-text('See more')
2026-09-16 11:13:01,734 - INFO - AOD: No new sellers found (attempt 1/3)
AOD: No new sellers found (attempt 1/3)
2026-09-16 11:13:01,769 - INFO - Clicking offer load-more control: a:has-text('See more')
2026-09-16 11:13:03,295 - INFO - AOD: No new sellers found (attempt 2/3)
AOD: No new sellers found (attempt 2/3)
2026-09-16 11:13:03,333 - INFO - Clicking offer load-more control: a:has-text('See more')
2026-09-16 11:13:04,877 - INFO - AOD: No new sellers found (attempt 3/3)
AOD: No new sellers found (attempt 3/3)
2026-09-16 11:13:04,896 - INFO - Clicking offer load-more control: a:has-text('See more')
2026-09-16 11:13:06,451 - INFO - Clicking offer load-more control: a:has-text('See more')
2026-09-16 11:13:07,978 - INFO - AOD: No new sellers found (attempt 1/3)
AOD: No new sellers found (attempt 1/3)
2026-09-16 11:13:08,018 - INFO - Clicking offer load-more control: a:has-text('See more')
2026-09-16 11:13:09,562 - INFO - AOD: No new sellers found (attempt 2/3)
AOD: No new sellers found (attempt 2/3)
2026-09-16 11:13:09,592 - INFO - Clicking offer load-more control: a:has-text('See more')
2026-09-16 11:13:11,145 - INFO - AOD: No new sellers found (attempt 3/3)
AOD: No new sellers found (attempt 3/3)
2026-09-16 11:13:11,164 - INFO - Clicking offer load-more control: a:has-text('See more')
2026-09-16 11:13:12,717 - INFO - Clicking offer load-more control: a:has-text('See more')
2026-09-16 11:13:14,244 - INFO - AOD: No new sellers found (attempt 1/3)
AOD: No new sellers found (attempt 1/3)
2026-09-16 11:13:14,277 - INFO - Clicking offer load-more control: a:has-text('See more')
2026-09-16 11:13:15,828 - INFO - AOD: No new sellers found (attempt 2/3)
AOD: No new sellers found (attempt 2/3)
2026-09-16 11:13:15,858 - INFO - Clicking offer load-more control: a:has-text('See more')
2026-09-16 11:13:17,410 - INFO - AOD: No new sellers found (attempt 3/3)
AOD: No new sellers found (attempt 3/3)
2026-09-16 11:13:17,431 - INFO - Clicking offer load-more control: a:has-text('See more')
2026-09-16 11:13:18,984 - INFO - Clicking offer load-more control: a:has-text('See more')
2026-09-16 11:13:20,511 - INFO - AOD: No new sellers found (attempt 1/3)
AOD: No new sellers found (attempt 1/3)
2026-09-16 11:13:20,544 - INFO - Clicking offer load-more control: a:has-text('See more')
2026-09-16 11:13:22,094 - INFO - AOD: No new sellers found (attempt 2/3)
AOD: No new sellers found (attempt 2/3)
2026-09-16 11:13:22,123 - INFO - Clicking offer load-more control: a:has-text('See more')
2026-09-16 11:13:23,662 - INFO - AOD: No new sellers found (attempt 3/3)
AOD: No new sellers found (attempt 3/3)
2026-09-16 11:13:23,686 - INFO - Clicking offer load-more control: a:has-text('See more')
2026-09-16 11:13:25,235 - INFO - Clicking offer load-more control: a:has-text('See more')
2026-09-16 11:13:26,760 - INFO - AOD: No new sellers found (attempt 1/3)
AOD: No new sellers found (attempt 1/3)
2026-09-16 11:13:26,790 - INFO - Clicking offer load-more control: a:has-text('See more')
2026-09-16 11:13:28,344 - INFO - AOD: No new sellers found (attempt 2/3)
AOD: No new sellers found (attempt 2/3)
2026-09-16 11:13:28,385 - INFO - Clicking offer load-more control: a:has-text('See more')
2026-09-16 11:13:29,911 - INFO - AOD: No new sellers found (attempt 3/3)
AOD: No new sellers found (attempt 3/3)
2026-09-16 11:13:29,930 - INFO - Clicking offer load-more control: a:has-text('See more')
2026-09-16 11:13:31,482 - INFO - Clicking offer load-more control: a:has-text('See more')
2026-09-16 11:13:33,011 - INFO - AOD: No new sellers found (attempt 1/3)
AOD: No new sellers found (attempt 1/3)
2026-09-16 11:13:33,041 - INFO - Clicking offer load-more control: a:has-text('See more')
2026-09-16 11:13:34,595 - INFO - AOD: No new sellers found (attempt 2/3)
AOD: No new sellers found (attempt 2/3)
2026-09-16 11:13:34,627 - INFO - Clicking offer load-more control: a:has-text('See more')
2026-09-16 11:13:36,160 - INFO - AOD: No new sellers found (attempt 3/3)
AOD: No new sellers found (attempt 3/3)
2026-09-16 11:13:36,178 - INFO - Clicking offer load-more control: a:has-text('See more')
2026-09-16 11:13:37,733 - INFO - Clicking offer load-more control: a:has-text('See more')
2026-09-16 11:13:39,260 - INFO - AOD: No new sellers found (attempt 1/3)
AOD: No new sellers found (attempt 1/3)
2026-09-16 11:13:39,291 - INFO - Clicking offer load-more control: a:has-text('See more')
2026-09-16 11:13:40,844 - INFO - AOD: No new sellers found (attempt 2/3)
AOD: No new sellers found (attempt 2/3)
2026-09-16 11:13:40,882 - INFO - Clicking offer load-more control: a:has-text('See more')
2026-09-16 11:13:42,428 - INFO - AOD: No new sellers found (attempt 3/3)
AOD: No new sellers found (attempt 3/3)
2026-09-16 11:13:42,446 - INFO - Clicking offer load-more control: a:has-text('See more')
2026-09-16 11:13:44,001 - INFO - Clicking offer load-more control: a:has-text('See more')
2026-09-16 11:13:45,525 - INFO - AOD: No new sellers found (attempt 1/3)
AOD: No new sellers found (attempt 1/3)
2026-09-16 11:13:45,555 - INFO - Clicking offer load-more control: a:has-text('See more')
2026-09-16 11:13:47,111 - INFO - AOD: No new sellers found (attempt 2/3)
AOD: No new sellers found (attempt 2/3)
2026-09-16 11:13:47,150 - INFO - Clicking offer load-more control: a:has-text('See more')
2026-09-16 11:13:48,694 - INFO - AOD: No new sellers found (attempt 3/3)
AOD: No new sellers found (attempt 3/3)
2026-09-16 11:13:48,712 - INFO - Clicking offer load-more control: a:has-text('See more')
2026-09-16 11:13:50,265 - INFO - Clicking offer load-more control: a:has-text('See more')
2026-09-16 11:13:51,793 - INFO - AOD: No new sellers found (attempt 1/3)
AOD: No new sellers found (attempt 1/3)
2026-09-16 11:13:51,801 - INFO - AOD EXTRACTION COMPLETE | ASIN: B0FLDC7BCD | TOTAL UNIQUE SELLERS: 1

AOD EXTRACTION COMPLETE
ASIN: B0FLDC7BCD
TOTAL UNIQUE SELLERS: 1

2026-09-16 11:13:51,801 - INFO - Opening Amazon seller profile page: https://www.amazon.in/gp/help/seller/at-a-glance.html/ref=dp_merchant_link?ie=UTF8&seller=A1G8DJP70IK75J&asin=B0FLDC7BCD&ref_=dp_merchant_link
2026-09-16 11:13:56,059 - INFO - [4/20] Processing product ASIN: B09QJTHW5Y
2026-09-16 11:13:56,096 - INFO - Opening Amazon product page for multi-seller extraction: https://www.amazon.in/dp/B09QJTHW5Y
2026-09-16 11:13:58,520 - INFO - PRODUCT: Anzailala Silicone Finger Protectors, Heat Resistant Finger Caps (6 Pcs)
2026-09-16 11:13:58,520 - INFO - ASIN: B09QJTHW5Y

PRODUCT: Anzailala Silicone Finger Protectors, Heat Resistant Finger Caps (6 Pcs)
ASIN: B09QJTHW5Y
2026-09-16 11:13:58,554 - INFO - BUY BOX SELLER: Anzailala®
BUY BOX SELLER: Anzailala®
2026-09-16 11:13:58,555 - INFO - AOD: Opening All Offers...
AOD: Opening All Offers...
2026-09-16 11:13:58,614 - INFO - AOD: Initial offers found: 0
AOD: Initial offers found: 0
2026-09-16 11:13:58,663 - INFO - Clicking offer load-more control: a:has-text('See more')
2026-09-16 11:14:00,212 - INFO - AOD: No new sellers found (attempt 1/3)
AOD: No new sellers found (attempt 1/3)
2026-09-16 11:14:00,248 - INFO - Clicking offer load-more control: a:has-text('See more')
2026-09-16 11:14:01,796 - INFO - AOD: No new sellers found (attempt 2/3)
AOD: No new sellers found (attempt 2/3)
2026-09-16 11:14:01,839 - INFO - Clicking offer load-more control: a:has-text('See more')
2026-09-16 11:14:03,392 - INFO - AOD: No new sellers found (attempt 3/3)
AOD: No new sellers found (attempt 3/3)
2026-09-16 11:14:03,412 - INFO - Clicking offer load-more control: a:has-text('See more')
2026-09-16 11:14:04,970 - INFO - Clicking offer load-more control: a:has-text('See more')
2026-09-16 11:14:06,527 - INFO - AOD: No new sellers found (attempt 1/3)
AOD: No new sellers found (attempt 1/3)
2026-09-16 11:14:06,563 - INFO - Clicking offer load-more control: a:has-text('See more')
2026-09-16 11:14:08,093 - INFO - AOD: No new sellers found (attempt 2/3)
AOD: No new sellers found (attempt 2/3)
2026-09-16 11:14:08,143 - INFO - Clicking offer load-more control: a:has-text('See more')
2026-09-16 11:14:09,691 - INFO - AOD: No new sellers found (attempt 3/3)
AOD: No new sellers found (attempt 3/3)
2026-09-16 11:14:09,710 - INFO - Clicking offer load-more control: a:has-text('See more')
2026-09-16 11:14:11,286 - INFO - Clicking offer load-more control: a:has-text('See more')
2026-09-16 11:14:12,810 - INFO - AOD: No new sellers found (attempt 1/3)
AOD: No new sellers found (attempt 1/3)
2026-09-16 11:14:12,846 - INFO - Clicking offer load-more control: a:has-text('See more')
2026-09-16 11:14:14,375 - INFO - AOD: No new sellers found (attempt 2/3)
AOD: No new sellers found (attempt 2/3)
2026-09-16 11:14:14,408 - INFO - Clicking offer load-more control: a:has-text('See more')
2026-09-16 11:14:15,959 - INFO - AOD: No new sellers found (attempt 3/3)
AOD: No new sellers found (attempt 3/3)
2026-09-16 11:14:15,979 - INFO - Clicking offer load-more control: a:has-text('See more')
2026-09-16 11:14:17,535 - INFO - Clicking offer load-more control: a:has-text('See more')
2026-09-16 11:14:19,058 - INFO - AOD: No new sellers found (attempt 1/3)
AOD: No new sellers found (attempt 1/3)
2026-09-16 11:14:19,101 - INFO - Clicking offer load-more control: a:has-text('See more')
2026-09-16 11:14:20,641 - INFO - AOD: No new sellers found (attempt 2/3)
AOD: No new sellers found (attempt 2/3)
2026-09-16 11:14:20,673 - INFO - Clicking offer load-more control: a:has-text('See more')
2026-09-16 11:14:22,226 - INFO - AOD: No new sellers found (attempt 3/3)
AOD: No new sellers found (attempt 3/3)
2026-09-16 11:14:22,244 - INFO - Clicking offer load-more control: a:has-text('See more')
2026-09-16 11:14:23,817 - INFO - Clicking offer load-more control: a:has-text('See more')
2026-09-16 11:14:25,342 - INFO - AOD: No new sellers found (attempt 1/3)
AOD: No new sellers found (attempt 1/3)
2026-09-16 11:14:25,374 - INFO - Clicking offer load-more control: a:has-text('See more')
2026-09-16 11:14:26,923 - INFO - AOD: No new sellers found (attempt 2/3)
AOD: No new sellers found (attempt 2/3)
2026-09-16 11:14:26,955 - INFO - Clicking offer load-more control: a:has-text('See more')
2026-09-16 11:14:28,491 - INFO - AOD: No new sellers found (attempt 3/3)
AOD: No new sellers found (attempt 3/3)
2026-09-16 11:14:28,510 - INFO - Clicking offer load-more control: a:has-text('See more')
2026-09-16 11:14:30,069 - INFO - Clicking offer load-more control: a:has-text('See more')
2026-09-16 11:14:31,592 - INFO - AOD: No new sellers found (attempt 1/3)
AOD: No new sellers found (attempt 1/3)
2026-09-16 11:14:31,632 - INFO - Clicking offer load-more control: a:has-text('See more')
2026-09-16 11:14:33,175 - INFO - AOD: No new sellers found (attempt 2/3)
AOD: No new sellers found (attempt 2/3)
2026-09-16 11:14:33,209 - INFO - Clicking offer load-more control: a:has-text('See more')
2026-09-16 11:14:34,758 - INFO - AOD: No new sellers found (attempt 3/3)
AOD: No new sellers found (attempt 3/3)
2026-09-16 11:14:34,777 - INFO - Clicking offer load-more control: a:has-text('See more')
2026-09-16 11:14:36,351 - INFO - Clicking offer load-more control: a:has-text('See more')
2026-09-16 11:14:37,874 - INFO - AOD: No new sellers found (attempt 1/3)
AOD: No new sellers found (attempt 1/3)
2026-09-16 11:14:37,908 - INFO - Clicking offer load-more control: a:has-text('See more')
2026-09-16 11:14:39,458 - INFO - AOD: No new sellers found (attempt 2/3)
AOD: No new sellers found (attempt 2/3)
2026-09-16 11:14:39,489 - INFO - Clicking offer load-more control: a:has-text('See more')
2026-09-16 11:14:41,046 - INFO - AOD: No new sellers found (attempt 3/3)
AOD: No new sellers found (attempt 3/3)
2026-09-16 11:14:41,067 - INFO - Clicking offer load-more control: a:has-text('See more')
2026-09-16 11:14:42,617 - INFO - Clicking offer load-more control: a:has-text('See more')
2026-09-16 11:14:44,141 - INFO - AOD: No new sellers found (attempt 1/3)
AOD: No new sellers found (attempt 1/3)
2026-09-16 11:14:44,177 - INFO - Clicking offer load-more control: a:has-text('See more')
2026-09-16 11:14:45,707 - INFO - AOD: No new sellers found (attempt 2/3)
AOD: No new sellers found (attempt 2/3)
2026-09-16 11:14:45,741 - INFO - Clicking offer load-more control: a:has-text('See more')
2026-09-16 11:14:47,290 - INFO - AOD: No new sellers found (attempt 3/3)
AOD: No new sellers found (attempt 3/3)
2026-09-16 11:14:47,316 - INFO - Clicking offer load-more control: a:has-text('See more')
2026-09-16 11:14:48,867 - INFO - Clicking offer load-more control: a:has-text('See more')
2026-09-16 11:14:50,389 - INFO - AOD: No new sellers found (attempt 1/3)
AOD: No new sellers found (attempt 1/3)
2026-09-16 11:14:50,422 - INFO - Clicking offer load-more control: a:has-text('See more')
2026-09-16 11:14:51,973 - INFO - AOD: No new sellers found (attempt 2/3)
AOD: No new sellers found (attempt 2/3)
2026-09-16 11:14:52,005 - INFO - Clicking offer load-more control: a:has-text('See more')
2026-09-16 11:14:53,561 - INFO - AOD: No new sellers found (attempt 3/3)
AOD: No new sellers found (attempt 3/3)
2026-09-16 11:14:53,580 - INFO - Clicking offer load-more control: a:has-text('See more')
2026-09-16 11:14:55,134 - INFO - Clicking offer load-more control: a:has-text('See more')
2026-09-16 11:14:56,656 - INFO - AOD: No new sellers found (attempt 1/3)
AOD: No new sellers found (attempt 1/3)
2026-09-16 11:14:56,689 - INFO - Clicking offer load-more control: a:has-text('See more')
2026-09-16 11:14:58,241 - INFO - AOD: No new sellers found (attempt 2/3)
AOD: No new sellers found (attempt 2/3)
2026-09-16 11:14:58,274 - INFO - Clicking offer load-more control: a:has-text('See more')
2026-09-16 11:14:59,807 - INFO - AOD: No new sellers found (attempt 3/3)
AOD: No new sellers found (attempt 3/3)
2026-09-16 11:14:59,826 - INFO - Clicking offer load-more control: a:has-text('See more')
2026-09-16 11:15:01,401 - INFO - Clicking offer load-more control: a:has-text('See more')
2026-09-16 11:15:02,922 - INFO - AOD: No new sellers found (attempt 1/3)
AOD: No new sellers found (attempt 1/3)
2026-09-16 11:15:02,967 - INFO - Clicking offer load-more control: a:has-text('See more')
2026-09-16 11:15:04,493 - INFO - AOD: No new sellers found (attempt 2/3)
AOD: No new sellers found (attempt 2/3)
2026-09-16 11:15:04,525 - INFO - Clicking offer load-more control: a:has-text('See more')
2026-09-16 11:15:06,057 - INFO - AOD: No new sellers found (attempt 3/3)
AOD: No new sellers found (attempt 3/3)
2026-09-16 11:15:06,076 - INFO - Clicking offer load-more control: a:has-text('See more')
2026-09-16 11:15:07,632 - INFO - Clicking offer load-more control: a:has-text('See more')
2026-09-16 11:15:09,155 - INFO - AOD: No new sellers found (attempt 1/3)
AOD: No new sellers found (attempt 1/3)
2026-09-16 11:15:09,196 - INFO - Clicking offer load-more control: a:has-text('See more')
2026-09-16 11:15:10,723 - INFO - AOD: No new sellers found (attempt 2/3)
AOD: No new sellers found (attempt 2/3)
2026-09-16 11:15:10,756 - INFO - Clicking offer load-more control: a:has-text('See more')
2026-09-16 11:15:12,289 - INFO - AOD: No new sellers found (attempt 3/3)
AOD: No new sellers found (attempt 3/3)
2026-09-16 11:15:12,308 - INFO - Clicking offer load-more control: a:has-text('See more')
2026-09-16 11:15:13,864 - INFO - Clicking offer load-more control: a:has-text('See more')
2026-09-16 11:15:15,406 - INFO - AOD: No new sellers found (attempt 1/3)
AOD: No new sellers found (attempt 1/3)
2026-09-16 11:15:15,439 - INFO - Clicking offer load-more control: a:has-text('See more')
2026-09-16 11:15:16,973 - INFO - AOD: No new sellers found (attempt 2/3)
AOD: No new sellers found (attempt 2/3)
2026-09-16 11:15:17,006 - INFO - Clicking offer load-more control: a:has-text('See more')
2026-09-16 11:15:18,541 - INFO - AOD: No new sellers found (attempt 3/3)
AOD: No new sellers found (attempt 3/3)
2026-09-16 11:15:18,560 - INFO - Clicking offer load-more control: a:has-text('See more')
2026-09-16 11:15:20,128 - INFO - Clicking offer load-more control: a:has-text('See more')
2026-09-16 11:15:21,672 - INFO - AOD: No new sellers found (attempt 1/3)
AOD: No new sellers found (attempt 1/3)
2026-09-16 11:15:21,679 - INFO - AOD EXTRACTION COMPLETE | ASIN: B09QJTHW5Y | TOTAL UNIQUE SELLERS: 1

AOD EXTRACTION COMPLETE
ASIN: B09QJTHW5Y
TOTAL UNIQUE SELLERS: 1

2026-09-16 11:15:21,679 - INFO - Opening Amazon seller profile page: https://www.amazon.in/gp/help/seller/at-a-glance.html/ref=dp_merchant_link?ie=UTF8&seller=AR1B94ADTBVBP&asin=B09QJTHW5Y&ref_=dp_merchant_link&isAmazonFulfilled=1
2026-09-16 11:15:25,548 - INFO - [5/20] Processing product ASIN: B08QZNP8R1
2026-09-16 11:15:25,588 - INFO - Opening Amazon product page for multi-seller extraction: https://www.amazon.in/dp/B08QZNP8R1
2026-09-16 11:15:26,319 - INFO - PRODUCT: Amazon Product B08QZNP8R1
2026-09-16 11:15:26,319 - INFO - ASIN: B08QZNP8R1

PRODUCT: Amazon Product B08QZNP8R1
ASIN: B08QZNP8R1
2026-09-16 11:15:26,327 - INFO - BUY BOX SELLER: None
BUY BOX SELLER: None
2026-09-16 11:15:26,327 - INFO - AOD: Opening All Offers...
AOD: Opening All Offers...
2026-09-16 11:15:26,349 - WARNING - WARNING: AOD offer container not found. FALLBACK: Existing seller extraction
2026-09-16 11:15:26,351 - INFO - AOD EXTRACTION COMPLETE | ASIN: B08QZNP8R1 | TOTAL UNIQUE SELLERS: 0

AOD EXTRACTION COMPLETE
ASIN: B08QZNP8R1
TOTAL UNIQUE SELLERS: 0

2026-09-16 11:15:26,388 - INFO - Visible seller fallback found no seller for B08QZNP8R1
2026-09-16 11:15:26,403 - INFO - [6/20] Processing product ASIN: B0DW7MRFFS
2026-09-16 11:15:26,439 - INFO - Opening Amazon product page for multi-seller extraction: https://www.amazon.in/dp/B0DW7MRFFS
2026-09-16 11:15:27,090 - INFO - PRODUCT: Amazon Product B0DW7MRFFS
2026-09-16 11:15:27,090 - INFO - ASIN: B0DW7MRFFS

PRODUCT: Amazon Product B0DW7MRFFS
ASIN: B0DW7MRFFS
2026-09-16 11:15:27,099 - INFO - BUY BOX SELLER: None
BUY BOX SELLER: None
2026-09-16 11:15:27,099 - INFO - AOD: Opening All Offers...
AOD: Opening All Offers...
2026-09-16 11:15:27,120 - WARNING - WARNING: AOD offer container not found. FALLBACK: Existing seller extraction
2026-09-16 11:15:27,123 - INFO - AOD EXTRACTION COMPLETE | ASIN: B0DW7MRFFS | TOTAL UNIQUE SELLERS: 0

AOD EXTRACTION COMPLETE
ASIN: B0DW7MRFFS
TOTAL UNIQUE SELLERS: 0

2026-09-16 11:15:27,161 - INFO - Visible seller fallback found no seller for B0DW7MRFFS
2026-09-16 11:15:27,173 - INFO - [7/20] Processing product ASIN: B0FF3N97QJ
2026-09-16 11:15:27,205 - INFO - Opening Amazon product page for multi-seller extraction: https://www.amazon.in/dp/B0FF3N97QJ
2026-09-16 11:15:27,764 - INFO - PRODUCT: Amazon Product B0FF3N97QJ
2026-09-16 11:15:27,764 - INFO - ASIN: B0FF3N97QJ

PRODUCT: Amazon Product B0FF3N97QJ
ASIN: B0FF3N97QJ
2026-09-16 11:15:27,772 - INFO - BUY BOX SELLER: None
BUY BOX SELLER: None
2026-09-16 11:15:27,772 - INFO - AOD: Opening All Offers...
AOD: Opening All Offers...
2026-09-16 11:15:27,794 - WARNING - WARNING: AOD offer container not found. FALLBACK: Existing seller extraction
2026-09-16 11:15:27,797 - INFO - AOD EXTRACTION COMPLETE | ASIN: B0FF3N97QJ | TOTAL UNIQUE SELLERS: 0

AOD EXTRACTION COMPLETE
ASIN: B0FF3N97QJ
TOTAL UNIQUE SELLERS: 0

2026-09-16 11:15:27,834 - INFO - Visible seller fallback found no seller for B0FF3N97QJ
2026-09-16 11:15:27,847 - INFO - [8/20] Processing product ASIN: B0H3TTNJCL
2026-09-16 11:15:27,884 - INFO - Opening Amazon product page for multi-seller extraction: https://www.amazon.in/dp/B0H3TTNJCL
2026-09-16 11:15:28,605 - INFO - PRODUCT: Amazon Product B0H3TTNJCL
2026-09-16 11:15:28,605 - INFO - ASIN: B0H3TTNJCL

PRODUCT: Amazon Product B0H3TTNJCL
ASIN: B0H3TTNJCL
2026-09-16 11:15:28,613 - INFO - BUY BOX SELLER: None
BUY BOX SELLER: None
2026-09-16 11:15:28,613 - INFO - AOD: Opening All Offers...
AOD: Opening All Offers...
2026-09-16 11:15:28,665 - WARNING - WARNING: AOD offer container not found. FALLBACK: Existing seller extraction
2026-09-16 11:15:28,667 - INFO - AOD EXTRACTION COMPLETE | ASIN: B0H3TTNJCL | TOTAL UNIQUE SELLERS: 0

AOD EXTRACTION COMPLETE
ASIN: B0H3TTNJCL
TOTAL UNIQUE SELLERS: 0

2026-09-16 11:15:28,704 - INFO - Visible seller fallback found no seller for B0H3TTNJCL
2026-09-16 11:15:28,716 - INFO - [9/20] Processing product ASIN: B0FDKFJVXV
2026-09-16 11:15:28,748 - INFO - Opening Amazon product page for multi-seller extraction: https://www.amazon.in/dp/B0FDKFJVXV
2026-09-16 11:15:29,341 - INFO - PRODUCT: Amazon Product B0FDKFJVXV
2026-09-16 11:15:29,341 - INFO - ASIN: B0FDKFJVXV

PRODUCT: Amazon Product B0FDKFJVXV
ASIN: B0FDKFJVXV
2026-09-16 11:15:29,349 - INFO - BUY BOX SELLER: None
BUY BOX SELLER: None
2026-09-16 11:15:29,349 - INFO - AOD: Opening All Offers...
AOD: Opening All Offers...
2026-09-16 11:15:29,371 - WARNING - WARNING: AOD offer container not found. FALLBACK: Existing seller extraction
2026-09-16 11:15:29,374 - INFO - AOD EXTRACTION COMPLETE | ASIN: B0FDKFJVXV | TOTAL UNIQUE SELLERS: 0

AOD EXTRACTION COMPLETE
ASIN: B0FDKFJVXV
TOTAL UNIQUE SELLERS: 0

2026-09-16 11:15:29,411 - INFO - Visible seller fallback found no seller for B0FDKFJVXV
2026-09-16 11:15:29,425 - INFO - [10/20] Processing product ASIN: B0D1JTKH23
2026-09-16 11:15:29,461 - INFO - Opening Amazon product page for multi-seller extraction: https://www.amazon.in/dp/B0D1JTKH23
2026-09-16 11:15:30,231 - INFO - PRODUCT: Amazon Product B0D1JTKH23
2026-09-16 11:15:30,231 - INFO - ASIN: B0D1JTKH23

PRODUCT: Amazon Product B0D1JTKH23
ASIN: B0D1JTKH23
2026-09-16 11:15:30,239 - INFO - BUY BOX SELLER: None
BUY BOX SELLER: None
2026-09-16 11:15:30,239 - INFO - AOD: Opening All Offers...
AOD: Opening All Offers...
2026-09-16 11:15:30,260 - WARNING - WARNING: AOD offer container not found. FALLBACK: Existing seller extraction
2026-09-16 11:15:30,263 - INFO - AOD EXTRACTION COMPLETE | ASIN: B0D1JTKH23 | TOTAL UNIQUE SELLERS: 0

AOD EXTRACTION COMPLETE
ASIN: B0D1JTKH23
TOTAL UNIQUE SELLERS: 0

2026-09-16 11:15:30,300 - INFO - Visible seller fallback found no seller for B0D1JTKH23
2026-09-16 11:15:30,315 - INFO - [11/20] Processing product ASIN: B09TFBQNFF
2026-09-16 11:15:30,348 - INFO - Opening Amazon product page for multi-seller extraction: https://www.amazon.in/dp/B09TFBQNFF
2026-09-16 11:15:30,942 - INFO - PRODUCT: Amazon Product B09TFBQNFF
2026-09-16 11:15:30,942 - INFO - ASIN: B09TFBQNFF

PRODUCT: Amazon Product B09TFBQNFF
ASIN: B09TFBQNFF
2026-09-16 11:15:30,950 - INFO - BUY BOX SELLER: None
BUY BOX SELLER: None
2026-09-16 11:15:30,950 - INFO - AOD: Opening All Offers...
AOD: Opening All Offers...
2026-09-16 11:15:30,972 - WARNING - WARNING: AOD offer container not found. FALLBACK: Existing seller extraction
2026-09-16 11:15:30,974 - INFO - AOD EXTRACTION COMPLETE | ASIN: B09TFBQNFF | TOTAL UNIQUE SELLERS: 0

AOD EXTRACTION COMPLETE
ASIN: B09TFBQNFF
TOTAL UNIQUE SELLERS: 0

2026-09-16 11:15:31,010 - INFO - Visible seller fallback found no seller for B09TFBQNFF
2026-09-16 11:15:31,023 - INFO - [12/20] Processing product ASIN: B0DHVH32LY
2026-09-16 11:15:31,056 - INFO - Opening Amazon product page for multi-seller extraction: https://www.amazon.in/dp/B0DHVH32LY
2026-09-16 11:15:31,636 - INFO - PRODUCT: Amazon Product B0DHVH32LY
2026-09-16 11:15:31,636 - INFO - ASIN: B0DHVH32LY

PRODUCT: Amazon Product B0DHVH32LY
ASIN: B0DHVH32LY
2026-09-16 11:15:31,644 - INFO - BUY BOX SELLER: None
BUY BOX SELLER: None
2026-09-16 11:15:31,644 - INFO - AOD: Opening All Offers...
AOD: Opening All Offers...
2026-09-16 11:15:31,666 - WARNING - WARNING: AOD offer container not found. FALLBACK: Existing seller extraction
2026-09-16 11:15:31,669 - INFO - AOD EXTRACTION COMPLETE | ASIN: B0DHVH32LY | TOTAL UNIQUE SELLERS: 0

AOD EXTRACTION COMPLETE
ASIN: B0DHVH32LY
TOTAL UNIQUE SELLERS: 0

2026-09-16 11:15:31,705 - INFO - Visible seller fallback found no seller for B0DHVH32LY
2026-09-16 11:15:31,717 - INFO - [13/20] Processing product ASIN: B09JM99TCH
2026-09-16 11:15:31,753 - INFO - Opening Amazon product page for multi-seller extraction: https://www.amazon.in/dp/B09JM99TCH
2026-09-16 11:15:32,343 - INFO - PRODUCT: Amazon Product B09JM99TCH
2026-09-16 11:15:32,343 - INFO - ASIN: B09JM99TCH

PRODUCT: Amazon Product B09JM99TCH
ASIN: B09JM99TCH
2026-09-16 11:15:32,351 - INFO - BUY BOX SELLER: None
BUY BOX SELLER: None
2026-09-16 11:15:32,351 - INFO - AOD: Opening All Offers...
AOD: Opening All Offers...
2026-09-16 11:15:32,373 - WARNING - WARNING: AOD offer container not found. FALLBACK: Existing seller extraction
2026-09-16 11:15:32,376 - INFO - AOD EXTRACTION COMPLETE | ASIN: B09JM99TCH | TOTAL UNIQUE SELLERS: 0

AOD EXTRACTION COMPLETE
ASIN: B09JM99TCH
TOTAL UNIQUE SELLERS: 0

2026-09-16 11:15:32,412 - INFO - Visible seller fallback found no seller for B09JM99TCH
2026-09-16 11:15:32,424 - INFO - [14/20] Processing product ASIN: B08BYDBQT7
2026-09-16 11:15:32,460 - INFO - Opening Amazon product page for multi-seller extraction: https://www.amazon.in/dp/B08BYDBQT7
2026-09-16 11:15:33,244 - INFO - PRODUCT: Amazon Product B08BYDBQT7
2026-09-16 11:15:33,244 - INFO - ASIN: B08BYDBQT7

PRODUCT: Amazon Product B08BYDBQT7
ASIN: B08BYDBQT7
2026-09-16 11:15:33,252 - INFO - BUY BOX SELLER: None
BUY BOX SELLER: None
2026-09-16 11:15:33,252 - INFO - AOD: Opening All Offers...
AOD: Opening All Offers...
2026-09-16 11:15:33,274 - WARNING - WARNING: AOD offer container not found. FALLBACK: Existing seller extraction
2026-09-16 11:15:33,277 - INFO - AOD EXTRACTION COMPLETE | ASIN: B08BYDBQT7 | TOTAL UNIQUE SELLERS: 0

AOD EXTRACTION COMPLETE
ASIN: B08BYDBQT7
TOTAL UNIQUE SELLERS: 0

2026-09-16 11:15:33,313 - INFO - Visible seller fallback found no seller for B08BYDBQT7
2026-09-16 11:15:33,328 - INFO - [15/20] Processing product ASIN: B0FKBR2ZKW
2026-09-16 11:15:33,359 - INFO - Opening Amazon product page for multi-seller extraction: https://www.amazon.in/dp/B0FKBR2ZKW
2026-09-16 11:15:33,986 - INFO - PRODUCT: Amazon Product B0FKBR2ZKW
2026-09-16 11:15:33,986 - INFO - ASIN: B0FKBR2ZKW

PRODUCT: Amazon Product B0FKBR2ZKW
ASIN: B0FKBR2ZKW
2026-09-16 11:15:33,994 - INFO - BUY BOX SELLER: None
BUY BOX SELLER: None
2026-09-16 11:15:33,994 - INFO - AOD: Opening All Offers...
AOD: Opening All Offers...
2026-09-16 11:15:34,016 - WARNING - WARNING: AOD offer container not found. FALLBACK: Existing seller extraction
2026-09-16 11:15:34,019 - INFO - AOD EXTRACTION COMPLETE | ASIN: B0FKBR2ZKW | TOTAL UNIQUE SELLERS: 0

AOD EXTRACTION COMPLETE
ASIN: B0FKBR2ZKW
TOTAL UNIQUE SELLERS: 0

2026-09-16 11:15:34,056 - INFO - Visible seller fallback found no seller for B0FKBR2ZKW
2026-09-16 11:15:34,069 - INFO - [16/20] Processing product ASIN: B0CHFJFYJW
2026-09-16 11:15:34,105 - INFO - Opening Amazon product page for multi-seller extraction: https://www.amazon.in/dp/B0CHFJFYJW
2026-09-16 11:15:34,848 - INFO - PRODUCT: Amazon Product B0CHFJFYJW
2026-09-16 11:15:34,848 - INFO - ASIN: B0CHFJFYJW

PRODUCT: Amazon Product B0CHFJFYJW
ASIN: B0CHFJFYJW
2026-09-16 11:15:34,856 - INFO - BUY BOX SELLER: None
BUY BOX SELLER: None
2026-09-16 11:15:34,856 - INFO - AOD: Opening All Offers...
AOD: Opening All Offers...
2026-09-16 11:15:34,877 - WARNING - WARNING: AOD offer container not found. FALLBACK: Existing seller extraction
2026-09-16 11:15:34,880 - INFO - AOD EXTRACTION COMPLETE | ASIN: B0CHFJFYJW | TOTAL UNIQUE SELLERS: 0

AOD EXTRACTION COMPLETE
ASIN: B0CHFJFYJW
TOTAL UNIQUE SELLERS: 0

2026-09-16 11:15:34,917 - INFO - Visible seller fallback found no seller for B0CHFJFYJW
2026-09-16 11:15:34,930 - INFO - [17/20] Processing product ASIN: B0H35S3N3J
2026-09-16 11:15:34,964 - INFO - Opening Amazon product page for multi-seller extraction: https://www.amazon.in/dp/B0H35S3N3J
2026-09-16 11:15:35,676 - INFO - PRODUCT: Amazon Product B0H35S3N3J
2026-09-16 11:15:35,676 - INFO - ASIN: B0H35S3N3J

PRODUCT: Amazon Product B0H35S3N3J
ASIN: B0H35S3N3J
2026-09-16 11:15:35,685 - INFO - BUY BOX SELLER: None
BUY BOX SELLER: None
2026-09-16 11:15:35,685 - INFO - AOD: Opening All Offers...
AOD: Opening All Offers...
2026-09-16 11:15:35,706 - WARNING - WARNING: AOD offer container not found. FALLBACK: Existing seller extraction
2026-09-16 11:15:35,709 - INFO - AOD EXTRACTION COMPLETE | ASIN: B0H35S3N3J | TOTAL UNIQUE SELLERS: 0

AOD EXTRACTION COMPLETE
ASIN: B0H35S3N3J
TOTAL UNIQUE SELLERS: 0

2026-09-16 11:15:35,745 - INFO - Visible seller fallback found no seller for B0H35S3N3J
2026-09-16 11:15:35,757 - INFO - [18/20] Processing product ASIN: B0GX12FMHY
2026-09-16 11:15:35,792 - INFO - Opening Amazon product page for multi-seller extraction: https://www.amazon.in/dp/B0GX12FMHY
2026-09-16 11:15:36,517 - INFO - PRODUCT: Amazon Product B0GX12FMHY
2026-09-16 11:15:36,518 - INFO - ASIN: B0GX12FMHY

PRODUCT: Amazon Product B0GX12FMHY
ASIN: B0GX12FMHY
2026-09-16 11:15:36,527 - INFO - BUY BOX SELLER: None
BUY BOX SELLER: None
2026-09-16 11:15:36,527 - INFO - AOD: Opening All Offers...
AOD: Opening All Offers...
2026-09-16 11:15:36,548 - WARNING - WARNING: AOD offer container not found. FALLBACK: Existing seller extraction
2026-09-16 11:15:36,552 - INFO - AOD EXTRACTION COMPLETE | ASIN: B0GX12FMHY | TOTAL UNIQUE SELLERS: 0

AOD EXTRACTION COMPLETE
ASIN: B0GX12FMHY
TOTAL UNIQUE SELLERS: 0

2026-09-16 11:15:36,587 - INFO - Visible seller fallback found no seller for B0GX12FMHY
2026-09-16 11:15:36,600 - INFO - [19/20] Processing product ASIN: B0G1BRYNVG
2026-09-16 11:15:36,633 - INFO - Opening Amazon product page for multi-seller extraction: https://www.amazon.in/dp/B0G1BRYNVG
2026-09-16 11:15:37,222 - INFO - PRODUCT: Amazon Product B0G1BRYNVG
2026-09-16 11:15:37,223 - INFO - ASIN: B0G1BRYNVG

PRODUCT: Amazon Product B0G1BRYNVG
ASIN: B0G1BRYNVG
2026-09-16 11:15:37,230 - INFO - BUY BOX SELLER: None
BUY BOX SELLER: None
2026-09-16 11:15:37,231 - INFO - AOD: Opening All Offers...
AOD: Opening All Offers...
2026-09-16 11:15:37,252 - WARNING - WARNING: AOD offer container not found. FALLBACK: Existing seller extraction
2026-09-16 11:15:37,256 - INFO - AOD EXTRACTION COMPLETE | ASIN: B0G1BRYNVG | TOTAL UNIQUE SELLERS: 0

AOD EXTRACTION COMPLETE
ASIN: B0G1BRYNVG
TOTAL UNIQUE SELLERS: 0

2026-09-16 11:15:37,292 - INFO - Visible seller fallback found no seller for B0G1BRYNVG
2026-09-16 11:15:37,306 - INFO - [20/20] Processing product ASIN: B0GYNG559P
2026-09-16 11:15:37,342 - INFO - Opening Amazon product page for multi-seller extraction: https://www.amazon.in/dp/B0GYNG559P
2026-09-16 11:15:38,135 - INFO - PRODUCT: Amazon Product B0GYNG559P
2026-09-16 11:15:38,136 - INFO - ASIN: B0GYNG559P

PRODUCT: Amazon Product B0GYNG559P
ASIN: B0GYNG559P
2026-09-16 11:15:38,144 - INFO - BUY BOX SELLER: None
BUY BOX SELLER: None
2026-09-16 11:15:38,144 - INFO - AOD: Opening All Offers...
AOD: Opening All Offers...
2026-09-16 11:15:38,166 - WARNING - WARNING: AOD offer container not found. FALLBACK: Existing seller extraction
2026-09-16 11:15:38,169 - INFO - AOD EXTRACTION COMPLETE | ASIN: B0GYNG559P | TOTAL UNIQUE SELLERS: 0

AOD EXTRACTION COMPLETE
ASIN: B0GYNG559P
TOTAL UNIQUE SELLERS: 0

2026-09-16 11:15:38,208 - INFO - Visible seller fallback found no seller for B0GYNG559P
2026-09-16 11:15:38,222 - INFO - Top businesses requested: 100, found: 4 for 'Finger Guards'
2026-09-16 11:15:38,222 - INFO - Starting Phase 2 Deep Enrichment Waterfall for top 4 businesses...

========================================
ENRICHING SELLER
========================================
Category:
Finger Guards

Seller:
Sheetal Traders...

Seller:
1 / 4

Elapsed:
380 seconds
========================================

2026-09-16 11:15:38,222 - INFO - Starting Public Enrichment Waterfall for business 'Sheetal Traders...'...
2026-09-16 11:15:38,254 - INFO - [ENRICH] Searching web: "Sheetal Traders..." email
2026-09-16 11:15:39,787 - WARNING - DuckDuckGo returned status 202 (length: 14141). Triggering immediate failover within 1.5s.

----------------------------------------
SEARCH DIAGNOSTICS
SEARCH QUERY: Sheetal Traders... official website
SEARCH ENGINE: DuckDuckGo
HTTP STATUS: 202
RESULT PAGE TITLE: DuckDuckGo
RESULT URL: https://html.duckduckgo.com/html/?q=Sheetal+Traders...+official+website
RESULT HTML LENGTH: 14141
EXTRACTED URL COUNT: 0
----------------------------------------
SEARCH RESULT: 0 usable URLs returned from DuckDuckGo
Switching to Fallback Provider (Yahoo)...

----------------------------------------
FALLBACK SEARCH DIAGNOSTICS
SEARCH QUERY: Sheetal Traders... official website
SEARCH ENGINE: Yahoo
HTTP STATUS: 200
RESULT PAGE TITLE: Sheetal Traders... official website - Yahoo Search Results
RESULT URL: https://search.yahoo.com/search?p=Sheetal+Traders...+official+website
RESULT HTML LENGTH: 140757
EXTRACTED URL COUNT: 2
----------------------------------------
SEARCH RESULT: 2 usable URLs discovered from Yahoo
2026-09-16 11:15:40,957 - INFO - Verifying website ownership candidate: https://www.sheetaltraders.com/
2026-09-16 11:15:41,070 - INFO - Verifying website ownership candidate: https://www.sheetaltraders.in/
2026-09-16 11:15:41,370 - INFO - Verifying website ownership candidate: https://sheetaltrader.com/
2026-09-16 11:15:43,621 - INFO - Verifying website ownership candidate: https://sheetalonline.com/

ENRICHMENT:
Seller = Sheetal Traders...
Field = PAN
Progress = 2/7
2026-09-16 11:15:44,138 - WARNING - DuckDuckGo returned status 202 (length: 14118). Triggering immediate failover within 1.5s.

----------------------------------------
SEARCH DIAGNOSTICS
SEARCH QUERY: "Sheetal Traders..." PAN card number
SEARCH ENGINE: DuckDuckGo
HTTP STATUS: 202
RESULT PAGE TITLE: DuckDuckGo
RESULT URL: https://html.duckduckgo.com/html/?q=%22Sheetal+Traders...%22+PAN+card+number
RESULT HTML LENGTH: 14118
EXTRACTED URL COUNT: 0
----------------------------------------
SEARCH RESULT: 0 usable URLs returned from DuckDuckGo
Switching to Fallback Provider (Yahoo)...

----------------------------------------
FALLBACK SEARCH DIAGNOSTICS
SEARCH QUERY: "Sheetal Traders..." PAN card number
SEARCH ENGINE: Yahoo
HTTP STATUS: 200
RESULT PAGE TITLE: Sheetal Traders... PAN card number - Yahoo Search Results
RESULT URL: https://search.yahoo.com/search?p=%22Sheetal+Traders...%22+PAN+card+number
RESULT HTML LENGTH: 176984
EXTRACTED URL COUNT: 4
----------------------------------------
SEARCH RESULT: 4 usable URLs discovered from Yahoo
2026-09-16 11:15:45,151 - INFO - Fetching text from target page: https://gst.iadv.io/SHEETAL-TRADERS-27AAZPR9243F1ZW/

ENRICHMENT:
Seller = Sheetal Traders...
Field = Owner
Progress = 4/7
2026-09-16 11:15:46,254 - WARNING - DuckDuckGo returned status 202 (length: 14188). Triggering immediate failover within 1.5s.

----------------------------------------
SEARCH DIAGNOSTICS
SEARCH QUERY: "Sheetal Traders..." "27AAZPR9243F1ZW" director owner ZaubaCorp Tofler
SEARCH ENGINE: DuckDuckGo
HTTP STATUS: 202
RESULT PAGE TITLE: DuckDuckGo
RESULT URL: https://html.duckduckgo.com/html/?q=%22Sheetal+Traders...%22+%2227AAZPR9243F1ZW%22+director+owner+ZaubaCorp+Tofler
RESULT HTML LENGTH: 14188
EXTRACTED URL COUNT: 0
----------------------------------------
SEARCH RESULT: 0 usable URLs returned from DuckDuckGo
Switching to Fallback Provider (Yahoo)...

----------------------------------------
FALLBACK SEARCH DIAGNOSTICS
SEARCH QUERY: "Sheetal Traders..." "27AAZPR9243F1ZW" director owner ZaubaCorp Tofler
SEARCH ENGINE: Yahoo
HTTP STATUS: 200
RESULT PAGE TITLE: Sheetal Traders... 27AAZPR9243F1ZW director owner ZaubaCorp Tofler - Yahoo Search Results
RESULT URL: https://search.yahoo.com/search?p=%22Sheetal+Traders...%22+%2227AAZPR9243F1ZW%22+director+owner+ZaubaCorp+Tofler
RESULT HTML LENGTH: 106109
EXTRACTED URL COUNT: 1
----------------------------------------
SEARCH RESULT: 1 usable URLs discovered from Yahoo
2026-09-16 11:15:47,103 - INFO - Fetching text from target page: https://gst.iadv.io/SHEETAL-TRADERS-27AAZPR9243F1ZW/
2026-09-16 11:15:47,532 - WARNING - DuckDuckGo returned status 202 (length: 14144). Triggering immediate failover within 1.5s.

----------------------------------------
SEARCH DIAGNOSTICS
SEARCH QUERY: "Sheetal Traders..." director owner ZaubaCorp Tofler
SEARCH ENGINE: DuckDuckGo
HTTP STATUS: 202
RESULT PAGE TITLE: DuckDuckGo
RESULT URL: https://html.duckduckgo.com/html/?q=%22Sheetal+Traders...%22+director+owner+ZaubaCorp+Tofler
RESULT HTML LENGTH: 14144
EXTRACTED URL COUNT: 0
----------------------------------------
SEARCH RESULT: 0 usable URLs returned from DuckDuckGo
Switching to Fallback Provider (Yahoo)...

----------------------------------------
FALLBACK SEARCH DIAGNOSTICS
SEARCH QUERY: "Sheetal Traders..." director owner ZaubaCorp Tofler
SEARCH ENGINE: Yahoo
HTTP STATUS: 200
RESULT PAGE TITLE: Sheetal Traders... director owner ZaubaCorp Tofler - Yahoo Search Results
RESULT URL: https://search.yahoo.com/search?p=%22Sheetal+Traders...%22+director+owner+ZaubaCorp+Tofler
RESULT HTML LENGTH: 117081
EXTRACTED URL COUNT: 4
----------------------------------------
SEARCH RESULT: 4 usable URLs discovered from Yahoo
2026-09-16 11:15:48,526 - INFO - Fetching text from target page: https://www.dnb.com/business-directory/company-profiles.sheetal_traders.bd9608704746ffedcb65e48ee55d508b.html
2026-09-16 11:15:48,613 - INFO - Fetching text from target page: https://www.zaubacorp.com/
2026-09-16 11:15:48,692 - INFO - Fetching text from target page: https://www.dnb.com/business-directory/company-profiles.sheetal_traders.1de5f1b43fde573bfdebc0cfcccaa20a.html
2026-09-16 11:15:48,748 - INFO - Fetching text from target page: https://www.dnb.com/business-directory/company-profiles.sheetal_traders.f2329d3efe7c681a67e7f06eb042d9d2.html
2026-09-16 11:15:48,769 - INFO - FIELD SEARCH EXHAUSTED: Owner

ENRICHMENT:
Seller = Sheetal Traders...
Field = Address
Progress = 5/7

ENRICHMENT HEARTBEAT:
Seller = Sheetal Traders...
Elapsed = 11s
Current field = Address (Attempt 1)

2026-09-16 11:15:48,769 - INFO - ENRICHMENT HEARTBEAT: Seller = Sheetal Traders..., Elapsed = 11s, Current field = Address (Attempt 1)
2026-09-16 11:15:48,876 - WARNING - DuckDuckGo returned status 202 (length: 14160). Triggering immediate failover within 1.5s.

----------------------------------------
SEARCH DIAGNOSTICS
SEARCH QUERY: "Sheetal Traders..." registered office address corporate office
SEARCH ENGINE: DuckDuckGo
HTTP STATUS: 202
RESULT PAGE TITLE: DuckDuckGo
RESULT URL: https://html.duckduckgo.com/html/?q=%22Sheetal+Traders...%22+registered+office+address+corporate+office
RESULT HTML LENGTH: 14160
EXTRACTED URL COUNT: 0
----------------------------------------
SEARCH RESULT: 0 usable URLs returned from DuckDuckGo
Switching to Fallback Provider (Yahoo)...

----------------------------------------
FALLBACK SEARCH DIAGNOSTICS
SEARCH QUERY: "Sheetal Traders..." registered office address corporate office
SEARCH ENGINE: Yahoo
HTTP STATUS: 200
RESULT PAGE TITLE: Sheetal Traders... registered office address corporate office - Yahoo Search Results
RESULT URL: https://search.yahoo.com/search?p=%22Sheetal+Traders...%22+registered+office+address+corporate+office
RESULT HTML LENGTH: 168414
EXTRACTED URL COUNT: 4
----------------------------------------
SEARCH RESULT: 4 usable URLs discovered from Yahoo
2026-09-16 11:15:49,965 - INFO - Fetching text from target page: https://www.northwestregisteredagent.com/125-northwest-ra?msclkid=85ec698fda1814b917fe0325a07d47ab&utm_source=bing&utm_medium=cpc&utm_campaign=RA%20-%20Registered%20Agent%20-%20National&utm_term=registered%20agent&utm_content=RA%20Service%20-National
2026-09-16 11:15:50,779 - INFO - Fetching text from target page: https://www.northwestregisteredagent.com/125-northwest-ra?msclkid=cd195759a8af18b473673df3d2cab420&utm_source=bing&utm_medium=cpc&utm_campaign=RA%20-%20Registered%20Agent%20-%20National&utm_term=registered%20agent&utm_content=RA%20Service%20-National
2026-09-16 11:15:51,345 - INFO - Fetching text from target page: https://www.northwestregisteredagent.com/contact-us-ppc?msclkid=6d7a98848c161ff2c424f22ef673f964&utm_source=bing&utm_medium=cpc&utm_campaign=RA%20-%20Registered%20Agent%20-%20National&utm_term=registered%20agent&utm_content=RA%20Service%20-National
2026-09-16 11:15:51,757 - INFO - Fetching text from target page: https://www.northwestregisteredagent.com/llc-ppc?msclkid=e8f4682f8dcd115c63e20285f7a8bb24&utm_source=bing&utm_medium=cpc&utm_campaign=RA%20-%20Registered%20Agent%20-%20National&utm_term=registered%20agent&utm_content=RA%20Service%20-National
2026-09-16 11:15:52,440 - WARNING - DuckDuckGo returned status 202 (length: 14110). Triggering immediate failover within 1.5s.

----------------------------------------
SEARCH DIAGNOSTICS
SEARCH QUERY: "Sheetal Traders..." India contact address
SEARCH ENGINE: DuckDuckGo
HTTP STATUS: 202
RESULT PAGE TITLE: DuckDuckGo
RESULT URL: https://html.duckduckgo.com/html/?q=%22Sheetal+Traders...%22+India+contact+address
RESULT HTML LENGTH: 14110
EXTRACTED URL COUNT: 0
----------------------------------------
SEARCH RESULT: 0 usable URLs returned from DuckDuckGo
Switching to Fallback Provider (Yahoo)...

----------------------------------------
FALLBACK SEARCH DIAGNOSTICS
SEARCH QUERY: "Sheetal Traders..." India contact address
SEARCH ENGINE: Yahoo
HTTP STATUS: 200
RESULT PAGE TITLE: Sheetal Traders... India contact address - Yahoo Search Results
RESULT URL: https://search.yahoo.com/search?p=%22Sheetal+Traders...%22+India+contact+address
RESULT HTML LENGTH: 119009
EXTRACTED URL COUNT: 4
----------------------------------------
SEARCH RESULT: 4 usable URLs discovered from Yahoo
2026-09-16 11:15:53,443 - INFO - Fetching text from target page: https://www.indiaindustry.biz/company-sheetal-traders-in-karnataka-80993
2026-09-16 11:15:54,111 - INFO - Fetching text from target page: https://www.dial4trade.com/sheetal-traders-1311922/contact-us.htm
2026-09-16 11:15:54,177 - INFO - Fetching text from target page: https://www.indiaindustry.biz/company-sheetal-traders-in-delhi-65371
2026-09-16 11:15:54,585 - INFO - Fetching text from target page: https://www.dnb.com/business-directory/company-profiles.sheetal_traders.f2329d3efe7c681a67e7f06eb042d9d2.html
2026-09-16 11:15:54,634 - INFO - FIELD SEARCH EXHAUSTED: Address

ENRICHMENT:
Seller = Sheetal Traders...
Field = Phone
Progress = 6/7
2026-09-16 11:15:54,761 - WARNING - DuckDuckGo returned status 202 (length: 14217). Triggering immediate failover within 1.5s.

----------------------------------------
SEARCH DIAGNOSTICS
SEARCH QUERY: "Sheetal Traders..." India contact email phone official website
SEARCH ENGINE: DuckDuckGo
HTTP STATUS: 202
RESULT PAGE TITLE: DuckDuckGo
RESULT URL: https://html.duckduckgo.com/html/?q=%22Sheetal+Traders...%22+India+contact+email+phone+official+website
RESULT HTML LENGTH: 14217
EXTRACTED URL COUNT: 0
----------------------------------------
SEARCH RESULT: 0 usable URLs returned from DuckDuckGo
Switching to Fallback Provider (Yahoo)...

----------------------------------------
FALLBACK SEARCH DIAGNOSTICS
SEARCH QUERY: "Sheetal Traders..." India contact email phone official website
SEARCH ENGINE: Yahoo
HTTP STATUS: 200
RESULT PAGE TITLE: Sheetal Traders... India contact email phone official website - Yahoo Search Results
RESULT URL: https://search.yahoo.com/search?p=%22Sheetal+Traders...%22+India+contact+email+phone+official+website
RESULT HTML LENGTH: 137208
EXTRACTED URL COUNT: 4
----------------------------------------
SEARCH RESULT: 4 usable URLs discovered from Yahoo
2026-09-16 11:15:55,763 - INFO - Fetching text from target page: https://www.indiaindustry.biz/company-sheetal-traders-in-karnataka-80993
2026-09-16 11:15:55,864 - INFO - Fetching text from target page: https://www.dial4trade.com/sheetal-traders-1311922/contact-us.htm
2026-09-16 11:15:55,916 - INFO - Fetching text from target page: https://www.dial4trade.com/sheetal-traders-1843112/contact-us.htm
2026-09-16 11:15:55,933 - INFO - Fetching text from target page: https://www.indiaindustry.biz/company-sheetal-traders-regd-in-delhi-1688
2026-09-16 11:15:56,545 - WARNING - DuckDuckGo returned status 202 (length: 14120). Triggering immediate failover within 1.5s.

----------------------------------------
SEARCH DIAGNOSTICS
SEARCH QUERY: "Sheetal Traders..." customer care phone email
SEARCH ENGINE: DuckDuckGo
HTTP STATUS: 202
RESULT PAGE TITLE: DuckDuckGo
RESULT URL: https://html.duckduckgo.com/html/?q=%22Sheetal+Traders...%22+customer+care+phone+email
RESULT HTML LENGTH: 14120
EXTRACTED URL COUNT: 0
----------------------------------------
SEARCH RESULT: 0 usable URLs returned from DuckDuckGo
Switching to Fallback Provider (Yahoo)...

----------------------------------------
FALLBACK SEARCH DIAGNOSTICS
SEARCH QUERY: "Sheetal Traders..." customer care phone email
SEARCH ENGINE: Yahoo
HTTP STATUS: 200
RESULT PAGE TITLE: Sheetal Traders... customer care phone email - Yahoo Search Results
RESULT URL: https://search.yahoo.com/search?p=%22Sheetal+Traders...%22+customer+care+phone+email
RESULT HTML LENGTH: 166615
EXTRACTED URL COUNT: 4
----------------------------------------
SEARCH RESULT: 4 usable URLs discovered from Yahoo
2026-09-16 11:15:57,631 - INFO - Fetching text from target page: http://sheetaltrader.com/
2026-09-16 11:15:58,599 - INFO - [INFO] Scraped 'Sheetal Traders...' -> GST: YES | Phone: YES | Address: YES | Email: YES | PAN: YES | Website: NO

SELLER ENRICHMENT COMPLETE

Seller:
Sheetal Traders...

Fields found:
Phone: YES
Email: YES
GST: YES
PAN: YES
Address: YES
Website: NO

Continuing to next seller...


========================================
ENRICHING SELLER
========================================
Category:
Finger Guards

Seller:
FreshDcart®

Seller:
2 / 4

Elapsed:
401 seconds
========================================

2026-09-16 11:15:58,634 - INFO - Starting Public Enrichment Waterfall for business 'FreshDcart®'...
2026-09-16 11:15:58,662 - INFO - [ENRICH] Searching web: "FreshDcart®" email
2026-09-16 11:16:00,498 - WARNING - DuckDuckGo returned status 202 (length: 14115). Triggering immediate failover within 1.5s.

----------------------------------------
SEARCH DIAGNOSTICS
SEARCH QUERY: FreshDcart® official website
SEARCH ENGINE: DuckDuckGo
HTTP STATUS: 202
RESULT PAGE TITLE: DuckDuckGo
RESULT URL: https://html.duckduckgo.com/html/?q=FreshDcart%C2%AE+official+website
RESULT HTML LENGTH: 14115
EXTRACTED URL COUNT: 0
----------------------------------------
SEARCH RESULT: 0 usable URLs returned from DuckDuckGo
Switching to Fallback Provider (Yahoo)...

----------------------------------------
FALLBACK SEARCH DIAGNOSTICS
SEARCH QUERY: FreshDcart® official website
SEARCH ENGINE: Yahoo
HTTP STATUS: 200
RESULT PAGE TITLE: FreshDcart® official website - Yahoo Search Results
RESULT URL: https://search.yahoo.com/search?p=FreshDcart%C2%AE+official+website
RESULT HTML LENGTH: 144979
EXTRACTED URL COUNT: 2
----------------------------------------
SEARCH RESULT: 2 usable URLs discovered from Yahoo
2026-09-16 11:16:01,468 - INFO - Verifying website ownership candidate: https://www.freshdcart.com/
2026-09-16 11:16:03,636 - INFO - Successfully verified website candidate 'https://www.freshdcart.com/' for business 'FreshDcart®'
2026-09-16 11:16:03,636 - INFO - Verified official website for 'FreshDcart®': https://www.freshdcart.com/

ENRICHMENT:
Seller = FreshDcart®
Field = PAN
Progress = 2/7

ENRICHMENT HEARTBEAT:
Seller = FreshDcart®
Elapsed = 10s
Current field = PAN (Attempt 1)

2026-09-16 11:16:08,766 - INFO - ENRICHMENT HEARTBEAT: Seller = FreshDcart®, Elapsed = 10s, Current field = PAN (Attempt 1)
2026-09-16 11:16:08,897 - WARNING - DuckDuckGo returned status 202 (length: 14098). Triggering immediate failover within 1.5s.

----------------------------------------
SEARCH DIAGNOSTICS
SEARCH QUERY: "FreshDcart®" PAN card number
SEARCH ENGINE: DuckDuckGo
HTTP STATUS: 202
RESULT PAGE TITLE: DuckDuckGo
RESULT URL: https://html.duckduckgo.com/html/?q=%22FreshDcart%C2%AE%22+PAN+card+number
RESULT HTML LENGTH: 14098
EXTRACTED URL COUNT: 0
----------------------------------------
SEARCH RESULT: 0 usable URLs returned from DuckDuckGo
Switching to Fallback Provider (Yahoo)...

----------------------------------------
FALLBACK SEARCH DIAGNOSTICS
SEARCH QUERY: "FreshDcart®" PAN card number
SEARCH ENGINE: Yahoo
HTTP STATUS: 200
RESULT PAGE TITLE: FreshDcart® PAN card number - Yahoo Search Results
RESULT URL: https://search.yahoo.com/search?p=%22FreshDcart%C2%AE%22+PAN+card+number
RESULT HTML LENGTH: 188190
EXTRACTED URL COUNT: 4
----------------------------------------
SEARCH RESULT: 4 usable URLs discovered from Yahoo
2026-09-16 11:16:09,934 - INFO - Fetching text from target page: https://www.knowyourgst.com/gst-number-search/freshdcart-06BPLPD6902H1Z0/

ENRICHMENT:
Seller = FreshDcart®
Field = Owner
Progress = 4/7
2026-09-16 11:16:11,031 - WARNING - DuckDuckGo returned status 202 (length: 14192). Triggering immediate failover within 1.5s.

----------------------------------------
SEARCH DIAGNOSTICS
SEARCH QUERY: "FreshDcart®" "06BPLPD6902H1Z0" director owner ZaubaCorp Tofler
SEARCH ENGINE: DuckDuckGo
HTTP STATUS: 202
RESULT PAGE TITLE: DuckDuckGo
RESULT URL: https://html.duckduckgo.com/html/?q=%22FreshDcart%C2%AE%22+%2206BPLPD6902H1Z0%22+director+owner+ZaubaCorp+Tofler
RESULT HTML LENGTH: 14192
EXTRACTED URL COUNT: 0
----------------------------------------
SEARCH RESULT: 0 usable URLs returned from DuckDuckGo
Switching to Fallback Provider (Yahoo)...

----------------------------------------
FALLBACK SEARCH DIAGNOSTICS
SEARCH QUERY: "FreshDcart®" "06BPLPD6902H1Z0" director owner ZaubaCorp Tofler
SEARCH ENGINE: Yahoo
HTTP STATUS: 200
RESULT PAGE TITLE: FreshDcart® 06BPLPD6902H1Z0 director owner ZaubaCorp Tofler - Yahoo Search Results
RESULT URL: https://search.yahoo.com/search?p=%22FreshDcart%C2%AE%22+%2206BPLPD6902H1Z0%22+director+owner+ZaubaCorp+Tofler
RESULT HTML LENGTH: 119081
EXTRACTED URL COUNT: 4
----------------------------------------
SEARCH RESULT: 4 usable URLs discovered from Yahoo
2026-09-16 11:16:11,948 - INFO - Fetching text from target page: https://www.knowyourgst.com/gst-number-search/freshdcart-06BPLPD6902H1Z0/
2026-09-16 11:16:12,318 - INFO - Fetching text from target page: https://www.mastersindia.co/gst-search/?name=abhijeet-rajendra-dukhande&gstin=06BPLPD6902H1Z0
2026-09-16 11:16:13,026 - INFO - Fetching text from target page: https://www.scribd.com/document/869784151/1
2026-09-16 11:16:13,102 - INFO - Fetching text from target page: https://www.dnb.com/business-directory/company-profiles/freshcart-inc.4efaccfe09c1b8e83818765cebb74e61
2026-09-16 11:16:13,272 - WARNING - DuckDuckGo returned status 202 (length: 14124). Triggering immediate failover within 1.5s.

----------------------------------------
SEARCH DIAGNOSTICS
SEARCH QUERY: "FreshDcart®" director owner ZaubaCorp Tofler
SEARCH ENGINE: DuckDuckGo
HTTP STATUS: 202
RESULT PAGE TITLE: DuckDuckGo
RESULT URL: https://html.duckduckgo.com/html/?q=%22FreshDcart%C2%AE%22+director+owner+ZaubaCorp+Tofler
RESULT HTML LENGTH: 14124
EXTRACTED URL COUNT: 0
----------------------------------------
SEARCH RESULT: 0 usable URLs returned from DuckDuckGo
Switching to Fallback Provider (Yahoo)...

----------------------------------------
FALLBACK SEARCH DIAGNOSTICS
SEARCH QUERY: "FreshDcart®" director owner ZaubaCorp Tofler
SEARCH ENGINE: Yahoo
HTTP STATUS: 200
RESULT PAGE TITLE: FreshDcart® director owner ZaubaCorp Tofler - Yahoo Search Results
RESULT URL: https://search.yahoo.com/search?p=%22FreshDcart%C2%AE%22+director+owner+ZaubaCorp+Tofler
RESULT HTML LENGTH: 121263
EXTRACTED URL COUNT: 4
----------------------------------------
SEARCH RESULT: 4 usable URLs discovered from Yahoo
2026-09-16 11:16:14,288 - INFO - Fetching text from target page: https://www.zaubacorp.com/
2026-09-16 11:16:14,365 - INFO - Fetching text from target page: https://www.zaubacorp.com/signin
2026-09-16 11:16:14,393 - INFO - Fetching text from target page: https://www.zaubacorp.com/companies-list
2026-09-16 11:16:14,418 - INFO - Fetching text from target page: https://www.zaubacorp.com/AMAZON-DEVELOPMENT-CENTRE-INDIA-PRIVATE-LIMITED-U72200KA2004FTC034233
2026-09-16 11:16:14,439 - INFO - FIELD SEARCH EXHAUSTED: Owner
2026-09-16 11:16:14,443 - INFO - [INFO] Scraped 'FreshDcart®' -> GST: YES | Phone: YES | Address: YES | Email: YES | PAN: YES | Website: YES

SELLER ENRICHMENT COMPLETE

Seller:
FreshDcart®

Fields found:
Phone: YES
Email: YES
GST: YES
PAN: YES
Address: YES
Website: YES

Continuing to next seller...


========================================
ENRICHING SELLER
========================================
Category:
Finger Guards

Seller:
finistra

Seller:
3 / 4

Elapsed:
417 seconds
========================================

2026-09-16 11:16:14,477 - INFO - Starting Public Enrichment Waterfall for business 'finistra'...
2026-09-16 11:16:14,509 - INFO - [ENRICH] Searching web: "finistra" email
2026-09-16 11:16:15,886 - WARNING - DuckDuckGo returned status 202 (length: 14102). Triggering immediate failover within 1.5s.

----------------------------------------
SEARCH DIAGNOSTICS
SEARCH QUERY: finistra official website
SEARCH ENGINE: DuckDuckGo
HTTP STATUS: 202
RESULT PAGE TITLE: DuckDuckGo
RESULT URL: https://html.duckduckgo.com/html/?q=finistra+official+website
RESULT HTML LENGTH: 14102
EXTRACTED URL COUNT: 0
----------------------------------------
SEARCH RESULT: 0 usable URLs returned from DuckDuckGo
Switching to Fallback Provider (Yahoo)...

----------------------------------------
FALLBACK SEARCH DIAGNOSTICS
SEARCH QUERY: finistra official website
SEARCH ENGINE: Yahoo
HTTP STATUS: 200
RESULT PAGE TITLE: finistra official website - Yahoo Search Results
RESULT URL: https://search.yahoo.com/search?p=finistra+official+website
RESULT HTML LENGTH: 225759
EXTRACTED URL COUNT: 2
----------------------------------------
SEARCH RESULT: 2 usable URLs discovered from Yahoo
2026-09-16 11:16:16,995 - INFO - Verifying website ownership candidate: https://www.finistra.com/
2026-09-16 11:16:17,410 - INFO - Verifying website ownership candidate: https://www.finistra.in/
2026-09-16 11:16:17,473 - INFO - Verifying website ownership candidate: https://www.renewalbyandersenoffers.com/wiz-door/20off/2step?eccmp=6604&headline=Get+Your+Free+Window+and+Door+Quote&eckwd=window%20and%20door%20companies&ecadid=85144027660258&ecplacement=&ecadpos=&ecmatch=p&eclocid=66702&ectrgtid=kwd-85144852481130:loc-4129&ecfeedid=&ecnwk=o&ecdevice=c&ecadgpid=1362297628666541&msclkid=9f7eff876ba414a930fd952d11246f83
2026-09-16 11:16:17,588 - INFO - Verifying website ownership candidate: https://monitor.clickcease.com/tracker/tracker.aspx?id=XSctNNzOB25Vsa&adpos=&locphisical=66702&locinterest=&adgrp=1279832880601650&kw=window%20replacement%20company&nw=o&url=https%3A%2F%2Fwww.alcohomeimprovements.com%2F%3Futm_source%3Dbing%26utm_medium%3Dsearch%26utm_campaign%3Dwindowconv%26utm_source%3Dbing%26utm_campaign%3DWR-Branding%26utm_term%3Dwindow%2520replacement%2520company%26matchtype%3Dp%26keyword%3Dwindow%2520replacement%2520company&cpn=486288853&device=c&ccpturl=alcoproductsinc.com&pl=&msclkid=565dfa39660e101fd59790931c8e9675&utm_source=bing&utm_medium=cpc&utm_campaign=Non%20l%20Windows%20l%20Max%20Conv&utm_term=window%20replacement%20company&utm_content=General

ENRICHMENT:
Seller = finistra
Field = PAN
Progress = 2/7
2026-09-16 11:16:19,337 - WARNING - DuckDuckGo returned status 202 (length: 14086). Triggering immediate failover within 1.5s.

----------------------------------------
SEARCH DIAGNOSTICS
SEARCH QUERY: "finistra" PAN card number
SEARCH ENGINE: DuckDuckGo
HTTP STATUS: 202
RESULT PAGE TITLE: DuckDuckGo
RESULT URL: https://html.duckduckgo.com/html/?q=%22finistra%22+PAN+card+number
RESULT HTML LENGTH: 14086
EXTRACTED URL COUNT: 0
----------------------------------------
SEARCH RESULT: 0 usable URLs returned from DuckDuckGo
Switching to Fallback Provider (Yahoo)...

----------------------------------------
FALLBACK SEARCH DIAGNOSTICS
SEARCH QUERY: "finistra" PAN card number
SEARCH ENGINE: Yahoo
HTTP STATUS: 200
RESULT PAGE TITLE: finistra PAN card number - Yahoo Search Results
RESULT URL: https://search.yahoo.com/search?p=%22finistra%22+PAN+card+number
RESULT HTML LENGTH: 192838
EXTRACTED URL COUNT: 4
----------------------------------------
SEARCH RESULT: 4 usable URLs discovered from Yahoo
2026-09-16 11:16:20,335 - INFO - Fetching text from target page: https://binlist.io/
2026-09-16 11:16:20,581 - INFO - Fetching text from target page: https://binlist.io/banks/all/
2026-09-16 11:16:20,646 - INFO - Fetching text from target page: https://binlist.io/schemes/all/
2026-09-16 11:16:20,671 - INFO - Fetching text from target page: https://binlist.io/countries/all/
2026-09-16 11:16:20,804 - WARNING - DuckDuckGo returned status 202 (length: 14100). Triggering immediate failover within 1.5s.

----------------------------------------
SEARCH DIAGNOSTICS
SEARCH QUERY: "finistra" PAN number
SEARCH ENGINE: DuckDuckGo
HTTP STATUS: 202
RESULT PAGE TITLE: DuckDuckGo
RESULT URL: https://html.duckduckgo.com/html/?q=%22finistra%22+PAN+number
RESULT HTML LENGTH: 14100
EXTRACTED URL COUNT: 0
----------------------------------------
SEARCH RESULT: 0 usable URLs returned from DuckDuckGo
Switching to Fallback Provider (Yahoo)...

----------------------------------------
FALLBACK SEARCH DIAGNOSTICS
SEARCH QUERY: "finistra" PAN number
SEARCH ENGINE: Yahoo
HTTP STATUS: 200
RESULT PAGE TITLE: finistra PAN number - Yahoo Search Results
RESULT URL: https://search.yahoo.com/search?p=%22finistra%22+PAN+number
RESULT HTML LENGTH: 305529
EXTRACTED URL COUNT: 0
----------------------------------------
SEARCH RESULT: 0 usable URLs returned
No results for PAN (Attempt 2). Moving to next attempt.
2026-09-16 11:16:21,801 - INFO - FIELD SEARCH EXHAUSTED: PAN

ENRICHMENT:
Seller = finistra
Field = GST
Progress = 3/7
2026-09-16 11:16:21,917 - WARNING - DuckDuckGo returned status 202 (length: 14092). Triggering immediate failover within 1.5s.

----------------------------------------
SEARCH DIAGNOSTICS
SEARCH QUERY: "finistra" GSTIN registration
SEARCH ENGINE: DuckDuckGo
HTTP STATUS: 202
RESULT PAGE TITLE: DuckDuckGo
RESULT URL: https://html.duckduckgo.com/html/?q=%22finistra%22+GSTIN+registration
RESULT HTML LENGTH: 14092
EXTRACTED URL COUNT: 0
----------------------------------------
SEARCH RESULT: 0 usable URLs returned from DuckDuckGo
Switching to Fallback Provider (Yahoo)...

----------------------------------------
FALLBACK SEARCH DIAGNOSTICS
SEARCH QUERY: "finistra" GSTIN registration
SEARCH ENGINE: Yahoo
HTTP STATUS: 200
RESULT PAGE TITLE: finistra GSTIN registration - Yahoo Search Results
RESULT URL: https://search.yahoo.com/search?p=%22finistra%22+GSTIN+registration
RESULT HTML LENGTH: 126256
EXTRACTED URL COUNT: 0
----------------------------------------
SEARCH RESULT: 0 usable URLs returned
No results for GST (Attempt 1). Moving to next attempt.
2026-09-16 11:16:22,970 - WARNING - DuckDuckGo returned status 202 (length: 14087). Triggering immediate failover within 1.5s.

----------------------------------------
SEARCH DIAGNOSTICS
SEARCH QUERY: "finistra" GST number India
SEARCH ENGINE: DuckDuckGo
HTTP STATUS: 202
RESULT PAGE TITLE: DuckDuckGo
RESULT URL: https://html.duckduckgo.com/html/?q=%22finistra%22+GST+number+India
RESULT HTML LENGTH: 14087
EXTRACTED URL COUNT: 0
----------------------------------------
SEARCH RESULT: 0 usable URLs returned from DuckDuckGo
Switching to Fallback Provider (Yahoo)...

----------------------------------------
FALLBACK SEARCH DIAGNOSTICS
SEARCH QUERY: "finistra" GST number India
SEARCH ENGINE: Yahoo
HTTP STATUS: 200
RESULT PAGE TITLE: finistra GST number India - Yahoo Search Results
RESULT URL: https://search.yahoo.com/search?p=%22finistra%22+GST+number+India
RESULT HTML LENGTH: 162009
EXTRACTED URL COUNT: 4
----------------------------------------
SEARCH RESULT: 4 usable URLs discovered from Yahoo
2026-09-16 11:16:23,996 - INFO - Fetching text from target page: https://www.gstsearch.net/

ENRICHMENT:
Seller = finistra
Field = Owner
Progress = 4/7

ENRICHMENT HEARTBEAT:
Seller = finistra
Elapsed = 10s
Current field = Owner (Attempt 1)

2026-09-16 11:16:24,954 - INFO - ENRICHMENT HEARTBEAT: Seller = finistra, Elapsed = 10s, Current field = Owner (Attempt 1)
2026-09-16 11:16:25,069 - WARNING - DuckDuckGo returned status 202 (length: 14168). Triggering immediate failover within 1.5s.

----------------------------------------
SEARCH DIAGNOSTICS
SEARCH QUERY: "finistra" "27AAPFU0939F1ZV" director owner ZaubaCorp Tofler
SEARCH ENGINE: DuckDuckGo
HTTP STATUS: 202
RESULT PAGE TITLE: DuckDuckGo
RESULT URL: https://html.duckduckgo.com/html/?q=%22finistra%22+%2227AAPFU0939F1ZV%22+director+owner+ZaubaCorp+Tofler
RESULT HTML LENGTH: 14168
EXTRACTED URL COUNT: 0
----------------------------------------
SEARCH RESULT: 0 usable URLs returned from DuckDuckGo
Switching to Fallback Provider (Yahoo)...

----------------------------------------
FALLBACK SEARCH DIAGNOSTICS
SEARCH QUERY: "finistra" "27AAPFU0939F1ZV" director owner ZaubaCorp Tofler
SEARCH ENGINE: Yahoo
HTTP STATUS: 200
RESULT PAGE TITLE: finistra 27AAPFU0939F1ZV director owner ZaubaCorp Tofler - Yahoo Search Results
RESULT URL: https://search.yahoo.com/search?p=%22finistra%22+%2227AAPFU0939F1ZV%22+director+owner+ZaubaCorp+Tofler
RESULT HTML LENGTH: 104063
EXTRACTED URL COUNT: 0
----------------------------------------
SEARCH RESULT: 0 usable URLs returned
No results for Owner (Attempt 1). Moving to next attempt.
2026-09-16 11:16:26,039 - WARNING - DuckDuckGo returned status 202 (length: 14118). Triggering immediate failover within 1.5s.

----------------------------------------
SEARCH DIAGNOSTICS
SEARCH QUERY: "finistra" director owner ZaubaCorp Tofler
SEARCH ENGINE: DuckDuckGo
HTTP STATUS: 202
RESULT PAGE TITLE: DuckDuckGo
RESULT URL: https://html.duckduckgo.com/html/?q=%22finistra%22+director+owner+ZaubaCorp+Tofler
RESULT HTML LENGTH: 14118
EXTRACTED URL COUNT: 0
----------------------------------------
SEARCH RESULT: 0 usable URLs returned from DuckDuckGo
Switching to Fallback Provider (Yahoo)...

----------------------------------------
FALLBACK SEARCH DIAGNOSTICS
SEARCH QUERY: "finistra" director owner ZaubaCorp Tofler
SEARCH ENGINE: Yahoo
HTTP STATUS: 200
RESULT PAGE TITLE: finistra director owner ZaubaCorp Tofler - Yahoo Search Results
RESULT URL: https://search.yahoo.com/search?p=%22finistra%22+director+owner+ZaubaCorp+Tofler
RESULT HTML LENGTH: 116305
EXTRACTED URL COUNT: 4
----------------------------------------
SEARCH RESULT: 4 usable URLs discovered from Yahoo
2026-09-16 11:16:26,939 - INFO - Fetching text from target page: https://www.tofler.in/amita-shantilal-jain/director/06702612
2026-09-16 11:16:27,748 - INFO - Fetching text from target page: https://www.zaubacorp.com/FINISTRA-CORPORATE-SERVICES-PRIVATE-LIMITED-U74900MH2013PTC249771
2026-09-16 11:16:27,806 - INFO - Fetching text from target page: https://www.tofler.in/finistra-corporate-services-private-limited/company/U74900MH2013PTC249771
2026-09-16 11:16:28,403 - INFO - Fetching text from target page: https://www.zaubacorp.com/
2026-09-16 11:16:28,454 - INFO - FIELD SEARCH EXHAUSTED: Owner

ENRICHMENT:
Seller = finistra
Field = Address
Progress = 5/7
2026-09-16 11:16:28,573 - WARNING - DuckDuckGo returned status 202 (length: 14146). Triggering immediate failover within 1.5s.

----------------------------------------
SEARCH DIAGNOSTICS
SEARCH QUERY: "finistra" registered office address corporate office
SEARCH ENGINE: DuckDuckGo
HTTP STATUS: 202
RESULT PAGE TITLE: DuckDuckGo
RESULT URL: https://html.duckduckgo.com/html/?q=%22finistra%22+registered+office+address+corporate+office
RESULT HTML LENGTH: 14146
EXTRACTED URL COUNT: 0
----------------------------------------
SEARCH RESULT: 0 usable URLs returned from DuckDuckGo
Switching to Fallback Provider (Yahoo)...

----------------------------------------
FALLBACK SEARCH DIAGNOSTICS
SEARCH QUERY: "finistra" registered office address corporate office
SEARCH ENGINE: Yahoo
HTTP STATUS: 200
RESULT PAGE TITLE: finistra registered office address corporate office - Yahoo Search Results
RESULT URL: https://search.yahoo.com/search?p=%22finistra%22+registered+office+address+corporate+office
RESULT HTML LENGTH: 144140
EXTRACTED URL COUNT: 4
----------------------------------------
SEARCH RESULT: 4 usable URLs discovered from Yahoo
2026-09-16 11:16:29,605 - INFO - Fetching text from target page: https://rekvizitai.vz.lt/en/company/finistra/
2026-09-16 11:16:30,245 - INFO - Fetching text from target page: https://rekvizitai.vz.lt/en/company/finistra/legal-entity/
2026-09-16 11:16:30,554 - INFO - Fetching text from target page: https://scoris.lt/en/imone/305003843

ENRICHMENT:
Seller = finistra
Field = Phone
Progress = 6/7
2026-09-16 11:16:31,083 - WARNING - DuckDuckGo returned status 202 (length: 14185). Triggering immediate failover within 1.5s.

----------------------------------------
SEARCH DIAGNOSTICS
SEARCH QUERY: "finistra" India contact email phone official website
SEARCH ENGINE: DuckDuckGo
HTTP STATUS: 202
RESULT PAGE TITLE: DuckDuckGo
RESULT URL: https://html.duckduckgo.com/html/?q=%22finistra%22+India+contact+email+phone+official+website
RESULT HTML LENGTH: 14185
EXTRACTED URL COUNT: 0
----------------------------------------
SEARCH RESULT: 0 usable URLs returned from DuckDuckGo
Switching to Fallback Provider (Yahoo)...

----------------------------------------
FALLBACK SEARCH DIAGNOSTICS
SEARCH QUERY: "finistra" India contact email phone official website
SEARCH ENGINE: Yahoo
HTTP STATUS: 200
RESULT PAGE TITLE: finistra India contact email phone official website - Yahoo Search Results
RESULT URL: https://search.yahoo.com/search?p=%22finistra%22+India+contact+email+phone+official+website
RESULT HTML LENGTH: 159363
EXTRACTED URL COUNT: 4
----------------------------------------
SEARCH RESULT: 4 usable URLs discovered from Yahoo
2026-09-16 11:16:32,067 - INFO - Fetching text from target page: https://www.companydetails.in/company/finistra-corporate-services-privatelimited
2026-09-16 11:16:33,251 - INFO - Fetching text from target page: https://www.zaubacorp.com/FINISTRA-CORPORATE-SERVICES-PRIVATE-LIMITED-U74900MH2013PTC249771
2026-09-16 11:16:33,304 - INFO - Fetching text from target page: https://www.falconebiz.com/company/FINISTRA-CORPORATE-SERVICES-PRIVATE-LIMITED-U74900MH2013PTC249771
2026-09-16 11:16:34,354 - INFO - Fetching text from target page: https://www.zaubacorp.com/company/FINISTRA-CORPORATE-SERVICES-PRIVATE-LIMITED/U74900MH2013PTC249771
2026-09-16 11:16:34,530 - WARNING - DuckDuckGo returned status 202 (length: 14100). Triggering immediate failover within 1.5s.

----------------------------------------
SEARCH DIAGNOSTICS
SEARCH QUERY: "finistra" customer care phone email
SEARCH ENGINE: DuckDuckGo
HTTP STATUS: 202
RESULT PAGE TITLE: DuckDuckGo
RESULT URL: https://html.duckduckgo.com/html/?q=%22finistra%22+customer+care+phone+email
RESULT HTML LENGTH: 14100
EXTRACTED URL COUNT: 0
----------------------------------------
SEARCH RESULT: 0 usable URLs returned from DuckDuckGo
Switching to Fallback Provider (Yahoo)...

----------------------------------------
FALLBACK SEARCH DIAGNOSTICS
SEARCH QUERY: "finistra" customer care phone email
SEARCH ENGINE: Yahoo
HTTP STATUS: 200
RESULT PAGE TITLE: finistra customer care phone email - Yahoo Search Results
RESULT URL: https://search.yahoo.com/search?p=%22finistra%22+customer+care+phone+email
RESULT HTML LENGTH: 158790
EXTRACTED URL COUNT: 4
----------------------------------------
SEARCH RESULT: 4 usable URLs discovered from Yahoo
2026-09-16 11:16:35,589 - INFO - Fetching text from target page: https://www.bbb.org/ca/on/toronto/profile/credit-services/finistra-0107-1291143
2026-09-16 11:16:35,885 - INFO - Fetching text from target page: https://www.bbb.org/ca/on/toronto/profile/credit-services/finistra-0107-1291143/addressId/63779
2026-09-16 11:16:36,181 - INFO - Fetching text from target page: https://mycorporateinfo.com/business/finistra-corporate-services-private-limited
2026-09-16 11:16:36,734 - INFO - Fetching text from target page: https://www.zaubacorp.com/FINISTRA-CORPORATE-SERVICES-PRIVATE-LIMITED-U74900MH2013PTC249771
2026-09-16 11:16:36,785 - INFO - FIELD SEARCH EXHAUSTED: Phone
2026-09-16 11:16:36,795 - INFO - [INFO] Scraped 'finistra' -> GST: YES | Phone: NO | Address: YES | Email: YES | PAN: YES | Website: NO

SELLER ENRICHMENT COMPLETE

Seller:
finistra

Fields found:
Phone: NO
Email: YES
GST: YES
PAN: YES
Address: YES
Website: NO

Continuing to next seller...


========================================
ENRICHING SELLER
========================================
Category:
Finger Guards

Seller:
Anzailala®

Seller:
4 / 4

Elapsed:
439 seconds
========================================

2026-09-16 11:16:36,826 - INFO - Starting Public Enrichment Waterfall for business 'Anzailala®'...
2026-09-16 11:16:36,857 - INFO - [ENRICH] Searching web: "Anzailala®" email
2026-09-16 11:16:40,166 - WARNING - DuckDuckGo returned status 403 (length: 273). Triggering immediate failover within 1.5s.

----------------------------------------
SEARCH DIAGNOSTICS
SEARCH QUERY: Anzailala® official website
SEARCH ENGINE: DuckDuckGo
HTTP STATUS: 403
RESULT PAGE TITLE: 
RESULT URL: https://html.duckduckgo.com/html/?q=Anzailala%C2%AE+official+website
RESULT HTML LENGTH: 273
EXTRACTED URL COUNT: 0
----------------------------------------
SEARCH RESULT: 0 usable URLs returned from DuckDuckGo
Switching to Fallback Provider (Yahoo)...

----------------------------------------
FALLBACK SEARCH DIAGNOSTICS
SEARCH QUERY: Anzailala® official website
SEARCH ENGINE: Yahoo
HTTP STATUS: 200
RESULT PAGE TITLE: Anzailala® official website - Yahoo Search Results
RESULT URL: https://search.yahoo.com/search?p=Anzailala%C2%AE+official+website
RESULT HTML LENGTH: 139983
EXTRACTED URL COUNT: 2
----------------------------------------
SEARCH RESULT: 2 usable URLs discovered from Yahoo
2026-09-16 11:16:41,143 - INFO - Verifying website ownership candidate: https://www.anzailala.com/
2026-09-16 11:16:42,167 - INFO - Successfully verified website candidate 'https://www.anzailala.com/' for business 'Anzailala®'
2026-09-16 11:16:42,168 - INFO - Verified official website for 'Anzailala®': https://www.anzailala.com/

ENRICHMENT:
Seller = Anzailala®
Field = PAN
Progress = 2/7
2026-09-16 11:16:47,792 - WARNING - DuckDuckGo returned status 0 (length: 0). Triggering immediate failover within 1.5s.

----------------------------------------
SEARCH DIAGNOSTICS
SEARCH QUERY: "Anzailala®" PAN card number
SEARCH ENGINE: DuckDuckGo
HTTP STATUS: 0
RESULT PAGE TITLE: 
RESULT URL: https://html.duckduckgo.com/html/?q=%22Anzailala%C2%AE%22+PAN+card+number
RESULT HTML LENGTH: 0
EXTRACTED URL COUNT: 0
----------------------------------------
SEARCH RESULT: 0 usable URLs returned from DuckDuckGo
Switching to Fallback Provider (Yahoo)...

----------------------------------------
FALLBACK SEARCH DIAGNOSTICS
SEARCH QUERY: "Anzailala®" PAN card number
SEARCH ENGINE: Yahoo
HTTP STATUS: ERROR: Page.goto: Navigation to "https://search.yahoo.com/search?p=%22Anzailala%C2%AE%22+PAN+card+number" is interrupted by another navigation to "chrome-error://chromewebdata/"
Call log:
  - navigating to "https://search.yahoo.com/search?p=%22Anzailala%C2%AE%22+PAN+card+number", waiting until "domcontentloaded"

RESULT PAGE TITLE: 
RESULT URL: https://search.yahoo.com/search?p=%22Anzailala%C2%AE%22+PAN+card+number
RESULT HTML LENGTH: 0
EXTRACTED URL COUNT: 0
----------------------------------------
SEARCH RESULT: 0 usable URLs returned
No results for PAN (Attempt 1). Moving to next attempt.
2026-09-16 11:19:00,274 - WARNING - SELLER ENRICHMENT TIME LIMIT REACHED during PAN.
2026-09-16 11:19:00,274 - INFO - FIELD SEARCH EXHAUSTED: PAN
2026-09-16 11:19:00,274 - WARNING - SELLER ENRICHMENT TIME LIMIT REACHED (120s). Aborting remaining fields for 'Anzailala®'.
2026-09-16 11:19:00,277 - INFO - [INFO] Scraped 'Anzailala®' -> GST: NO | Phone: NO | Address: NO | Email: NO | PAN: NO | Website: YES

SELLER ENRICHMENT COMPLETE

Seller:
Anzailala®

Fields found:
Phone: NO
Email: NO
GST: NO
PAN: NO
Address: NO
Website: YES

Continuing to next seller...

2026-09-16 11:19:00,354 - INFO - Closed Playwright browser session safely
2026-09-16 11:19:00,356 - INFO - Read 4 final verified records from SQLite for 'Finger Guards'

========================================
BACKUP VALIDATION
=================
Backup:
/home/runner/work/Amazon-Scrapper/Amazon-Scrapper/output/backups/Amazon_Seller_Master_Data_20260916_111900_backup.xlsx

Source rows:
409

Backup rows:
409

Source size:
61231 bytes

Backup size:
61231 bytes

Backup XLSX:
VALID

Worksheet:
Amazon Sellers

First sellers:
1. Campusactivewear
2. Cocoblu Retail
3. Cocoblu Retail
4. BansalEnterprises
5. APPOO TRADING

BACKUP VERIFIED SUCCESSFULLY
========================================

2026-09-16 11:19:00,579 - INFO - Created safety backup of master Excel at /home/runner/work/Amazon-Scrapper/Amazon-Scrapper/output/backups/Amazon_Seller_Master_Data_20260916_111900_backup.xlsx

========================================
FINAL MASTER EXCEL VALIDATION
=============================

File:
/home/runner/work/Amazon-Scrapper/Amazon-Scrapper/output/Amazon_Seller_Master_Data.xlsx

File size:
61878 bytes

Excel rows including header:
413

Seller records:
412

Categories:
- Accessories
- American Football
- Bag Accessories
- Bags & Backpacks
- Bar Tables
- Baseball
- Basketball
- Bathroom Cabinets
- Bathroom Mirrors
- Bathroom Stools
- Bedroom Sets
- Beds
- Beds, Frames & Bases
- Belts
- Benches
- Bodysuits
- Boots
- Bowling
- Box Springs
- Cabinets & Sideboards
- Canvas & Beach Tote Bags
- Cheerleading
- Christening Wear
- Clothing Accessories
- Clothing Sets
- Competitive Swimwear
- Corner Shelves
- Cricket
- Cutting Boards
- Cycling
- Dance
- Dining Room Sets
- Dresses
- Dresses & Jumpsuits
- Dressing Tables
- Dungarees
- Equestrian Sports
- Ethnic Wear
- Fabrics
- Finger Guards
- Footboards
- Footies
- Garment Covers
- Golf
- Gym Bags
- Gymnastics
- Handbags & Clutches
- Hiking & Outdoor Recreation
- Hockey
- Ice Hockey
- Ice Skating
- Innerwear
- Jeans
- Jumpsuits & Dungarees
- Key Chains
- Lacrosse
- Laptop Bags
- Leggings
- Lehenga Cholis
- Luggage
- Martial Arts
- Maternity Wear
- Men'S Casual Shoes
- Men'S Clogs
- Men'S Ethnic Shoes
- Men'S Formal Shoes
- Men'S Sandals & Floaters
- Men'S Sports Shoes
- Men's Shoes
- Messenger & Sling Bags
- Netball
- Overalls
- Pants
- Pumps
- Rainwear
- Rompers
- Rugby
- Safety Shoe
- School Bags & Sets
- School Shoes
- School Uniforms
- Shirts
- Shopping Bags & Baskets
- Shorts
- Shrugs
- Skiing
- Skirts & Shorts
- Sleepwear
- Slipper Racks
- Sneakers
- Snowboarding
- Soccer
- Softball
- Sportswear
- Suits & Blazers
- Sunglasses & Spectacle Frames
- Swimwear
- T-Shirts & Polos
- Thong Sandals
- Tights & Leggings
- Tops, T-Shirts & Shirts
- Towel Holder
- Towel Racks
- Trackpants & Joggers
- Travel Accessories
- Unstitched Fabrics
- Vanity Units
- Volleyball
- Wallets, Card Cases
- Western Wear
- Winter Wear
- Women'S Ballerinas
- Women'S Casual Shoes
- Women'S Clogs
- Women'S Ethnic Shoes
- Women'S Flats
- Women'S Flats Amazon
- Women'S Formals
- Women'S Heels
- Women'S Slippers & Flip Flops
- Women'S Sports Sandals
- Women'S Sports Shoes
- Women's Flats Amazon
- Yoga

Finger Guards rows:
4

First 5 Finger Guards sellers:
1. Sheetal Traders...
2. FreshDcart®
3. finistra
4. Anzailala®

Excel validation:
PASSED
========================================

2026-09-16 11:19:00,922 - INFO - Master Excel updated: Added 4 rows for category 'Finger Guards'. Total seller records=412

>>>>>>>>>>>>>>>>>>>>>>>>>>>>>>>>>>>>>>>>
BATCH CATEGORY [31/108]: 'Garlic Presses'
URL: https://www.amazon.in/s?k=Garlic+Presses
>>>>>>>>>>>>>>>>>>>>>>>>>>>>>>>>>>>>>>>>

2026-09-16 11:19:00,940 - INFO - Target Category: 'Garlic Presses'
2026-09-16 11:19:00,940 - INFO - Target URL: 'https://www.amazon.in/s?k=Garlic+Presses'
2026-09-16 11:19:01,346 - INFO - Created Amazon browser context generation 1
2026-09-16 11:19:01,346 - INFO - Started Playwright Chromium session (headless=True, timeout=30000ms, downloads=enabled)
2026-09-16 11:19:01,346 - INFO - Discovering products for category 'Garlic Presses' from https://www.amazon.in/s?k=Garlic+Presses...
2026-09-16 11:19:01,384 - INFO - Navigating to Amazon search page 1: https://www.amazon.in/s?k=Garlic+Presses
Opening Amazon...
Attempt: 1/3
Amazon page loaded
2026-09-16 11:19:02,576 - INFO - Found 0 raw product links on page 1
Products discovered: 0
2026-09-16 11:19:02,576 - INFO - Discovered 0 total unique product URLs so far
2026-09-16 11:19:02,580 - INFO - Discovered 0 products for category 'Garlic Presses'
2026-09-16 11:19:02,580 - INFO - Top businesses requested: 100, found: 0 for 'Garlic Presses'
2026-09-16 11:19:02,580 - INFO - Starting Phase 2 Deep Enrichment Waterfall for top 0 businesses...
2026-09-16 11:19:02,616 - INFO - Closed Playwright browser session safely

>>>>>>>>>>>>>>>>>>>>>>>>>>>>>>>>>>>>>>>>
BATCH CATEGORY [32/108]: 'Pizza Cutters'
URL: https://www.amazon.in/s?k=Pizza+Cutters
>>>>>>>>>>>>>>>>>>>>>>>>>>>>>>>>>>>>>>>>

2026-09-16 11:19:02,634 - INFO - Target Category: 'Pizza Cutters'
2026-09-16 11:19:02,634 - INFO - Target URL: 'https://www.amazon.in/s?k=Pizza+Cutters'
2026-09-16 11:19:03,024 - INFO - Created Amazon browser context generation 1
2026-09-16 11:19:03,024 - INFO - Started Playwright Chromium session (headless=True, timeout=30000ms, downloads=enabled)
2026-09-16 11:19:03,024 - INFO - Discovering products for category 'Pizza Cutters' from https://www.amazon.in/s?k=Pizza+Cutters...
2026-09-16 11:19:03,060 - INFO - Navigating to Amazon search page 1: https://www.amazon.in/s?k=Pizza+Cutters
Opening Amazon...
Attempt: 1/3
Amazon page loaded
2026-09-16 11:19:04,230 - INFO - Found 0 raw product links on page 1
Products discovered: 0
2026-09-16 11:19:04,230 - INFO - Discovered 0 total unique product URLs so far
2026-09-16 11:19:04,234 - INFO - Discovered 0 products for category 'Pizza Cutters'
2026-09-16 11:19:04,234 - INFO - Top businesses requested: 100, found: 0 for 'Pizza Cutters'
2026-09-16 11:19:04,234 - INFO - Starting Phase 2 Deep Enrichment Waterfall for top 0 businesses...
2026-09-16 11:19:04,273 - INFO - Closed Playwright browser session safely

>>>>>>>>>>>>>>>>>>>>>>>>>>>>>>>>>>>>>>>>
BATCH CATEGORY [33/108]: 'Pitters'
URL: https://www.amazon.in/s?k=Pitters
>>>>>>>>>>>>>>>>>>>>>>>>>>>>>>>>>>>>>>>>

2026-09-16 11:19:04,290 - INFO - Target Category: 'Pitters'
2026-09-16 11:19:04,290 - INFO - Target URL: 'https://www.amazon.in/s?k=Pitters'
2026-09-16 11:19:04,686 - INFO - Created Amazon browser context generation 1
2026-09-16 11:19:04,686 - INFO - Started Playwright Chromium session (headless=True, timeout=30000ms, downloads=enabled)
2026-09-16 11:19:04,686 - INFO - Discovering products for category 'Pitters' from https://www.amazon.in/s?k=Pitters...
2026-09-16 11:19:04,732 - INFO - Navigating to Amazon search page 1: https://www.amazon.in/s?k=Pitters
Opening Amazon...
Attempt: 1/3
Amazon page loaded
2026-09-16 11:19:05,837 - INFO - Found 0 raw product links on page 1
Products discovered: 0
2026-09-16 11:19:05,837 - INFO - Discovered 0 total unique product URLs so far
2026-09-16 11:19:05,841 - INFO - Discovered 0 products for category 'Pitters'
2026-09-16 11:19:05,841 - INFO - Top businesses requested: 100, found: 0 for 'Pitters'
2026-09-16 11:19:05,841 - INFO - Starting Phase 2 Deep Enrichment Waterfall for top 0 businesses...
2026-09-16 11:19:05,881 - INFO - Closed Playwright browser session safely

>>>>>>>>>>>>>>>>>>>>>>>>>>>>>>>>>>>>>>>>
BATCH CATEGORY [34/108]: 'Seafood Crackers'
URL: https://www.amazon.in/s?k=Seafood+Crackers
>>>>>>>>>>>>>>>>>>>>>>>>>>>>>>>>>>>>>>>>

2026-09-16 11:19:05,898 - INFO - Target Category: 'Seafood Crackers'
2026-09-16 11:19:05,898 - INFO - Target URL: 'https://www.amazon.in/s?k=Seafood+Crackers'
2026-09-16 11:19:06,295 - INFO - Created Amazon browser context generation 1
2026-09-16 11:19:06,295 - INFO - Started Playwright Chromium session (headless=True, timeout=30000ms, downloads=enabled)
2026-09-16 11:19:06,295 - INFO - Discovering products for category 'Seafood Crackers' from https://www.amazon.in/s?k=Seafood+Crackers...
2026-09-16 11:19:06,333 - INFO - Navigating to Amazon search page 1: https://www.amazon.in/s?k=Seafood+Crackers
Opening Amazon...
Attempt: 1/3
Amazon page loaded
2026-09-16 11:19:07,443 - INFO - Found 0 raw product links on page 1
Products discovered: 0
2026-09-16 11:19:07,443 - INFO - Discovered 0 total unique product URLs so far
2026-09-16 11:19:07,447 - INFO - Discovered 0 products for category 'Seafood Crackers'
2026-09-16 11:19:07,447 - INFO - Top businesses requested: 100, found: 0 for 'Seafood Crackers'
2026-09-16 11:19:07,447 - INFO - Starting Phase 2 Deep Enrichment Waterfall for top 0 businesses...
2026-09-16 11:19:07,488 - INFO - Closed Playwright browser session safely

>>>>>>>>>>>>>>>>>>>>>>>>>>>>>>>>>>>>>>>>
BATCH CATEGORY [35/108]: 'Electric Peelers'
URL: https://www.amazon.in/s?k=Electric+Peelers
>>>>>>>>>>>>>>>>>>>>>>>>>>>>>>>>>>>>>>>>

2026-09-16 11:19:07,505 - INFO - Target Category: 'Electric Peelers'
2026-09-16 11:19:07,505 - INFO - Target URL: 'https://www.amazon.in/s?k=Electric+Peelers'
2026-09-16 11:19:07,913 - INFO - Created Amazon browser context generation 1
2026-09-16 11:19:07,913 - INFO - Started Playwright Chromium session (headless=True, timeout=30000ms, downloads=enabled)
2026-09-16 11:19:07,913 - INFO - Discovering products for category 'Electric Peelers' from https://www.amazon.in/s?k=Electric+Peelers...
2026-09-16 11:19:07,952 - INFO - Navigating to Amazon search page 1: https://www.amazon.in/s?k=Electric+Peelers
Opening Amazon...
Attempt: 1/3
Amazon page loaded
2026-09-16 11:19:09,059 - INFO - Found 0 raw product links on page 1
Products discovered: 0
2026-09-16 11:19:09,059 - INFO - Discovered 0 total unique product URLs so far
2026-09-16 11:19:09,063 - INFO - Discovered 0 products for category 'Electric Peelers'
2026-09-16 11:19:09,063 - INFO - Top businesses requested: 100, found: 0 for 'Electric Peelers'
2026-09-16 11:19:09,063 - INFO - Starting Phase 2 Deep Enrichment Waterfall for top 0 businesses...
2026-09-16 11:19:09,098 - INFO - Closed Playwright browser session safely

>>>>>>>>>>>>>>>>>>>>>>>>>>>>>>>>>>>>>>>>
BATCH CATEGORY [36/108]: 'Electric Food Slicers'
URL: https://www.amazon.in/s?k=Electric+Food+Slicers
>>>>>>>>>>>>>>>>>>>>>>>>>>>>>>>>>>>>>>>>

2026-09-16 11:19:09,115 - INFO - Target Category: 'Electric Food Slicers'
2026-09-16 11:19:09,115 - INFO - Target URL: 'https://www.amazon.in/s?k=Electric+Food+Slicers'
2026-09-16 11:19:09,523 - INFO - Created Amazon browser context generation 1
2026-09-16 11:19:09,523 - INFO - Started Playwright Chromium session (headless=True, timeout=30000ms, downloads=enabled)
2026-09-16 11:19:09,523 - INFO - Discovering products for category 'Electric Food Slicers' from https://www.amazon.in/s?k=Electric+Food+Slicers...
2026-09-16 11:19:09,569 - INFO - Navigating to Amazon search page 1: https://www.amazon.in/s?k=Electric+Food+Slicers
Opening Amazon...
Attempt: 1/3
Amazon page loaded
2026-09-16 11:19:10,668 - INFO - Found 0 raw product links on page 1
Products discovered: 0
2026-09-16 11:19:10,668 - INFO - Discovered 0 total unique product URLs so far
2026-09-16 11:19:10,671 - INFO - Discovered 0 products for category 'Electric Food Slicers'
2026-09-16 11:19:10,671 - INFO - Top businesses requested: 100, found: 0 for 'Electric Food Slicers'
2026-09-16 11:19:10,672 - INFO - Starting Phase 2 Deep Enrichment Waterfall for top 0 businesses...
2026-09-16 11:19:10,712 - INFO - Closed Playwright browser session safely

>>>>>>>>>>>>>>>>>>>>>>>>>>>>>>>>>>>>>>>>
BATCH CATEGORY [37/108]: 'Hand Juicers'
URL: https://www.amazon.in/s?k=Hand+Juicers
>>>>>>>>>>>>>>>>>>>>>>>>>>>>>>>>>>>>>>>>

2026-09-16 11:19:10,729 - INFO - Target Category: 'Hand Juicers'
2026-09-16 11:19:10,729 - INFO - Target URL: 'https://www.amazon.in/s?k=Hand+Juicers'
2026-09-16 11:19:11,121 - INFO - Created Amazon browser context generation 1
2026-09-16 11:19:11,121 - INFO - Started Playwright Chromium session (headless=True, timeout=30000ms, downloads=enabled)
2026-09-16 11:19:11,121 - INFO - Discovering products for category 'Hand Juicers' from https://www.amazon.in/s?k=Hand+Juicers...
2026-09-16 11:19:11,167 - INFO - Navigating to Amazon search page 1: https://www.amazon.in/s?k=Hand+Juicers
Opening Amazon...
Attempt: 1/3
Amazon page loaded
2026-09-16 11:19:12,283 - INFO - Found 0 raw product links on page 1
Products discovered: 0
2026-09-16 11:19:12,283 - INFO - Discovered 0 total unique product URLs so far
2026-09-16 11:19:12,286 - INFO - Discovered 0 products for category 'Hand Juicers'
2026-09-16 11:19:12,287 - INFO - Top businesses requested: 100, found: 0 for 'Hand Juicers'
2026-09-16 11:19:12,287 - INFO - Starting Phase 2 Deep Enrichment Waterfall for top 0 businesses...
2026-09-16 11:19:12,322 - INFO - Closed Playwright browser session safely

>>>>>>>>>>>>>>>>>>>>>>>>>>>>>>>>>>>>>>>>
BATCH CATEGORY [38/108]: 'Hand Muller Grinders'
URL: https://www.amazon.in/s?k=Hand+Muller+Grinders
>>>>>>>>>>>>>>>>>>>>>>>>>>>>>>>>>>>>>>>>

2026-09-16 11:19:12,338 - INFO - Target Category: 'Hand Muller Grinders'
2026-09-16 11:19:12,338 - INFO - Target URL: 'https://www.amazon.in/s?k=Hand+Muller+Grinders'
2026-09-16 11:19:12,735 - INFO - Created Amazon browser context generation 1
2026-09-16 11:19:12,735 - INFO - Started Playwright Chromium session (headless=True, timeout=30000ms, downloads=enabled)
2026-09-16 11:19:12,735 - INFO - Discovering products for category 'Hand Muller Grinders' from https://www.amazon.in/s?k=Hand+Muller+Grinders...
2026-09-16 11:19:12,779 - INFO - Navigating to Amazon search page 1: https://www.amazon.in/s?k=Hand+Muller+Grinders
Opening Amazon...
Attempt: 1/3
Amazon page loaded
2026-09-16 11:19:13,881 - INFO - Found 0 raw product links on page 1
Products discovered: 0
2026-09-16 11:19:13,881 - INFO - Discovered 0 total unique product URLs so far
2026-09-16 11:19:13,885 - INFO - Discovered 0 products for category 'Hand Muller Grinders'
2026-09-16 11:19:13,885 - INFO - Top businesses requested: 100, found: 0 for 'Hand Muller Grinders'
2026-09-16 11:19:13,885 - INFO - Starting Phase 2 Deep Enrichment Waterfall for top 0 businesses...
2026-09-16 11:19:13,922 - INFO - Closed Playwright browser session safely

>>>>>>>>>>>>>>>>>>>>>>>>>>>>>>>>>>>>>>>>
BATCH CATEGORY [39/108]: 'Mashers'
URL: https://www.amazon.in/s?k=Mashers
>>>>>>>>>>>>>>>>>>>>>>>>>>>>>>>>>>>>>>>>

2026-09-16 11:19:13,940 - INFO - Target Category: 'Mashers'
2026-09-16 11:19:13,940 - INFO - Target URL: 'https://www.amazon.in/s?k=Mashers'
2026-09-16 11:19:14,342 - INFO - Created Amazon browser context generation 1
2026-09-16 11:19:14,342 - INFO - Started Playwright Chromium session (headless=True, timeout=30000ms, downloads=enabled)
2026-09-16 11:19:14,343 - INFO - Discovering products for category 'Mashers' from https://www.amazon.in/s?k=Mashers...
2026-09-16 11:19:14,389 - INFO - Navigating to Amazon search page 1: https://www.amazon.in/s?k=Mashers
Opening Amazon...
Attempt: 1/3
Amazon page loaded
2026-09-16 11:19:15,488 - INFO - Found 0 raw product links on page 1
Products discovered: 0
2026-09-16 11:19:15,488 - INFO - Discovered 0 total unique product URLs so far
2026-09-16 11:19:15,492 - INFO - Discovered 0 products for category 'Mashers'
2026-09-16 11:19:15,492 - INFO - Top businesses requested: 100, found: 0 for 'Mashers'
2026-09-16 11:19:15,492 - INFO - Starting Phase 2 Deep Enrichment Waterfall for top 0 businesses...
2026-09-16 11:19:15,525 - INFO - Closed Playwright browser session safely

>>>>>>>>>>>>>>>>>>>>>>>>>>>>>>>>>>>>>>>>
BATCH CATEGORY [40/108]: 'Pepper Mills'
URL: https://www.amazon.in/s?k=Pepper+Mills
>>>>>>>>>>>>>>>>>>>>>>>>>>>>>>>>>>>>>>>>

2026-09-16 11:19:15,541 - INFO - Target Category: 'Pepper Mills'
2026-09-16 11:19:15,541 - INFO - Target URL: 'https://www.amazon.in/s?k=Pepper+Mills'
2026-09-16 11:19:15,938 - INFO - Created Amazon browser context generation 1
2026-09-16 11:19:15,938 - INFO - Started Playwright Chromium session (headless=True, timeout=30000ms, downloads=enabled)
2026-09-16 11:19:15,938 - INFO - Discovering products for category 'Pepper Mills' from https://www.amazon.in/s?k=Pepper+Mills...
2026-09-16 11:19:15,982 - INFO - Navigating to Amazon search page 1: https://www.amazon.in/s?k=Pepper+Mills
Opening Amazon...
Attempt: 1/3
Amazon page loaded
2026-09-16 11:19:17,092 - INFO - Found 0 raw product links on page 1
Products discovered: 0
2026-09-16 11:19:17,092 - INFO - Discovered 0 total unique product URLs so far
2026-09-16 11:19:17,096 - INFO - Discovered 0 products for category 'Pepper Mills'
2026-09-16 11:19:17,096 - INFO - Top businesses requested: 100, found: 0 for 'Pepper Mills'
2026-09-16 11:19:17,096 - INFO - Starting Phase 2 Deep Enrichment Waterfall for top 0 businesses...
2026-09-16 11:19:17,129 - INFO - Closed Playwright browser session safely

>>>>>>>>>>>>>>>>>>>>>>>>>>>>>>>>>>>>>>>>
BATCH CATEGORY [41/108]: 'Nutmeg Grinders'
URL: https://www.amazon.in/s?k=Nutmeg+Grinders
>>>>>>>>>>>>>>>>>>>>>>>>>>>>>>>>>>>>>>>>

2026-09-16 11:19:17,146 - INFO - Target Category: 'Nutmeg Grinders'
2026-09-16 11:19:17,147 - INFO - Target URL: 'https://www.amazon.in/s?k=Nutmeg+Grinders'
2026-09-16 11:19:17,553 - INFO - Created Amazon browser context generation 1
2026-09-16 11:19:17,553 - INFO - Started Playwright Chromium session (headless=True, timeout=30000ms, downloads=enabled)
2026-09-16 11:19:17,553 - INFO - Discovering products for category 'Nutmeg Grinders' from https://www.amazon.in/s?k=Nutmeg+Grinders...
2026-09-16 11:19:17,603 - INFO - Navigating to Amazon search page 1: https://www.amazon.in/s?k=Nutmeg+Grinders
Opening Amazon...
Attempt: 1/3
Amazon page loaded
2026-09-16 11:19:18,715 - INFO - Found 0 raw product links on page 1
Products discovered: 0
2026-09-16 11:19:18,715 - INFO - Discovered 0 total unique product URLs so far
2026-09-16 11:19:18,719 - INFO - Discovered 0 products for category 'Nutmeg Grinders'
2026-09-16 11:19:18,719 - INFO - Top businesses requested: 100, found: 0 for 'Nutmeg Grinders'
2026-09-16 11:19:18,719 - INFO - Starting Phase 2 Deep Enrichment Waterfall for top 0 businesses...
2026-09-16 11:19:18,757 - INFO - Closed Playwright browser session safely

>>>>>>>>>>>>>>>>>>>>>>>>>>>>>>>>>>>>>>>>
BATCH CATEGORY [42/108]: 'Casseroles'
URL: https://www.amazon.in/s?k=Casseroles
>>>>>>>>>>>>>>>>>>>>>>>>>>>>>>>>>>>>>>>>

2026-09-16 11:19:18,773 - INFO - Target Category: 'Casseroles'
2026-09-16 11:19:18,773 - INFO - Target URL: 'https://www.amazon.in/s?k=Casseroles'
2026-09-16 11:19:19,163 - INFO - Created Amazon browser context generation 1
2026-09-16 11:19:19,163 - INFO - Started Playwright Chromium session (headless=True, timeout=30000ms, downloads=enabled)
2026-09-16 11:19:19,163 - INFO - Discovering products for category 'Casseroles' from https://www.amazon.in/s?k=Casseroles...
2026-09-16 11:19:19,206 - INFO - Navigating to Amazon search page 1: https://www.amazon.in/s?k=Casseroles
Opening Amazon...
Attempt: 1/3
Amazon page loaded
2026-09-16 11:19:20,320 - INFO - Found 0 raw product links on page 1
Products discovered: 0
2026-09-16 11:19:20,320 - INFO - Discovered 0 total unique product URLs so far
2026-09-16 11:19:20,324 - INFO - Discovered 0 products for category 'Casseroles'
2026-09-16 11:19:20,324 - INFO - Top businesses requested: 100, found: 0 for 'Casseroles'
2026-09-16 11:19:20,324 - INFO - Starting Phase 2 Deep Enrichment Waterfall for top 0 businesses...
2026-09-16 11:19:20,361 - INFO - Closed Playwright browser session safely

>>>>>>>>>>>>>>>>>>>>>>>>>>>>>>>>>>>>>>>>
BATCH CATEGORY [43/108]: 'Dinner Sets'
URL: https://www.amazon.in/s?k=Dinner+Sets
>>>>>>>>>>>>>>>>>>>>>>>>>>>>>>>>>>>>>>>>

2026-09-16 11:19:20,378 - INFO - Target Category: 'Dinner Sets'
2026-09-16 11:19:20,378 - INFO - Target URL: 'https://www.amazon.in/s?k=Dinner+Sets'
2026-09-16 11:19:20,787 - INFO - Created Amazon browser context generation 1
2026-09-16 11:19:20,787 - INFO - Started Playwright Chromium session (headless=True, timeout=30000ms, downloads=enabled)
2026-09-16 11:19:20,787 - INFO - Discovering products for category 'Dinner Sets' from https://www.amazon.in/s?k=Dinner+Sets...
2026-09-16 11:19:20,832 - INFO - Navigating to Amazon search page 1: https://www.amazon.in/s?k=Dinner+Sets
Opening Amazon...
Attempt: 1/3
Amazon page loaded
2026-09-16 11:19:21,928 - INFO - Found 0 raw product links on page 1
Products discovered: 0
2026-09-16 11:19:21,928 - INFO - Discovered 0 total unique product URLs so far
2026-09-16 11:19:21,933 - INFO - Discovered 0 products for category 'Dinner Sets'
2026-09-16 11:19:21,933 - INFO - Top businesses requested: 100, found: 0 for 'Dinner Sets'
2026-09-16 11:19:21,933 - INFO - Starting Phase 2 Deep Enrichment Waterfall for top 0 businesses...
2026-09-16 11:19:21,974 - INFO - Closed Playwright browser session safely

>>>>>>>>>>>>>>>>>>>>>>>>>>>>>>>>>>>>>>>>
BATCH CATEGORY [44/108]: 'Mugs'
URL: https://www.amazon.in/s?k=Mugs
>>>>>>>>>>>>>>>>>>>>>>>>>>>>>>>>>>>>>>>>

2026-09-16 11:19:21,991 - INFO - Target Category: 'Mugs'
2026-09-16 11:19:21,991 - INFO - Target URL: 'https://www.amazon.in/s?k=Mugs'
2026-09-16 11:19:22,395 - INFO - Created Amazon browser context generation 1
2026-09-16 11:19:22,395 - INFO - Started Playwright Chromium session (headless=True, timeout=30000ms, downloads=enabled)
2026-09-16 11:19:22,395 - INFO - Discovering products for category 'Mugs' from https://www.amazon.in/s?k=Mugs...
2026-09-16 11:19:22,442 - INFO - Navigating to Amazon search page 1: https://www.amazon.in/s?k=Mugs
Opening Amazon...
Attempt: 1/3
2026-09-16 11:19:22,720 - WARNING - Direct navigation triggered download trap for 'Mugs'. Trying UI search fallback...
Amazon navigation error (attempt 1/3): Page.goto: Navigation to "https://www.amazon.in/" is interrupted by another navigation to "chrome-error://chromewebdata/"
Call log:
  - navigating to "https://www.amazon.in/", waiting until "domcontentloaded"

2026-09-16 11:19:22,865 - WARNING - Error opening Amazon search page (attempt 1): https://www.amazon.in/s?k=Mugs: Page.goto: Navigation to "https://www.amazon.in/" is interrupted by another navigation to "chrome-error://chromewebdata/"
Call log:
  - navigating to "https://www.amazon.in/", waiting until "domcontentloaded"

Retrying in 2s...
Opening Amazon...
Attempt: 2/3
2026-09-16 11:19:25,051 - WARNING - Direct navigation triggered download trap for 'Mugs'. Trying UI search fallback...
Amazon navigation error (attempt 2/3): Page.goto: Navigation to "https://www.amazon.in/" is interrupted by another navigation to "chrome-error://chromewebdata/"
Call log:
  - navigating to "https://www.amazon.in/", waiting until "domcontentloaded"

2026-09-16 11:19:25,201 - WARNING - Error opening Amazon search page (attempt 2): https://www.amazon.in/s?k=Mugs: Page.goto: Navigation to "https://www.amazon.in/" is interrupted by another navigation to "chrome-error://chromewebdata/"
Call log:
  - navigating to "https://www.amazon.in/", waiting until "domcontentloaded"

Retrying in 5s...
Opening Amazon...
Attempt: 3/3
2026-09-16 11:19:30,386 - WARNING - Direct navigation triggered download trap for 'Mugs'. Trying UI search fallback...
Amazon navigation error (attempt 3/3): Page.goto: Navigation to "https://www.amazon.in/" is interrupted by another navigation to "chrome-error://chromewebdata/"
Call log:
  - navigating to "https://www.amazon.in/", waiting until "domcontentloaded"

2026-09-16 11:19:30,526 - WARNING - Error opening Amazon search page (attempt 3): https://www.amazon.in/s?k=Mugs: Page.goto: Navigation to "https://www.amazon.in/" is interrupted by another navigation to "chrome-error://chromewebdata/"
Call log:
  - navigating to "https://www.amazon.in/", waiting until "domcontentloaded"

2026-09-16 11:19:30,529 - ERROR - Category 'Mugs' BLOCKED by Amazon: Amazon blocked or unavailable (Navigation Error: Page.goto: Navigation to "https://www.amazon.in/" is interrupted by another navigation to "chrome-error://chromewebdata/"
Call log:
  - navigating to "https://www.amazon.in/", waiting until "domcontentloaded"
) at https://www.amazon.in/s?k=Mugs
2026-09-16 11:19:30,575 - INFO - Closed Playwright browser session safely

>>>>>>>>>>>>>>>>>>>>>>>>>>>>>>>>>>>>>>>>
BATCH CATEGORY [45/108]: 'Plates'
URL: https://www.amazon.in/s?k=Plates
>>>>>>>>>>>>>>>>>>>>>>>>>>>>>>>>>>>>>>>>

2026-09-16 11:19:30,576 - INFO - Target Category: 'Plates'
2026-09-16 11:19:30,576 - INFO - Target URL: 'https://www.amazon.in/s?k=Plates'
2026-09-16 11:19:30,979 - INFO - Created Amazon browser context generation 1
2026-09-16 11:19:30,979 - INFO - Started Playwright Chromium session (headless=True, timeout=30000ms, downloads=enabled)
2026-09-16 11:19:30,979 - INFO - Discovering products for category 'Plates' from https://www.amazon.in/s?k=Plates...
2026-09-16 11:19:31,017 - INFO - Navigating to Amazon search page 1: https://www.amazon.in/s?k=Plates
Opening Amazon...
Attempt: 1/3
2026-09-16 11:19:31,237 - WARNING - Direct navigation triggered download trap for 'Plates'. Trying UI search fallback...
Amazon navigation error (attempt 1/3): Page.goto: Navigation to "https://www.amazon.in/" is interrupted by another navigation to "chrome-error://chromewebdata/"
Call log:
  - navigating to "https://www.amazon.in/", waiting until "domcontentloaded"

2026-09-16 11:19:31,379 - WARNING - Error opening Amazon search page (attempt 1): https://www.amazon.in/s?k=Plates: Page.goto: Navigation to "https://www.amazon.in/" is interrupted by another navigation to "chrome-error://chromewebdata/"
Call log:
  - navigating to "https://www.amazon.in/", waiting until "domcontentloaded"

Retrying in 2s...
Opening Amazon...
Attempt: 2/3
2026-09-16 11:19:33,557 - WARNING - Direct navigation triggered download trap for 'Plates'. Trying UI search fallback...
Amazon navigation error (attempt 2/3): Page.goto: Navigation to "https://www.amazon.in/" is interrupted by another navigation to "chrome-error://chromewebdata/"
Call log:
  - navigating to "https://www.amazon.in/", waiting until "domcontentloaded"

2026-09-16 11:19:33,696 - WARNING - Error opening Amazon search page (attempt 2): https://www.amazon.in/s?k=Plates: Page.goto: Navigation to "https://www.amazon.in/" is interrupted by another navigation to "chrome-error://chromewebdata/"
Call log:
  - navigating to "https://www.amazon.in/", waiting until "domcontentloaded"

Retrying in 5s...
Opening Amazon...
Attempt: 3/3
2026-09-16 11:19:38,883 - WARNING - Direct navigation triggered download trap for 'Plates'. Trying UI search fallback...
Amazon navigation error (attempt 3/3): Page.goto: Navigation to "https://www.amazon.in/" is interrupted by another navigation to "chrome-error://chromewebdata/"
Call log:
  - navigating to "https://www.amazon.in/", waiting until "domcontentloaded"

2026-09-16 11:19:39,027 - WARNING - Error opening Amazon search page (attempt 3): https://www.amazon.in/s?k=Plates: Page.goto: Navigation to "https://www.amazon.in/" is interrupted by another navigation to "chrome-error://chromewebdata/"
Call log:
  - navigating to "https://www.amazon.in/", waiting until "domcontentloaded"

2026-09-16 11:19:39,030 - ERROR - Category 'Plates' BLOCKED by Amazon: Amazon blocked or unavailable (Navigation Error: Page.goto: Navigation to "https://www.amazon.in/" is interrupted by another navigation to "chrome-error://chromewebdata/"
Call log:
  - navigating to "https://www.amazon.in/", waiting until "domcontentloaded"
) at https://www.amazon.in/s?k=Plates
2026-09-16 11:19:39,078 - INFO - Closed Playwright browser session safely

>>>>>>>>>>>>>>>>>>>>>>>>>>>>>>>>>>>>>>>>
BATCH CATEGORY [46/108]: 'Bowls'
URL: https://www.amazon.in/s?k=Bowls
>>>>>>>>>>>>>>>>>>>>>>>>>>>>>>>>>>>>>>>>

2026-09-16 11:19:39,080 - INFO - Target Category: 'Bowls'
2026-09-16 11:19:39,080 - INFO - Target URL: 'https://www.amazon.in/s?k=Bowls'
2026-09-16 11:19:39,484 - INFO - Created Amazon browser context generation 1
2026-09-16 11:19:39,484 - INFO - Started Playwright Chromium session (headless=True, timeout=30000ms, downloads=enabled)
2026-09-16 11:19:39,484 - INFO - Discovering products for category 'Bowls' from https://www.amazon.in/s?k=Bowls...
2026-09-16 11:19:39,527 - INFO - Navigating to Amazon search page 1: https://www.amazon.in/s?k=Bowls
Opening Amazon...
Attempt: 1/3
2026-09-16 11:19:39,734 - WARNING - Direct navigation triggered download trap for 'Bowls'. Trying UI search fallback...
Amazon navigation error (attempt 1/3): Page.goto: Navigation to "https://www.amazon.in/" is interrupted by another navigation to "chrome-error://chromewebdata/"
Call log:
  - navigating to "https://www.amazon.in/", waiting until "domcontentloaded"

2026-09-16 11:19:39,877 - WARNING - Error opening Amazon search page (attempt 1): https://www.amazon.in/s?k=Bowls: Page.goto: Navigation to "https://www.amazon.in/" is interrupted by another navigation to "chrome-error://chromewebdata/"
Call log:
  - navigating to "https://www.amazon.in/", waiting until "domcontentloaded"

Retrying in 2s...
Opening Amazon...
Attempt: 2/3
2026-09-16 11:19:42,169 - WARNING - Direct navigation triggered download trap for 'Bowls'. Trying UI search fallback...
Amazon navigation error (attempt 2/3): Page.goto: Navigation to "https://www.amazon.in/" is interrupted by another navigation to "chrome-error://chromewebdata/"
Call log:
  - navigating to "https://www.amazon.in/", waiting until "domcontentloaded"

2026-09-16 11:19:42,312 - WARNING - Error opening Amazon search page (attempt 2): https://www.amazon.in/s?k=Bowls: Page.goto: Navigation to "https://www.amazon.in/" is interrupted by another navigation to "chrome-error://chromewebdata/"
Call log:
  - navigating to "https://www.amazon.in/", waiting until "domcontentloaded"

Retrying in 5s...
Opening Amazon...
Attempt: 3/3
2026-09-16 11:19:47,492 - WARNING - Direct navigation triggered download trap for 'Bowls'. Trying UI search fallback...
Amazon navigation error (attempt 3/3): Page.goto: Navigation to "https://www.amazon.in/" is interrupted by another navigation to "chrome-error://chromewebdata/"
Call log:
  - navigating to "https://www.amazon.in/", waiting until "domcontentloaded"

2026-09-16 11:19:47,633 - WARNING - Error opening Amazon search page (attempt 3): https://www.amazon.in/s?k=Bowls: Page.goto: Navigation to "https://www.amazon.in/" is interrupted by another navigation to "chrome-error://chromewebdata/"
Call log:
  - navigating to "https://www.amazon.in/", waiting until "domcontentloaded"

2026-09-16 11:19:47,635 - ERROR - Category 'Bowls' BLOCKED by Amazon: Amazon blocked or unavailable (Navigation Error: Page.goto: Navigation to "https://www.amazon.in/" is interrupted by another navigation to "chrome-error://chromewebdata/"
Call log:
  - navigating to "https://www.amazon.in/", waiting until "domcontentloaded"
) at https://www.amazon.in/s?k=Bowls
2026-09-16 11:19:47,678 - INFO - Closed Playwright browser session safely

>>>>>>>>>>>>>>>>>>>>>>>>>>>>>>>>>>>>>>>>
BATCH CATEGORY [47/108]: 'Glasses'
URL: https://www.amazon.in/s?k=Glasses
>>>>>>>>>>>>>>>>>>>>>>>>>>>>>>>>>>>>>>>>

2026-09-16 11:19:47,680 - INFO - Target Category: 'Glasses'
2026-09-16 11:19:47,680 - INFO - Target URL: 'https://www.amazon.in/s?k=Glasses'
2026-09-16 11:19:48,072 - INFO - Created Amazon browser context generation 1
2026-09-16 11:19:48,072 - INFO - Started Playwright Chromium session (headless=True, timeout=30000ms, downloads=enabled)
2026-09-16 11:19:48,073 - INFO - Discovering products for category 'Glasses' from https://www.amazon.in/s?k=Glasses...
2026-09-16 11:19:48,117 - INFO - Navigating to Amazon search page 1: https://www.amazon.in/s?k=Glasses
Opening Amazon...
Attempt: 1/3
2026-09-16 11:19:48,318 - WARNING - Direct navigation triggered download trap for 'Glasses'. Trying UI search fallback...
Amazon navigation error (attempt 1/3): Page.goto: Navigation to "https://www.amazon.in/" is interrupted by another navigation to "chrome-error://chromewebdata/"
Call log:
  - navigating to "https://www.amazon.in/", waiting until "domcontentloaded"

2026-09-16 11:19:48,465 - WARNING - Error opening Amazon search page (attempt 1): https://www.amazon.in/s?k=Glasses: Page.goto: Navigation to "https://www.amazon.in/" is interrupted by another navigation to "chrome-error://chromewebdata/"
Call log:
  - navigating to "https://www.amazon.in/", waiting until "domcontentloaded"

Retrying in 2s...
Opening Amazon...
Attempt: 2/3
2026-09-16 11:19:50,647 - WARNING - Direct navigation triggered download trap for 'Glasses'. Trying UI search fallback...
Amazon navigation error (attempt 2/3): Page.goto: Navigation to "https://www.amazon.in/" is interrupted by another navigation to "chrome-error://chromewebdata/"
Call log:
  - navigating to "https://www.amazon.in/", waiting until "domcontentloaded"

2026-09-16 11:19:50,788 - WARNING - Error opening Amazon search page (attempt 2): https://www.amazon.in/s?k=Glasses: Page.goto: Navigation to "https://www.amazon.in/" is interrupted by another navigation to "chrome-error://chromewebdata/"
Call log:
  - navigating to "https://www.amazon.in/", waiting until "domcontentloaded"

Retrying in 5s...
Opening Amazon...
Attempt: 3/3
2026-09-16 11:19:56,125 - WARNING - Direct navigation triggered download trap for 'Glasses'. Trying UI search fallback...
Amazon navigation error (attempt 3/3): Page.goto: Navigation to "https://www.amazon.in/" is interrupted by another navigation to "chrome-error://chromewebdata/"
Call log:
  - navigating to "https://www.amazon.in/", waiting until "domcontentloaded"

2026-09-16 11:19:56,269 - WARNING - Error opening Amazon search page (attempt 3): https://www.amazon.in/s?k=Glasses: Page.goto: Navigation to "https://www.amazon.in/" is interrupted by another navigation to "chrome-error://chromewebdata/"
Call log:
  - navigating to "https://www.amazon.in/", waiting until "domcontentloaded"

2026-09-16 11:19:56,272 - ERROR - Category 'Glasses' BLOCKED by Amazon: Amazon blocked or unavailable (Navigation Error: Page.goto: Navigation to "https://www.amazon.in/" is interrupted by another navigation to "chrome-error://chromewebdata/"
Call log:
  - navigating to "https://www.amazon.in/", waiting until "domcontentloaded"
) at https://www.amazon.in/s?k=Glasses
2026-09-16 11:19:56,312 - INFO - Closed Playwright browser session safely

>>>>>>>>>>>>>>>>>>>>>>>>>>>>>>>>>>>>>>>>
BATCH CATEGORY [48/108]: 'Serving Sets'
URL: https://www.amazon.in/s?k=Serving+Sets
>>>>>>>>>>>>>>>>>>>>>>>>>>>>>>>>>>>>>>>>

2026-09-16 11:19:56,313 - INFO - Target Category: 'Serving Sets'
2026-09-16 11:19:56,313 - INFO - Target URL: 'https://www.amazon.in/s?k=Serving+Sets'
2026-09-16 11:19:56,715 - INFO - Created Amazon browser context generation 1
2026-09-16 11:19:56,715 - INFO - Started Playwright Chromium session (headless=True, timeout=30000ms, downloads=enabled)
2026-09-16 11:19:56,715 - INFO - Discovering products for category 'Serving Sets' from https://www.amazon.in/s?k=Serving+Sets...
2026-09-16 11:19:56,758 - INFO - Navigating to Amazon search page 1: https://www.amazon.in/s?k=Serving+Sets
Opening Amazon...
Attempt: 1/3
Amazon page loaded
2026-09-16 11:19:59,290 - INFO - Found 277 raw product links on page 1
Products discovered: 20
2026-09-16 11:19:59,531 - INFO - Discovered 20 total unique product URLs so far
2026-09-16 11:19:59,569 - INFO - Discovered 20 products for category 'Serving Sets'
2026-09-16 11:19:59,569 - INFO - [1/20] Processing product ASIN: B0H8T26PBL
2026-09-16 11:19:59,607 - INFO - Opening Amazon product page for multi-seller extraction: https://www.amazon.in/dp/B0H8T26PBL
2026-09-16 11:19:59,766 - WARNING - Amazon product page blocked (Robot Check / CAPTCHA) on attempt 1/3: https://www.amazon.in/dp/B0H8T26PBL
2026-09-16 11:20:01,923 - WARNING - Amazon product page blocked (Robot Check / CAPTCHA) on attempt 2/3: https://www.amazon.in/dp/B0H8T26PBL
2026-09-16 11:20:06,083 - WARNING - Amazon product page blocked (Robot Check / CAPTCHA) on attempt 3/3: https://www.amazon.in/dp/B0H8T26PBL
2026-09-16 11:20:06,135 - INFO - Visible seller fallback found no seller for B0H8T26PBL
2026-09-16 11:20:06,137 - INFO - [2/20] Processing product ASIN: B0GT8YB4Q1
2026-09-16 11:20:06,169 - INFO - Opening Amazon product page for multi-seller extraction: https://www.amazon.in/dp/B0GT8YB4Q1
2026-09-16 11:20:06,325 - WARNING - Amazon product page blocked (Robot Check / CAPTCHA) on attempt 1/3: https://www.amazon.in/dp/B0GT8YB4Q1
2026-09-16 11:20:08,478 - WARNING - Amazon product page blocked (Robot Check / CAPTCHA) on attempt 2/3: https://www.amazon.in/dp/B0GT8YB4Q1
2026-09-16 11:20:12,636 - WARNING - Amazon product page blocked (Robot Check / CAPTCHA) on attempt 3/3: https://www.amazon.in/dp/B0GT8YB4Q1
2026-09-16 11:20:12,688 - INFO - Visible seller fallback found no seller for B0GT8YB4Q1
2026-09-16 11:20:12,690 - INFO - [3/20] Processing product ASIN: B0BB7WHR7G
2026-09-16 11:20:12,721 - INFO - Opening Amazon product page for multi-seller extraction: https://www.amazon.in/dp/B0BB7WHR7G
2026-09-16 11:20:12,888 - WARNING - Amazon product page blocked (Robot Check / CAPTCHA) on attempt 1/3: https://www.amazon.in/dp/B0BB7WHR7G
2026-09-16 11:20:15,039 - WARNING - Amazon product page blocked (Robot Check / CAPTCHA) on attempt 2/3: https://www.amazon.in/dp/B0BB7WHR7G
2026-09-16 11:20:19,190 - WARNING - Amazon product page blocked (Robot Check / CAPTCHA) on attempt 3/3: https://www.amazon.in/dp/B0BB7WHR7G
2026-09-16 11:20:19,245 - INFO - Visible seller fallback found no seller for B0BB7WHR7G
2026-09-16 11:20:19,247 - INFO - [4/20] Processing product ASIN: B0GRJXD993
2026-09-16 11:20:19,280 - INFO - Opening Amazon product page for multi-seller extraction: https://www.amazon.in/dp/B0GRJXD993
2026-09-16 11:20:20,458 - INFO - PRODUCT: Eco Disposable Square Dona Bagasse Bowls - Biodegradable Disposable Bowls - Eco-Friendly Dip, Sauce & Chutney Disposable Cups - Leak-Resistant Small Serving Bowls (Pack of 50)
2026-09-16 11:20:20,458 - INFO - ASIN: B0GRJXD993

PRODUCT: Eco Disposable Square Dona Bagasse Bowls - Biodegradable Disposable Bowls - Eco-Friendly Dip, Sauce & Chutney Disposable Cups - Leak-Resistant Small Serving Bowls (Pack of 50)
ASIN: B0GRJXD993
2026-09-16 11:20:20,486 - INFO - BUY BOX SELLER: AAROYAA PRIVATE LIMITED
BUY BOX SELLER: AAROYAA PRIVATE LIMITED
2026-09-16 11:20:20,486 - INFO - AOD: Opening All Offers...
AOD: Opening All Offers...
2026-09-16 11:20:20,529 - INFO - AOD: Initial offers found: 0
AOD: Initial offers found: 0
2026-09-16 11:20:20,558 - INFO - Clicking offer load-more control: a:has-text('See more')
2026-09-16 11:20:22,102 - INFO - AOD: No new sellers found (attempt 1/3)
AOD: No new sellers found (attempt 1/3)
2026-09-16 11:20:22,126 - INFO - Clicking offer load-more control: a:has-text('See more')
2026-09-16 11:20:23,659 - INFO - AOD: No new sellers found (attempt 2/3)
AOD: No new sellers found (attempt 2/3)
2026-09-16 11:20:23,684 - INFO - Clicking offer load-more control: a:has-text('See more')
2026-09-16 11:20:25,208 - INFO - AOD: No new sellers found (attempt 3/3)
AOD: No new sellers found (attempt 3/3)
2026-09-16 11:20:25,222 - INFO - Clicking offer load-more control: a:has-text('See more')
2026-09-16 11:20:26,776 - INFO - Clicking offer load-more control: a:has-text('See more')
2026-09-16 11:20:28,323 - INFO - AOD: No new sellers found (attempt 1/3)
AOD: No new sellers found (attempt 1/3)
2026-09-16 11:20:28,345 - INFO - Clicking offer load-more control: a:has-text('See more')
2026-09-16 11:20:29,873 - INFO - AOD: No new sellers found (attempt 2/3)
AOD: No new sellers found (attempt 2/3)
2026-09-16 11:20:29,895 - INFO - Clicking offer load-more control: a:has-text('See more')
2026-09-16 11:20:31,424 - INFO - AOD: No new sellers found (attempt 3/3)
AOD: No new sellers found (attempt 3/3)
2026-09-16 11:20:31,437 - INFO - Clicking offer load-more control: a:has-text('See more')
2026-09-16 11:20:32,974 - INFO - Clicking offer load-more control: a:has-text('See more')
2026-09-16 11:20:34,508 - INFO - AOD: No new sellers found (attempt 1/3)
AOD: No new sellers found (attempt 1/3)
2026-09-16 11:20:34,531 - INFO - Clicking offer load-more control: a:has-text('See more')
2026-09-16 11:20:36,057 - INFO - AOD: No new sellers found (attempt 2/3)
AOD: No new sellers found (attempt 2/3)
2026-09-16 11:20:36,079 - INFO - Clicking offer load-more control: a:has-text('See more')
2026-09-16 11:20:37,606 - INFO - AOD: No new sellers found (attempt 3/3)
AOD: No new sellers found (attempt 3/3)
2026-09-16 11:20:37,620 - INFO - Clicking offer load-more control: a:has-text('See more')
2026-09-16 11:20:39,157 - INFO - Clicking offer load-more control: a:has-text('See more')
2026-09-16 11:20:40,689 - INFO - AOD: No new sellers found (attempt 1/3)
AOD: No new sellers found (attempt 1/3)
2026-09-16 11:20:40,711 - INFO - Clicking offer load-more control: a:has-text('See more')
2026-09-16 11:20:42,239 - INFO - AOD: No new sellers found (attempt 2/3)
AOD: No new sellers found (attempt 2/3)
2026-09-16 11:20:42,261 - INFO - Clicking offer load-more control: a:has-text('See more')
2026-09-16 11:20:43,791 - INFO - AOD: No new sellers found (attempt 3/3)
AOD: No new sellers found (attempt 3/3)
2026-09-16 11:20:43,806 - INFO - Clicking offer load-more control: a:has-text('See more')
2026-09-16 11:20:45,354 - INFO - Clicking offer load-more control: a:has-text('See more')
2026-09-16 11:20:46,873 - INFO - AOD: No new sellers found (attempt 1/3)
AOD: No new sellers found (attempt 1/3)
2026-09-16 11:20:46,895 - INFO - Clicking offer load-more control: a:has-text('See more')
2026-09-16 11:20:48,423 - INFO - AOD: No new sellers found (attempt 2/3)
AOD: No new sellers found (attempt 2/3)
2026-09-16 11:20:48,446 - INFO - Clicking offer load-more control: a:has-text('See more')
2026-09-16 11:20:49,972 - INFO - AOD: No new sellers found (attempt 3/3)
AOD: No new sellers found (attempt 3/3)
2026-09-16 11:20:49,986 - INFO - Clicking offer load-more control: a:has-text('See more')
2026-09-16 11:20:51,522 - INFO - Clicking offer load-more control: a:has-text('See more')
2026-09-16 11:20:53,056 - INFO - AOD: No new sellers found (attempt 1/3)
AOD: No new sellers found (attempt 1/3)
2026-09-16 11:20:53,078 - INFO - Clicking offer load-more control: a:has-text('See more')
2026-09-16 11:20:54,606 - INFO - AOD: No new sellers found (attempt 2/3)
AOD: No new sellers found (attempt 2/3)
2026-09-16 11:20:54,629 - INFO - Clicking offer load-more control: a:has-text('See more')
2026-09-16 11:20:56,156 - INFO - AOD: No new sellers found (attempt 3/3)
AOD: No new sellers found (attempt 3/3)
2026-09-16 11:20:56,170 - INFO - Clicking offer load-more control: a:has-text('See more')
2026-09-16 11:20:57,706 - INFO - Clicking offer load-more control: a:has-text('See more')
2026-09-16 11:20:59,239 - INFO - AOD: No new sellers found (attempt 1/3)
AOD: No new sellers found (attempt 1/3)
2026-09-16 11:20:59,261 - INFO - Clicking offer load-more control: a:has-text('See more')
2026-09-16 11:21:00,790 - INFO - AOD: No new sellers found (attempt 2/3)
AOD: No new sellers found (attempt 2/3)
2026-09-16 11:21:00,813 - INFO - Clicking offer load-more control: a:has-text('See more')
2026-09-16 11:21:02,339 - INFO - AOD: No new sellers found (attempt 3/3)
AOD: No new sellers found (attempt 3/3)
2026-09-16 11:21:02,353 - INFO - Clicking offer load-more control: a:has-text('See more')
2026-09-16 11:21:03,890 - INFO - Clicking offer load-more control: a:has-text('See more')
2026-09-16 11:21:05,438 - INFO - AOD: No new sellers found (attempt 1/3)
AOD: No new sellers found (attempt 1/3)
2026-09-16 11:21:05,461 - INFO - Clicking offer load-more control: a:has-text('See more')
2026-09-16 11:21:06,989 - INFO - AOD: No new sellers found (attempt 2/3)
AOD: No new sellers found (attempt 2/3)
2026-09-16 11:21:07,015 - INFO - Clicking offer load-more control: a:has-text('See more')
2026-09-16 11:21:08,538 - INFO - AOD: No new sellers found (attempt 3/3)
AOD: No new sellers found (attempt 3/3)
2026-09-16 11:21:08,551 - INFO - Clicking offer load-more control: a:has-text('See more')
2026-09-16 11:21:10,088 - INFO - Clicking offer load-more control: a:has-text('See more')
2026-09-16 11:21:11,622 - INFO - AOD: No new sellers found (attempt 1/3)
AOD: No new sellers found (attempt 1/3)
2026-09-16 11:21:11,644 - INFO - Clicking offer load-more control: a:has-text('See more')
2026-09-16 11:21:13,171 - INFO - AOD: No new sellers found (attempt 2/3)
AOD: No new sellers found (attempt 2/3)
2026-09-16 11:21:13,192 - INFO - Clicking offer load-more control: a:has-text('See more')
2026-09-16 11:21:14,721 - INFO - AOD: No new sellers found (attempt 3/3)
AOD: No new sellers found (attempt 3/3)
2026-09-16 11:21:14,734 - INFO - Clicking offer load-more control: a:has-text('See more')
2026-09-16 11:21:16,288 - INFO - Clicking offer load-more control: a:has-text('See more')
2026-09-16 11:21:17,837 - INFO - AOD: No new sellers found (attempt 1/3)
AOD: No new sellers found (attempt 1/3)
2026-09-16 11:21:17,859 - INFO - Clicking offer load-more control: a:has-text('See more')
2026-09-16 11:21:19,388 - INFO - AOD: No new sellers found (attempt 2/3)
AOD: No new sellers found (attempt 2/3)
2026-09-16 11:21:19,412 - INFO - Clicking offer load-more control: a:has-text('See more')
2026-09-16 11:21:20,955 - INFO - AOD: No new sellers found (attempt 3/3)
AOD: No new sellers found (attempt 3/3)
2026-09-16 11:21:20,969 - INFO - Clicking offer load-more control: a:has-text('See more')
2026-09-16 11:21:22,559 - INFO - Clicking offer load-more control: a:has-text('See more')
2026-09-16 11:21:24,088 - INFO - AOD: No new sellers found (attempt 1/3)
AOD: No new sellers found (attempt 1/3)
2026-09-16 11:21:24,111 - INFO - Clicking offer load-more control: a:has-text('See more')
2026-09-16 11:21:25,638 - INFO - AOD: No new sellers found (attempt 2/3)
AOD: No new sellers found (attempt 2/3)
2026-09-16 11:21:25,660 - INFO - Clicking offer load-more control: a:has-text('See more')
2026-09-16 11:21:27,188 - INFO - AOD: No new sellers found (attempt 3/3)
AOD: No new sellers found (attempt 3/3)
2026-09-16 11:21:27,201 - INFO - Clicking offer load-more control: a:has-text('See more')
2026-09-16 11:21:28,738 - INFO - Clicking offer load-more control: a:has-text('See more')
2026-09-16 11:21:30,271 - INFO - AOD: No new sellers found (attempt 1/3)
AOD: No new sellers found (attempt 1/3)
2026-09-16 11:21:30,294 - INFO - Clicking offer load-more control: a:has-text('See more')
2026-09-16 11:21:31,821 - INFO - AOD: No new sellers found (attempt 2/3)
AOD: No new sellers found (attempt 2/3)
2026-09-16 11:21:31,845 - INFO - Clicking offer load-more control: a:has-text('See more')
2026-09-16 11:21:33,372 - INFO - AOD: No new sellers found (attempt 3/3)
AOD: No new sellers found (attempt 3/3)
2026-09-16 11:21:33,386 - INFO - Clicking offer load-more control: a:has-text('See more')
2026-09-16 11:21:34,940 - INFO - Clicking offer load-more control: a:has-text('See more')
2026-09-16 11:21:36,488 - INFO - AOD: No new sellers found (attempt 1/3)
AOD: No new sellers found (attempt 1/3)
2026-09-16 11:21:36,510 - INFO - Clicking offer load-more control: a:has-text('See more')
2026-09-16 11:21:38,037 - INFO - AOD: No new sellers found (attempt 2/3)
AOD: No new sellers found (attempt 2/3)
2026-09-16 11:21:38,059 - INFO - Clicking offer load-more control: a:has-text('See more')
2026-09-16 11:21:39,587 - INFO - AOD: No new sellers found (attempt 3/3)
AOD: No new sellers found (attempt 3/3)
2026-09-16 11:21:39,600 - INFO - Clicking offer load-more control: a:has-text('See more')
2026-09-16 11:21:41,137 - INFO - Clicking offer load-more control: a:has-text('See more')
2026-09-16 11:21:42,670 - INFO - AOD: No new sellers found (attempt 1/3)
AOD: No new sellers found (attempt 1/3)
2026-09-16 11:21:42,674 - INFO - AOD EXTRACTION COMPLETE | ASIN: B0GRJXD993 | TOTAL UNIQUE SELLERS: 1

AOD EXTRACTION COMPLETE
ASIN: B0GRJXD993
TOTAL UNIQUE SELLERS: 1

2026-09-16 11:21:42,674 - INFO - Opening Amazon seller profile page: https://www.amazon.in/gp/help/seller/at-a-glance.html/ref=dp_merchant_link?ie=UTF8&seller=A7NL4N2QE3YQV&asin=B0GRJXD993&ref_=dp_merchant_link
2026-09-16 11:21:46,560 - INFO - [5/20] Processing product ASIN: B0G5Q3T6F6
2026-09-16 11:21:46,596 - INFO - Opening Amazon product page for multi-seller extraction: https://www.amazon.in/dp/B0G5Q3T6F6
2026-09-16 11:21:47,075 - INFO - PRODUCT: Amazon Product B0G5Q3T6F6
2026-09-16 11:21:47,075 - INFO - ASIN: B0G5Q3T6F6

PRODUCT: Amazon Product B0G5Q3T6F6
ASIN: B0G5Q3T6F6
2026-09-16 11:21:47,086 - INFO - BUY BOX SELLER: None
BUY BOX SELLER: None
2026-09-16 11:21:47,086 - INFO - AOD: Opening All Offers...
AOD: Opening All Offers...
2026-09-16 11:21:47,109 - WARNING - WARNING: AOD offer container not found. FALLBACK: Existing seller extraction
2026-09-16 11:21:47,111 - INFO - AOD EXTRACTION COMPLETE | ASIN: B0G5Q3T6F6 | TOTAL UNIQUE SELLERS: 0

AOD EXTRACTION COMPLETE
ASIN: B0G5Q3T6F6
TOTAL UNIQUE SELLERS: 0

2026-09-16 11:21:47,149 - INFO - Visible seller fallback found no seller for B0G5Q3T6F6
2026-09-16 11:21:47,161 - INFO - [6/20] Processing product ASIN: B0H23JN4D3
2026-09-16 11:21:47,195 - INFO - Opening Amazon product page for multi-seller extraction: https://www.amazon.in/dp/B0H23JN4D3
2026-09-16 11:21:47,902 - INFO - PRODUCT: Amazon Product B0H23JN4D3
2026-09-16 11:21:47,902 - INFO - ASIN: B0H23JN4D3

PRODUCT: Amazon Product B0H23JN4D3
ASIN: B0H23JN4D3
2026-09-16 11:21:47,912 - INFO - BUY BOX SELLER: None
BUY BOX SELLER: None
2026-09-16 11:21:47,912 - INFO - AOD: Opening All Offers...
AOD: Opening All Offers...
2026-09-16 11:21:47,935 - WARNING - WARNING: AOD offer container not found. FALLBACK: Existing seller extraction
2026-09-16 11:21:47,938 - INFO - AOD EXTRACTION COMPLETE | ASIN: B0H23JN4D3 | TOTAL UNIQUE SELLERS: 0

AOD EXTRACTION COMPLETE
ASIN: B0H23JN4D3
TOTAL UNIQUE SELLERS: 0

2026-09-16 11:21:47,995 - INFO - Visible seller fallback found no seller for B0H23JN4D3
2026-09-16 11:21:48,010 - INFO - [7/20] Processing product ASIN: B0H297WDRX
2026-09-16 11:21:48,045 - INFO - Opening Amazon product page for multi-seller extraction: https://www.amazon.in/dp/B0H297WDRX
2026-09-16 11:21:48,760 - INFO - PRODUCT: Amazon Product B0H297WDRX
2026-09-16 11:21:48,760 - INFO - ASIN: B0H297WDRX

PRODUCT: Amazon Product B0H297WDRX
ASIN: B0H297WDRX
2026-09-16 11:21:48,772 - INFO - BUY BOX SELLER: None
BUY BOX SELLER: None
2026-09-16 11:21:48,772 - INFO - AOD: Opening All Offers...
AOD: Opening All Offers...
2026-09-16 11:21:48,795 - WARNING - WARNING: AOD offer container not found. FALLBACK: Existing seller extraction
2026-09-16 11:21:48,798 - INFO - AOD EXTRACTION COMPLETE | ASIN: B0H297WDRX | TOTAL UNIQUE SELLERS: 0

AOD EXTRACTION COMPLETE
ASIN: B0H297WDRX
TOTAL UNIQUE SELLERS: 0

2026-09-16 11:21:48,836 - INFO - Visible seller fallback found no seller for B0H297WDRX
2026-09-16 11:21:48,850 - INFO - [8/20] Processing product ASIN: B0H1VVPCL6
2026-09-16 11:21:48,881 - INFO - Opening Amazon product page for multi-seller extraction: https://www.amazon.in/dp/B0H1VVPCL6
2026-09-16 11:21:49,616 - INFO - PRODUCT: Amazon Product B0H1VVPCL6
2026-09-16 11:21:49,616 - INFO - ASIN: B0H1VVPCL6

PRODUCT: Amazon Product B0H1VVPCL6
ASIN: B0H1VVPCL6
2026-09-16 11:21:49,624 - INFO - BUY BOX SELLER: None
BUY BOX SELLER: None
2026-09-16 11:21:49,625 - INFO - AOD: Opening All Offers...
AOD: Opening All Offers...
2026-09-16 11:21:49,647 - WARNING - WARNING: AOD offer container not found. FALLBACK: Existing seller extraction
2026-09-16 11:21:49,651 - INFO - AOD EXTRACTION COMPLETE | ASIN: B0H1VVPCL6 | TOTAL UNIQUE SELLERS: 0

AOD EXTRACTION COMPLETE
ASIN: B0H1VVPCL6
TOTAL UNIQUE SELLERS: 0

2026-09-16 11:21:49,690 - INFO - Visible seller fallback found no seller for B0H1VVPCL6
2026-09-16 11:21:49,705 - INFO - [9/20] Processing product ASIN: B0H1VT8FTF
2026-09-16 11:21:49,738 - INFO - Opening Amazon product page for multi-seller extraction: https://www.amazon.in/dp/B0H1VT8FTF
2026-09-16 11:21:50,469 - INFO - PRODUCT: Amazon Product B0H1VT8FTF
2026-09-16 11:21:50,469 - INFO - ASIN: B0H1VT8FTF

PRODUCT: Amazon Product B0H1VT8FTF
ASIN: B0H1VT8FTF
2026-09-16 11:21:50,479 - INFO - BUY BOX SELLER: None
BUY BOX SELLER: None
2026-09-16 11:21:50,479 - INFO - AOD: Opening All Offers...
AOD: Opening All Offers...
2026-09-16 11:21:50,500 - WARNING - WARNING: AOD offer container not found. FALLBACK: Existing seller extraction
2026-09-16 11:21:50,504 - INFO - AOD EXTRACTION COMPLETE | ASIN: B0H1VT8FTF | TOTAL UNIQUE SELLERS: 0

AOD EXTRACTION COMPLETE
ASIN: B0H1VT8FTF
TOTAL UNIQUE SELLERS: 0

2026-09-16 11:21:50,542 - INFO - Visible seller fallback found no seller for B0H1VT8FTF
2026-09-16 11:21:50,555 - INFO - [10/20] Processing product ASIN: B0H1W1YB5S
2026-09-16 11:21:50,586 - INFO - Opening Amazon product page for multi-seller extraction: https://www.amazon.in/dp/B0H1W1YB5S
2026-09-16 11:21:51,291 - INFO - PRODUCT: Amazon Product B0H1W1YB5S
2026-09-16 11:21:51,291 - INFO - ASIN: B0H1W1YB5S

PRODUCT: Amazon Product B0H1W1YB5S
ASIN: B0H1W1YB5S
2026-09-16 11:21:51,299 - INFO - BUY BOX SELLER: None
BUY BOX SELLER: None
2026-09-16 11:21:51,299 - INFO - AOD: Opening All Offers...
AOD: Opening All Offers...
2026-09-16 11:21:51,321 - WARNING - WARNING: AOD offer container not found. FALLBACK: Existing seller extraction
2026-09-16 11:21:51,324 - INFO - AOD EXTRACTION COMPLETE | ASIN: B0H1W1YB5S | TOTAL UNIQUE SELLERS: 0

AOD EXTRACTION COMPLETE
ASIN: B0H1W1YB5S
TOTAL UNIQUE SELLERS: 0

2026-09-16 11:21:51,361 - INFO - Visible seller fallback found no seller for B0H1W1YB5S
2026-09-16 11:21:51,373 - INFO - [11/20] Processing product ASIN: B0H294N62X
2026-09-16 11:21:51,406 - INFO - Opening Amazon product page for multi-seller extraction: https://www.amazon.in/dp/B0H294N62X
2026-09-16 11:21:52,126 - INFO - PRODUCT: Amazon Product B0H294N62X
2026-09-16 11:21:52,127 - INFO - ASIN: B0H294N62X

PRODUCT: Amazon Product B0H294N62X
ASIN: B0H294N62X
2026-09-16 11:21:52,135 - INFO - BUY BOX SELLER: None
BUY BOX SELLER: None
2026-09-16 11:21:52,135 - INFO - AOD: Opening All Offers...
AOD: Opening All Offers...
2026-09-16 11:21:52,157 - WARNING - WARNING: AOD offer container not found. FALLBACK: Existing seller extraction
2026-09-16 11:21:52,161 - INFO - AOD EXTRACTION COMPLETE | ASIN: B0H294N62X | TOTAL UNIQUE SELLERS: 0

AOD EXTRACTION COMPLETE
ASIN: B0H294N62X
TOTAL UNIQUE SELLERS: 0

2026-09-16 11:21:52,198 - INFO - Visible seller fallback found no seller for B0H294N62X
2026-09-16 11:21:52,210 - INFO - [12/20] Processing product ASIN: B0BPJR1J8R
2026-09-16 11:21:52,247 - INFO - Opening Amazon product page for multi-seller extraction: https://www.amazon.in/dp/B0BPJR1J8R
2026-09-16 11:21:52,967 - INFO - PRODUCT: Amazon Product B0BPJR1J8R
2026-09-16 11:21:52,967 - INFO - ASIN: B0BPJR1J8R

PRODUCT: Amazon Product B0BPJR1J8R
ASIN: B0BPJR1J8R
2026-09-16 11:21:52,976 - INFO - BUY BOX SELLER: None
BUY BOX SELLER: None
2026-09-16 11:21:52,976 - INFO - AOD: Opening All Offers...
AOD: Opening All Offers...
2026-09-16 11:21:53,000 - WARNING - WARNING: AOD offer container not found. FALLBACK: Existing seller extraction
2026-09-16 11:21:53,004 - INFO - AOD EXTRACTION COMPLETE | ASIN: B0BPJR1J8R | TOTAL UNIQUE SELLERS: 0

AOD EXTRACTION COMPLETE
ASIN: B0BPJR1J8R
TOTAL UNIQUE SELLERS: 0

2026-09-16 11:21:53,042 - INFO - Visible seller fallback found no seller for B0BPJR1J8R
2026-09-16 11:21:53,054 - INFO - [13/20] Processing product ASIN: B09QSZY6FJ
2026-09-16 11:21:53,089 - INFO - Opening Amazon product page for multi-seller extraction: https://www.amazon.in/dp/B09QSZY6FJ
2026-09-16 11:21:53,810 - INFO - PRODUCT: Amazon Product B09QSZY6FJ
2026-09-16 11:21:53,811 - INFO - ASIN: B09QSZY6FJ

PRODUCT: Amazon Product B09QSZY6FJ
ASIN: B09QSZY6FJ
2026-09-16 11:21:53,819 - INFO - BUY BOX SELLER: None
BUY BOX SELLER: None
2026-09-16 11:21:53,819 - INFO - AOD: Opening All Offers...
AOD: Opening All Offers...
2026-09-16 11:21:53,841 - WARNING - WARNING: AOD offer container not found. FALLBACK: Existing seller extraction
2026-09-16 11:21:53,845 - INFO - AOD EXTRACTION COMPLETE | ASIN: B09QSZY6FJ | TOTAL UNIQUE SELLERS: 0

AOD EXTRACTION COMPLETE
ASIN: B09QSZY6FJ
TOTAL UNIQUE SELLERS: 0

2026-09-16 11:21:53,882 - INFO - Visible seller fallback found no seller for B09QSZY6FJ
2026-09-16 11:21:53,894 - INFO - [14/20] Processing product ASIN: B09QT1ZY58
2026-09-16 11:21:53,926 - INFO - Opening Amazon product page for multi-seller extraction: https://www.amazon.in/dp/B09QT1ZY58
2026-09-16 11:21:54,646 - INFO - PRODUCT: Amazon Product B09QT1ZY58
2026-09-16 11:21:54,646 - INFO - ASIN: B09QT1ZY58

PRODUCT: Amazon Product B09QT1ZY58
ASIN: B09QT1ZY58
2026-09-16 11:21:54,655 - INFO - BUY BOX SELLER: None
BUY BOX SELLER: None
2026-09-16 11:21:54,655 - INFO - AOD: Opening All Offers...
AOD: Opening All Offers...
2026-09-16 11:21:54,677 - WARNING - WARNING: AOD offer container not found. FALLBACK: Existing seller extraction
2026-09-16 11:21:54,681 - INFO - AOD EXTRACTION COMPLETE | ASIN: B09QT1ZY58 | TOTAL UNIQUE SELLERS: 0

AOD EXTRACTION COMPLETE
ASIN: B09QT1ZY58
TOTAL UNIQUE SELLERS: 0

2026-09-16 11:21:54,717 - INFO - Visible seller fallback found no seller for B09QT1ZY58
2026-09-16 11:21:54,729 - INFO - [15/20] Processing product ASIN: B0BH8RXC38
2026-09-16 11:21:54,763 - INFO - Opening Amazon product page for multi-seller extraction: https://www.amazon.in/dp/B0BH8RXC38
2026-09-16 11:21:55,271 - INFO - PRODUCT: Amazon Product B0BH8RXC38
2026-09-16 11:21:55,271 - INFO - ASIN: B0BH8RXC38

PRODUCT: Amazon Product B0BH8RXC38
ASIN: B0BH8RXC38
2026-09-16 11:21:55,279 - INFO - BUY BOX SELLER: None
BUY BOX SELLER: None
2026-09-16 11:21:55,279 - INFO - AOD: Opening All Offers...
AOD: Opening All Offers...
2026-09-16 11:21:55,301 - WARNING - WARNING: AOD offer container not found. FALLBACK: Existing seller extraction
2026-09-16 11:21:55,304 - INFO - AOD EXTRACTION COMPLETE | ASIN: B0BH8RXC38 | TOTAL UNIQUE SELLERS: 0

AOD EXTRACTION COMPLETE
ASIN: B0BH8RXC38
TOTAL UNIQUE SELLERS: 0

2026-09-16 11:21:55,340 - INFO - Visible seller fallback found no seller for B0BH8RXC38
2026-09-16 11:21:55,353 - INFO - [16/20] Processing product ASIN: B0H9FGZ4NB
2026-09-16 11:21:55,385 - INFO - Opening Amazon product page for multi-seller extraction: https://www.amazon.in/dp/B0H9FGZ4NB
2026-09-16 11:21:56,101 - INFO - PRODUCT: Amazon Product B0H9FGZ4NB
2026-09-16 11:21:56,101 - INFO - ASIN: B0H9FGZ4NB

PRODUCT: Amazon Product B0H9FGZ4NB
ASIN: B0H9FGZ4NB
2026-09-16 11:21:56,109 - INFO - BUY BOX SELLER: None
BUY BOX SELLER: None
2026-09-16 11:21:56,109 - INFO - AOD: Opening All Offers...
AOD: Opening All Offers...
2026-09-16 11:21:56,131 - WARNING - WARNING: AOD offer container not found. FALLBACK: Existing seller extraction
2026-09-16 11:21:56,134 - INFO - AOD EXTRACTION COMPLETE | ASIN: B0H9FGZ4NB | TOTAL UNIQUE SELLERS: 0

AOD EXTRACTION COMPLETE
ASIN: B0H9FGZ4NB
TOTAL UNIQUE SELLERS: 0

2026-09-16 11:21:56,173 - INFO - Visible seller fallback found no seller for B0H9FGZ4NB
2026-09-16 11:21:56,187 - INFO - [17/20] Processing product ASIN: B09LRGS1ZW
2026-09-16 11:21:56,221 - INFO - Opening Amazon product page for multi-seller extraction: https://www.amazon.in/dp/B09LRGS1ZW
2026-09-16 11:21:56,944 - INFO - PRODUCT: Amazon Product B09LRGS1ZW
2026-09-16 11:21:56,944 - INFO - ASIN: B09LRGS1ZW

PRODUCT: Amazon Product B09LRGS1ZW
ASIN: B09LRGS1ZW
2026-09-16 11:21:56,953 - INFO - BUY BOX SELLER: None
BUY BOX SELLER: None
2026-09-16 11:21:56,953 - INFO - AOD: Opening All Offers...
AOD: Opening All Offers...
2026-09-16 11:21:56,975 - WARNING - WARNING: AOD offer container not found. FALLBACK: Existing seller extraction
2026-09-16 11:21:56,978 - INFO - AOD EXTRACTION COMPLETE | ASIN: B09LRGS1ZW | TOTAL UNIQUE SELLERS: 0

AOD EXTRACTION COMPLETE
ASIN: B09LRGS1ZW
TOTAL UNIQUE SELLERS: 0

2026-09-16 11:21:57,015 - INFO - Visible seller fallback found no seller for B09LRGS1ZW
2026-09-16 11:21:57,028 - INFO - [18/20] Processing product ASIN: B0GV3MWVZG
2026-09-16 11:21:57,063 - INFO - Opening Amazon product page for multi-seller extraction: https://www.amazon.in/dp/B0GV3MWVZG
2026-09-16 11:21:57,770 - INFO - PRODUCT: Amazon Product B0GV3MWVZG
2026-09-16 11:21:57,770 - INFO - ASIN: B0GV3MWVZG

PRODUCT: Amazon Product B0GV3MWVZG
ASIN: B0GV3MWVZG
2026-09-16 11:21:57,779 - INFO - BUY BOX SELLER: None
BUY BOX SELLER: None
2026-09-16 11:21:57,779 - INFO - AOD: Opening All Offers...
AOD: Opening All Offers...
2026-09-16 11:21:57,801 - WARNING - WARNING: AOD offer container not found. FALLBACK: Existing seller extraction
2026-09-16 11:21:57,804 - INFO - AOD EXTRACTION COMPLETE | ASIN: B0GV3MWVZG | TOTAL UNIQUE SELLERS: 0

AOD EXTRACTION COMPLETE
ASIN: B0GV3MWVZG
TOTAL UNIQUE SELLERS: 0

2026-09-16 11:21:57,840 - INFO - Visible seller fallback found no seller for B0GV3MWVZG
2026-09-16 11:21:57,852 - INFO - [19/20] Processing product ASIN: B0HCM1VCP3
2026-09-16 11:21:57,885 - INFO - Opening Amazon product page for multi-seller extraction: https://www.amazon.in/dp/B0HCM1VCP3
2026-09-16 11:21:58,602 - INFO - PRODUCT: Amazon Product B0HCM1VCP3
2026-09-16 11:21:58,602 - INFO - ASIN: B0HCM1VCP3

PRODUCT: Amazon Product B0HCM1VCP3
ASIN: B0HCM1VCP3
2026-09-16 11:21:58,610 - INFO - BUY BOX SELLER: None
BUY BOX SELLER: None
2026-09-16 11:21:58,610 - INFO - AOD: Opening All Offers...
AOD: Opening All Offers...
2026-09-16 11:21:58,632 - WARNING - WARNING: AOD offer container not found. FALLBACK: Existing seller extraction
2026-09-16 11:21:58,635 - INFO - AOD EXTRACTION COMPLETE | ASIN: B0HCM1VCP3 | TOTAL UNIQUE SELLERS: 0

AOD EXTRACTION COMPLETE
ASIN: B0HCM1VCP3
TOTAL UNIQUE SELLERS: 0

2026-09-16 11:21:58,673 - INFO - Visible seller fallback found no seller for B0HCM1VCP3
2026-09-16 11:21:58,686 - INFO - [20/20] Processing product ASIN: B0H6X1L515
2026-09-16 11:21:58,719 - INFO - Opening Amazon product page for multi-seller extraction: https://www.amazon.in/dp/B0H6X1L515
2026-09-16 11:21:59,336 - INFO - PRODUCT: Amazon Product B0H6X1L515
2026-09-16 11:21:59,336 - INFO - ASIN: B0H6X1L515

PRODUCT: Amazon Product B0H6X1L515
ASIN: B0H6X1L515
2026-09-16 11:21:59,344 - INFO - BUY BOX SELLER: None
BUY BOX SELLER: None
2026-09-16 11:21:59,345 - INFO - AOD: Opening All Offers...
AOD: Opening All Offers...
2026-09-16 11:21:59,366 - WARNING - WARNING: AOD offer container not found. FALLBACK: Existing seller extraction
2026-09-16 11:21:59,370 - INFO - AOD EXTRACTION COMPLETE | ASIN: B0H6X1L515 | TOTAL UNIQUE SELLERS: 0

AOD EXTRACTION COMPLETE
ASIN: B0H6X1L515
TOTAL UNIQUE SELLERS: 0

2026-09-16 11:21:59,405 - INFO - Visible seller fallback found no seller for B0H6X1L515
2026-09-16 11:21:59,418 - INFO - Top businesses requested: 100, found: 1 for 'Serving Sets'
2026-09-16 11:21:59,418 - INFO - Starting Phase 2 Deep Enrichment Waterfall for top 1 businesses...

========================================
ENRICHING SELLER
========================================
Category:
Serving Sets

Seller:
AAROYAA PRIVATE LIMITED

Seller:
1 / 1

Elapsed:
123 seconds
========================================

2026-09-16 11:21:59,419 - INFO - Starting Public Enrichment Waterfall for business 'AAROYAA PRIVATE LIMITED'...
2026-09-16 11:21:59,449 - INFO - [ENRICH] Searching web: "AAROYAA" email
2026-09-16 11:22:10,961 - WARNING - [ENRICH] Error during email search for 'AAROYAA PRIVATE LIMITED': HTTPSConnectionPool(host='html.duckduckgo.com', port=443): Max retries exceeded with url: /html/ (Caused by ConnectTimeoutError(<HTTPSConnection(host='html.duckduckgo.com', port=443) at 0x7f9e15dff310>, 'Connection to html.duckduckgo.com timed out. (connect timeout=10)'))

ENRICHMENT HEARTBEAT:
Seller = AAROYAA PRIVATE LIMITED
Elapsed = 12s
Current field = Official Website

2026-09-16 11:22:10,961 - INFO - ENRICHMENT HEARTBEAT: Seller = AAROYAA PRIVATE LIMITED, Elapsed = 12s, Current field = Official Website
2026-09-16 11:22:14,469 - WARNING - DuckDuckGo returned status 0 (length: 0). Triggering immediate failover within 1.5s.

----------------------------------------
SEARCH DIAGNOSTICS
SEARCH QUERY: AAROYAA PRIVATE LIMITED official website
SEARCH ENGINE: DuckDuckGo
HTTP STATUS: 0
RESULT PAGE TITLE: 
RESULT URL: https://html.duckduckgo.com/html/?q=AAROYAA+PRIVATE+LIMITED+official+website
RESULT HTML LENGTH: 0
EXTRACTED URL COUNT: 0
----------------------------------------
SEARCH RESULT: 0 usable URLs returned from DuckDuckGo
Switching to Fallback Provider (Yahoo)...

----------------------------------------
FALLBACK SEARCH DIAGNOSTICS
SEARCH QUERY: AAROYAA PRIVATE LIMITED official website
SEARCH ENGINE: Yahoo
HTTP STATUS: 200
RESULT PAGE TITLE: AAROYAA PRIVATE LIMITED official website - Yahoo Search Results
RESULT URL: https://search.yahoo.com/search?p=AAROYAA+PRIVATE+LIMITED+official+website
RESULT HTML LENGTH: 187539
EXTRACTED URL COUNT: 2
----------------------------------------
SEARCH RESULT: 2 usable URLs discovered from Yahoo
2026-09-16 11:24:29,023 - WARNING - SELLER ENRICHMENT TIME LIMIT REACHED (120s). Aborting remaining fields for 'AAROYAA PRIVATE LIMITED'.
2026-09-16 11:24:29,026 - INFO - [INFO] Scraped 'AAROYAA PRIVATE LIMITED' -> GST: NO | Phone: NO | Address: NO | Email: NO | PAN: NO | Website: NO

SELLER ENRICHMENT COMPLETE

Seller:
AAROYAA PRIVATE LIMITED

Fields found:
Phone: NO
Email: NO
GST: NO
PAN: NO
Address: NO
Website: NO

Continuing to next seller...

2026-09-16 11:24:29,083 - INFO - Closed Playwright browser session safely
2026-09-16 11:24:29,084 - INFO - Read 1 final verified records from SQLite for 'Serving Sets'

========================================
BACKUP VALIDATION
=================
Backup:
/home/runner/work/Amazon-Scrapper/Amazon-Scrapper/output/backups/Amazon_Seller_Master_Data_20260916_112429_backup.xlsx

Source rows:
413

Backup rows:
413

Source size:
61878 bytes

Backup size:
61878 bytes

Backup XLSX:
VALID

Worksheet:
Amazon Sellers

First sellers:
1. Campusactivewear
2. Cocoblu Retail
3. Cocoblu Retail
4. BansalEnterprises
5. APPOO TRADING

BACKUP VERIFIED SUCCESSFULLY
========================================

2026-09-16 11:24:29,301 - INFO - Created safety backup of master Excel at /home/runner/work/Amazon-Scrapper/Amazon-Scrapper/output/backups/Amazon_Seller_Master_Data_20260916_112429_backup.xlsx

========================================
FINAL MASTER EXCEL VALIDATION
=============================

File:
/home/runner/work/Amazon-Scrapper/Amazon-Scrapper/output/Amazon_Seller_Master_Data.xlsx

File size:
61985 bytes

Excel rows including header:
414

Seller records:
413

Categories:
- Accessories
- American Football
- Bag Accessories
- Bags & Backpacks
- Bar Tables
- Baseball
- Basketball
- Bathroom Cabinets
- Bathroom Mirrors
- Bathroom Stools
- Bedroom Sets
- Beds
- Beds, Frames & Bases
- Belts
- Benches
- Bodysuits
- Boots
- Bowling
- Box Springs
- Cabinets & Sideboards
- Canvas & Beach Tote Bags
- Cheerleading
- Christening Wear
- Clothing Accessories
- Clothing Sets
- Competitive Swimwear
- Corner Shelves
- Cricket
- Cutting Boards
- Cycling
- Dance
- Dining Room Sets
- Dresses
- Dresses & Jumpsuits
- Dressing Tables
- Dungarees
- Equestrian Sports
- Ethnic Wear
- Fabrics
- Finger Guards
- Footboards
- Footies
- Garment Covers
- Golf
- Gym Bags
- Gymnastics
- Handbags & Clutches
- Hiking & Outdoor Recreation
- Hockey
- Ice Hockey
- Ice Skating
- Innerwear
- Jeans
- Jumpsuits & Dungarees
- Key Chains
- Lacrosse
- Laptop Bags
- Leggings
- Lehenga Cholis
- Luggage
- Martial Arts
- Maternity Wear
- Men'S Casual Shoes
- Men'S Clogs
- Men'S Ethnic Shoes
- Men'S Formal Shoes
- Men'S Sandals & Floaters
- Men'S Sports Shoes
- Men's Shoes
- Messenger & Sling Bags
- Netball
- Overalls
- Pants
- Pumps
- Rainwear
- Rompers
- Rugby
- Safety Shoe
- School Bags & Sets
- School Shoes
- School Uniforms
- Serving Sets
- Shirts
- Shopping Bags & Baskets
- Shorts
- Shrugs
- Skiing
- Skirts & Shorts
- Sleepwear
- Slipper Racks
- Sneakers
- Snowboarding
- Soccer
- Softball
- Sportswear
- Suits & Blazers
- Sunglasses & Spectacle Frames
- Swimwear
- T-Shirts & Polos
- Thong Sandals
- Tights & Leggings
- Tops, T-Shirts & Shirts
- Towel Holder
- Towel Racks
- Trackpants & Joggers
- Travel Accessories
- Unstitched Fabrics
- Vanity Units
- Volleyball
- Wallets, Card Cases
- Western Wear
- Winter Wear
- Women'S Ballerinas
- Women'S Casual Shoes
- Women'S Clogs
- Women'S Ethnic Shoes
- Women'S Flats
- Women'S Flats Amazon
- Women'S Formals
- Women'S Heels
- Women'S Slippers & Flip Flops
- Women'S Sports Sandals
- Women'S Sports Shoes
- Women's Flats Amazon
- Yoga

Serving Sets rows:
1

First 5 Serving Sets sellers:
1. AAROYAA PRIVATE LIMITED

Excel validation:
PASSED
========================================

2026-09-16 11:24:29,613 - INFO - Master Excel updated: Added 1 rows for category 'Serving Sets'. Total seller records=413

>>>>>>>>>>>>>>>>>>>>>>>>>>>>>>>>>>>>>>>>
BATCH CATEGORY [49/108]: 'Serving Trays'
URL: https://www.amazon.in/s?k=Serving+Trays
>>>>>>>>>>>>>>>>>>>>>>>>>>>>>>>>>>>>>>>>

2026-09-16 11:24:29,630 - INFO - Target Category: 'Serving Trays'
2026-09-16 11:24:29,630 - INFO - Target URL: 'https://www.amazon.in/s?k=Serving+Trays'
2026-09-16 11:24:30,015 - INFO - Created Amazon browser context generation 1
2026-09-16 11:24:30,015 - INFO - Started Playwright Chromium session (headless=True, timeout=30000ms, downloads=enabled)
2026-09-16 11:24:30,015 - INFO - Discovering products for category 'Serving Trays' from https://www.amazon.in/s?k=Serving+Trays...
2026-09-16 11:24:30,054 - INFO - Navigating to Amazon search page 1: https://www.amazon.in/s?k=Serving+Trays
Opening Amazon...
Attempt: 1/3
Amazon page loaded
2026-09-16 11:24:31,228 - INFO - Found 0 raw product links on page 1
Products discovered: 0
2026-09-16 11:24:31,228 - INFO - Discovered 0 total unique product URLs so far
2026-09-16 11:24:31,232 - INFO - Discovered 0 products for category 'Serving Trays'
2026-09-16 11:24:31,232 - INFO - Top businesses requested: 100, found: 0 for 'Serving Trays'
2026-09-16 11:24:31,232 - INFO - Starting Phase 2 Deep Enrichment Waterfall for top 0 businesses...
2026-09-16 11:24:31,272 - INFO - Closed Playwright browser session safely

>>>>>>>>>>>>>>>>>>>>>>>>>>>>>>>>>>>>>>>>
BATCH CATEGORY [50/108]: 'Cutlery Cases'
URL: https://www.amazon.in/s?k=Cutlery+Cases
>>>>>>>>>>>>>>>>>>>>>>>>>>>>>>>>>>>>>>>>

2026-09-16 11:24:31,288 - INFO - Target Category: 'Cutlery Cases'
2026-09-16 11:24:31,288 - INFO - Target URL: 'https://www.amazon.in/s?k=Cutlery+Cases'
2026-09-16 11:24:31,679 - INFO - Created Amazon browser context generation 1
2026-09-16 11:24:31,679 - INFO - Started Playwright Chromium session (headless=True, timeout=30000ms, downloads=enabled)
2026-09-16 11:24:31,679 - INFO - Discovering products for category 'Cutlery Cases' from https://www.amazon.in/s?k=Cutlery+Cases...
2026-09-16 11:24:31,720 - INFO - Navigating to Amazon search page 1: https://www.amazon.in/s?k=Cutlery+Cases
Opening Amazon...
Attempt: 1/3
Amazon page loaded
2026-09-16 11:24:32,913 - INFO - Found 0 raw product links on page 1
Products discovered: 0
2026-09-16 11:24:32,913 - INFO - Discovered 0 total unique product URLs so far
2026-09-16 11:24:32,917 - INFO - Discovered 0 products for category 'Cutlery Cases'
2026-09-16 11:24:32,917 - INFO - Top businesses requested: 100, found: 0 for 'Cutlery Cases'
2026-09-16 11:24:32,917 - INFO - Starting Phase 2 Deep Enrichment Waterfall for top 0 businesses...
2026-09-16 11:24:32,954 - INFO - Closed Playwright browser session safely

>>>>>>>>>>>>>>>>>>>>>>>>>>>>>>>>>>>>>>>>
BATCH CATEGORY [51/108]: 'Forks'
URL: https://www.amazon.in/s?k=Forks
>>>>>>>>>>>>>>>>>>>>>>>>>>>>>>>>>>>>>>>>

2026-09-16 11:24:32,970 - INFO - Target Category: 'Forks'
2026-09-16 11:24:32,970 - INFO - Target URL: 'https://www.amazon.in/s?k=Forks'
2026-09-16 11:24:33,364 - INFO - Created Amazon browser context generation 1
2026-09-16 11:24:33,364 - INFO - Started Playwright Chromium session (headless=True, timeout=30000ms, downloads=enabled)
2026-09-16 11:24:33,365 - INFO - Discovering products for category 'Forks' from https://www.amazon.in/s?k=Forks...
2026-09-16 11:24:33,411 - INFO - Navigating to Amazon search page 1: https://www.amazon.in/s?k=Forks
Opening Amazon...
Attempt: 1/3
Amazon page loaded
2026-09-16 11:24:34,593 - INFO - Found 0 raw product links on page 1
Products discovered: 0
2026-09-16 11:24:34,594 - INFO - Discovered 0 total unique product URLs so far
2026-09-16 11:24:34,597 - INFO - Discovered 0 products for category 'Forks'
2026-09-16 11:24:34,597 - INFO - Top businesses requested: 100, found: 0 for 'Forks'
2026-09-16 11:24:34,597 - INFO - Starting Phase 2 Deep Enrichment Waterfall for top 0 businesses...
2026-09-16 11:24:34,631 - INFO - Closed Playwright browser session safely

>>>>>>>>>>>>>>>>>>>>>>>>>>>>>>>>>>>>>>>>
BATCH CATEGORY [52/108]: 'Spoons'
URL: https://www.amazon.in/s?k=Spoons
>>>>>>>>>>>>>>>>>>>>>>>>>>>>>>>>>>>>>>>>

2026-09-16 11:24:34,648 - INFO - Target Category: 'Spoons'
2026-09-16 11:24:34,648 - INFO - Target URL: 'https://www.amazon.in/s?k=Spoons'
2026-09-16 11:24:35,038 - INFO - Created Amazon browser context generation 1
2026-09-16 11:24:35,039 - INFO - Started Playwright Chromium session (headless=True, timeout=30000ms, downloads=enabled)
2026-09-16 11:24:35,039 - INFO - Discovering products for category 'Spoons' from https://www.amazon.in/s?k=Spoons...
2026-09-16 11:24:35,085 - INFO - Navigating to Amazon search page 1: https://www.amazon.in/s?k=Spoons
Opening Amazon...
Attempt: 1/3
Amazon page loaded
2026-09-16 11:24:36,204 - INFO - Found 0 raw product links on page 1
Products discovered: 0
2026-09-16 11:24:36,204 - INFO - Discovered 0 total unique product URLs so far
2026-09-16 11:24:36,208 - INFO - Discovered 0 products for category 'Spoons'
2026-09-16 11:24:36,208 - INFO - Top businesses requested: 100, found: 0 for 'Spoons'
2026-09-16 11:24:36,208 - INFO - Starting Phase 2 Deep Enrichment Waterfall for top 0 businesses...
2026-09-16 11:24:36,243 - INFO - Closed Playwright browser session safely

>>>>>>>>>>>>>>>>>>>>>>>>>>>>>>>>>>>>>>>>
BATCH CATEGORY [53/108]: 'Cutlery Knives'
URL: https://www.amazon.in/s?k=Cutlery+Knives
>>>>>>>>>>>>>>>>>>>>>>>>>>>>>>>>>>>>>>>>

2026-09-16 11:24:36,262 - INFO - Target Category: 'Cutlery Knives'
2026-09-16 11:24:36,262 - INFO - Target URL: 'https://www.amazon.in/s?k=Cutlery+Knives'
2026-09-16 11:24:36,656 - INFO - Created Amazon browser context generation 1
2026-09-16 11:24:36,656 - INFO - Started Playwright Chromium session (headless=True, timeout=30000ms, downloads=enabled)
2026-09-16 11:24:36,656 - INFO - Discovering products for category 'Cutlery Knives' from https://www.amazon.in/s?k=Cutlery+Knives...
2026-09-16 11:24:36,701 - INFO - Navigating to Amazon search page 1: https://www.amazon.in/s?k=Cutlery+Knives
Opening Amazon...
Attempt: 1/3
Amazon page loaded
2026-09-16 11:24:37,865 - INFO - Found 0 raw product links on page 1
Products discovered: 0
2026-09-16 11:24:37,865 - INFO - Discovered 0 total unique product URLs so far
2026-09-16 11:24:37,869 - INFO - Discovered 0 products for category 'Cutlery Knives'
2026-09-16 11:24:37,869 - INFO - Top businesses requested: 100, found: 0 for 'Cutlery Knives'
2026-09-16 11:24:37,869 - INFO - Starting Phase 2 Deep Enrichment Waterfall for top 0 businesses...
2026-09-16 11:24:37,907 - INFO - Closed Playwright browser session safely

>>>>>>>>>>>>>>>>>>>>>>>>>>>>>>>>>>>>>>>>
BATCH CATEGORY [54/108]: 'Cutlery Sets'
URL: https://www.amazon.in/s?k=Cutlery+Sets
>>>>>>>>>>>>>>>>>>>>>>>>>>>>>>>>>>>>>>>>

2026-09-16 11:24:37,924 - INFO - Target Category: 'Cutlery Sets'
2026-09-16 11:24:37,924 - INFO - Target URL: 'https://www.amazon.in/s?k=Cutlery+Sets'
2026-09-16 11:24:38,325 - INFO - Created Amazon browser context generation 1
2026-09-16 11:24:38,325 - INFO - Started Playwright Chromium session (headless=True, timeout=30000ms, downloads=enabled)
2026-09-16 11:24:38,325 - INFO - Discovering products for category 'Cutlery Sets' from https://www.amazon.in/s?k=Cutlery+Sets...
2026-09-16 11:24:38,367 - INFO - Navigating to Amazon search page 1: https://www.amazon.in/s?k=Cutlery+Sets
Opening Amazon...
Attempt: 1/3
Amazon page loaded
2026-09-16 11:24:39,529 - INFO - Found 0 raw product links on page 1
Products discovered: 0
2026-09-16 11:24:39,529 - INFO - Discovered 0 total unique product URLs so far
2026-09-16 11:24:39,533 - INFO - Discovered 0 products for category 'Cutlery Sets'
2026-09-16 11:24:39,533 - INFO - Top businesses requested: 100, found: 0 for 'Cutlery Sets'
2026-09-16 11:24:39,533 - INFO - Starting Phase 2 Deep Enrichment Waterfall for top 0 businesses...
2026-09-16 11:24:39,567 - INFO - Closed Playwright browser session safely

>>>>>>>>>>>>>>>>>>>>>>>>>>>>>>>>>>>>>>>>
BATCH CATEGORY [55/108]: 'Chopsticks'
URL: https://www.amazon.in/s?k=Chopsticks
>>>>>>>>>>>>>>>>>>>>>>>>>>>>>>>>>>>>>>>>

2026-09-16 11:24:39,583 - INFO - Target Category: 'Chopsticks'
2026-09-16 11:24:39,583 - INFO - Target URL: 'https://www.amazon.in/s?k=Chopsticks'
2026-09-16 11:24:39,976 - INFO - Created Amazon browser context generation 1
2026-09-16 11:24:39,976 - INFO - Started Playwright Chromium session (headless=True, timeout=30000ms, downloads=enabled)
2026-09-16 11:24:39,976 - INFO - Discovering products for category 'Chopsticks' from https://www.amazon.in/s?k=Chopsticks...
2026-09-16 11:24:40,020 - INFO - Navigating to Amazon search page 1: https://www.amazon.in/s?k=Chopsticks
Opening Amazon...
Attempt: 1/3
Amazon page loaded
2026-09-16 11:24:41,213 - INFO - Found 0 raw product links on page 1
Products discovered: 0
2026-09-16 11:24:41,213 - INFO - Discovered 0 total unique product URLs so far
2026-09-16 11:24:41,217 - INFO - Discovered 0 products for category 'Chopsticks'
2026-09-16 11:24:41,217 - INFO - Top businesses requested: 100, found: 0 for 'Chopsticks'
2026-09-16 11:24:41,217 - INFO - Starting Phase 2 Deep Enrichment Waterfall for top 0 businesses...
2026-09-16 11:24:41,252 - INFO - Closed Playwright browser session safely

>>>>>>>>>>>>>>>>>>>>>>>>>>>>>>>>>>>>>>>>
BATCH CATEGORY [56/108]: 'Trivets'
URL: https://www.amazon.in/s?k=Trivets
>>>>>>>>>>>>>>>>>>>>>>>>>>>>>>>>>>>>>>>>

2026-09-16 11:24:41,267 - INFO - Target Category: 'Trivets'
2026-09-16 11:24:41,267 - INFO - Target URL: 'https://www.amazon.in/s?k=Trivets'
2026-09-16 11:24:41,664 - INFO - Created Amazon browser context generation 1
2026-09-16 11:24:41,664 - INFO - Started Playwright Chromium session (headless=True, timeout=30000ms, downloads=enabled)
2026-09-16 11:24:41,664 - INFO - Discovering products for category 'Trivets' from https://www.amazon.in/s?k=Trivets...
2026-09-16 11:24:41,708 - INFO - Navigating to Amazon search page 1: https://www.amazon.in/s?k=Trivets
Opening Amazon...
Attempt: 1/3
Amazon page loaded
2026-09-16 11:24:42,846 - INFO - Found 0 raw product links on page 1
Products discovered: 0
2026-09-16 11:24:42,846 - INFO - Discovered 0 total unique product URLs so far
2026-09-16 11:24:42,850 - INFO - Discovered 0 products for category 'Trivets'
2026-09-16 11:24:42,850 - INFO - Top businesses requested: 100, found: 0 for 'Trivets'
2026-09-16 11:24:42,851 - INFO - Starting Phase 2 Deep Enrichment Waterfall for top 0 businesses...
2026-09-16 11:24:42,884 - INFO - Closed Playwright browser session safely

>>>>>>>>>>>>>>>>>>>>>>>>>>>>>>>>>>>>>>>>
BATCH CATEGORY [57/108]: 'Toast Racks'
URL: https://www.amazon.in/s?k=Toast+Racks
>>>>>>>>>>>>>>>>>>>>>>>>>>>>>>>>>>>>>>>>

2026-09-16 11:24:42,900 - INFO - Target Category: 'Toast Racks'
2026-09-16 11:24:42,901 - INFO - Target URL: 'https://www.amazon.in/s?k=Toast+Racks'
2026-09-16 11:24:43,323 - INFO - Created Amazon browser context generation 1
2026-09-16 11:24:43,323 - INFO - Started Playwright Chromium session (headless=True, timeout=30000ms, downloads=enabled)
2026-09-16 11:24:43,323 - INFO - Discovering products for category 'Toast Racks' from https://www.amazon.in/s?k=Toast+Racks...
2026-09-16 11:24:43,372 - INFO - Navigating to Amazon search page 1: https://www.amazon.in/s?k=Toast+Racks
Opening Amazon...
Attempt: 1/3
Amazon page loaded
2026-09-16 11:24:44,536 - INFO - Found 0 raw product links on page 1
Products discovered: 0
2026-09-16 11:24:44,536 - INFO - Discovered 0 total unique product URLs so far
2026-09-16 11:24:44,540 - INFO - Discovered 0 products for category 'Toast Racks'
2026-09-16 11:24:44,540 - INFO - Top businesses requested: 100, found: 0 for 'Toast Racks'
2026-09-16 11:24:44,540 - INFO - Starting Phase 2 Deep Enrichment Waterfall for top 0 businesses...
2026-09-16 11:24:44,574 - INFO - Closed Playwright browser session safely

>>>>>>>>>>>>>>>>>>>>>>>>>>>>>>>>>>>>>>>>
BATCH CATEGORY [58/108]: 'Cake & Pie Servers'
URL: https://www.amazon.in/s?k=Cake+%26+Pie+Servers
>>>>>>>>>>>>>>>>>>>>>>>>>>>>>>>>>>>>>>>>

2026-09-16 11:24:44,590 - INFO - Target Category: 'Cake & Pie Servers'
2026-09-16 11:24:44,591 - INFO - Target URL: 'https://www.amazon.in/s?k=Cake+%26+Pie+Servers'
2026-09-16 11:24:44,979 - INFO - Created Amazon browser context generation 1
2026-09-16 11:24:44,979 - INFO - Started Playwright Chromium session (headless=True, timeout=30000ms, downloads=enabled)
2026-09-16 11:24:44,979 - INFO - Discovering products for category 'Cake & Pie Servers' from https://www.amazon.in/s?k=Cake+%26+Pie+Servers...
2026-09-16 11:24:45,022 - INFO - Navigating to Amazon search page 1: https://www.amazon.in/s?k=Cake+%26+Pie+Servers
Opening Amazon...
Attempt: 1/3
Amazon page loaded
2026-09-16 11:24:46,179 - INFO - Found 0 raw product links on page 1
Products discovered: 0
2026-09-16 11:24:46,179 - INFO - Discovered 0 total unique product URLs so far
2026-09-16 11:24:46,182 - INFO - Discovered 0 products for category 'Cake & Pie Servers'
2026-09-16 11:24:46,182 - INFO - Top businesses requested: 100, found: 0 for 'Cake & Pie Servers'
2026-09-16 11:24:46,182 - INFO - Starting Phase 2 Deep Enrichment Waterfall for top 0 businesses...
2026-09-16 11:24:46,220 - INFO - Closed Playwright browser session safely

>>>>>>>>>>>>>>>>>>>>>>>>>>>>>>>>>>>>>>>>
BATCH CATEGORY [59/108]: 'Toothpick Holders'
URL: https://www.amazon.in/s?k=Toothpick+Holders
>>>>>>>>>>>>>>>>>>>>>>>>>>>>>>>>>>>>>>>>

2026-09-16 11:24:46,236 - INFO - Target Category: 'Toothpick Holders'
2026-09-16 11:24:46,236 - INFO - Target URL: 'https://www.amazon.in/s?k=Toothpick+Holders'
2026-09-16 11:24:46,639 - INFO - Created Amazon browser context generation 1
2026-09-16 11:24:46,639 - INFO - Started Playwright Chromium session (headless=True, timeout=30000ms, downloads=enabled)
2026-09-16 11:24:46,639 - INFO - Discovering products for category 'Toothpick Holders' from https://www.amazon.in/s?k=Toothpick+Holders...
2026-09-16 11:24:46,677 - INFO - Navigating to Amazon search page 1: https://www.amazon.in/s?k=Toothpick+Holders
Opening Amazon...
Attempt: 1/3
Amazon page loaded
2026-09-16 11:24:47,889 - INFO - Found 0 raw product links on page 1
Products discovered: 0
2026-09-16 11:24:47,889 - INFO - Discovered 0 total unique product URLs so far
2026-09-16 11:24:47,893 - INFO - Discovered 0 products for category 'Toothpick Holders'
2026-09-16 11:24:47,893 - INFO - Top businesses requested: 100, found: 0 for 'Toothpick Holders'
2026-09-16 11:24:47,893 - INFO - Starting Phase 2 Deep Enrichment Waterfall for top 0 businesses...
2026-09-16 11:24:47,927 - INFO - Closed Playwright browser session safely

>>>>>>>>>>>>>>>>>>>>>>>>>>>>>>>>>>>>>>>>
BATCH CATEGORY [60/108]: 'Bread Baskets'
URL: https://www.amazon.in/s?k=Bread+Baskets
>>>>>>>>>>>>>>>>>>>>>>>>>>>>>>>>>>>>>>>>

2026-09-16 11:24:47,943 - INFO - Target Category: 'Bread Baskets'
2026-09-16 11:24:47,943 - INFO - Target URL: 'https://www.amazon.in/s?k=Bread+Baskets'
2026-09-16 11:24:48,332 - INFO - Created Amazon browser context generation 1
2026-09-16 11:24:48,332 - INFO - Started Playwright Chromium session (headless=True, timeout=30000ms, downloads=enabled)
2026-09-16 11:24:48,332 - INFO - Discovering products for category 'Bread Baskets' from https://www.amazon.in/s?k=Bread+Baskets...
2026-09-16 11:24:48,375 - INFO - Navigating to Amazon search page 1: https://www.amazon.in/s?k=Bread+Baskets
Opening Amazon...
Attempt: 1/3
Amazon page loaded
2026-09-16 11:24:49,503 - INFO - Found 0 raw product links on page 1
Products discovered: 0
2026-09-16 11:24:49,503 - INFO - Discovered 0 total unique product URLs so far
2026-09-16 11:24:49,507 - INFO - Discovered 0 products for category 'Bread Baskets'
2026-09-16 11:24:49,507 - INFO - Top businesses requested: 100, found: 0 for 'Bread Baskets'
2026-09-16 11:24:49,507 - INFO - Starting Phase 2 Deep Enrichment Waterfall for top 0 businesses...
2026-09-16 11:24:49,540 - INFO - Closed Playwright browser session safely

>>>>>>>>>>>>>>>>>>>>>>>>>>>>>>>>>>>>>>>>
BATCH CATEGORY [61/108]: 'Tea Urns'
URL: https://www.amazon.in/s?k=Tea+Urns
>>>>>>>>>>>>>>>>>>>>>>>>>>>>>>>>>>>>>>>>

2026-09-16 11:24:49,556 - INFO - Target Category: 'Tea Urns'
2026-09-16 11:24:49,556 - INFO - Target URL: 'https://www.amazon.in/s?k=Tea+Urns'
2026-09-16 11:24:49,949 - INFO - Created Amazon browser context generation 1
2026-09-16 11:24:49,949 - INFO - Started Playwright Chromium session (headless=True, timeout=30000ms, downloads=enabled)
2026-09-16 11:24:49,949 - INFO - Discovering products for category 'Tea Urns' from https://www.amazon.in/s?k=Tea+Urns...
2026-09-16 11:24:49,992 - INFO - Navigating to Amazon search page 1: https://www.amazon.in/s?k=Tea+Urns
Opening Amazon...
Attempt: 1/3
Amazon page loaded
2026-09-16 11:24:51,114 - INFO - Found 0 raw product links on page 1
Products discovered: 0
2026-09-16 11:24:51,114 - INFO - Discovered 0 total unique product URLs so far
2026-09-16 11:24:51,119 - INFO - Discovered 0 products for category 'Tea Urns'
2026-09-16 11:24:51,119 - INFO - Top businesses requested: 100, found: 0 for 'Tea Urns'
2026-09-16 11:24:51,119 - INFO - Starting Phase 2 Deep Enrichment Waterfall for top 0 businesses...
2026-09-16 11:24:51,156 - INFO - Closed Playwright browser session safely

>>>>>>>>>>>>>>>>>>>>>>>>>>>>>>>>>>>>>>>>
BATCH CATEGORY [62/108]: 'Cups & Saucers'
URL: https://www.amazon.in/s?k=Cups+%26+Saucers
>>>>>>>>>>>>>>>>>>>>>>>>>>>>>>>>>>>>>>>>

2026-09-16 11:24:51,172 - INFO - Target Category: 'Cups & Saucers'
2026-09-16 11:24:51,172 - INFO - Target URL: 'https://www.amazon.in/s?k=Cups+%26+Saucers'
2026-09-16 11:24:51,568 - INFO - Created Amazon browser context generation 1
2026-09-16 11:24:51,568 - INFO - Started Playwright Chromium session (headless=True, timeout=30000ms, downloads=enabled)
2026-09-16 11:24:51,568 - INFO - Discovering products for category 'Cups & Saucers' from https://www.amazon.in/s?k=Cups+%26+Saucers...
2026-09-16 11:24:51,612 - INFO - Navigating to Amazon search page 1: https://www.amazon.in/s?k=Cups+%26+Saucers
Opening Amazon...
Attempt: 1/3
2026-09-16 11:24:51,941 - WARNING - Direct navigation triggered download trap for 'Cups & Saucers'. Trying UI search fallback...
Amazon navigation error (attempt 1/3): Page.goto: Navigation to "https://www.amazon.in/" is interrupted by another navigation to "chrome-error://chromewebdata/"
Call log:
  - navigating to "https://www.amazon.in/", waiting until "domcontentloaded"

2026-09-16 11:24:52,084 - WARNING - Error opening Amazon search page (attempt 1): https://www.amazon.in/s?k=Cups+%26+Saucers: Page.goto: Navigation to "https://www.amazon.in/" is interrupted by another navigation to "chrome-error://chromewebdata/"
Call log:
  - navigating to "https://www.amazon.in/", waiting until "domcontentloaded"

Retrying in 2s...
Opening Amazon...
Attempt: 2/3
2026-09-16 11:24:54,277 - WARNING - Direct navigation triggered download trap for 'Cups & Saucers'. Trying UI search fallback...
Amazon navigation error (attempt 2/3): Page.goto: Navigation to "https://www.amazon.in/" is interrupted by another navigation to "chrome-error://chromewebdata/"
Call log:
  - navigating to "https://www.amazon.in/", waiting until "domcontentloaded"

2026-09-16 11:24:54,419 - WARNING - Error opening Amazon search page (attempt 2): https://www.amazon.in/s?k=Cups+%26+Saucers: Page.goto: Navigation to "https://www.amazon.in/" is interrupted by another navigation to "chrome-error://chromewebdata/"
Call log:
  - navigating to "https://www.amazon.in/", waiting until "domcontentloaded"

Retrying in 5s...
Opening Amazon...
Attempt: 3/3
2026-09-16 11:24:59,601 - WARNING - Direct navigation triggered download trap for 'Cups & Saucers'. Trying UI search fallback...
Amazon navigation error (attempt 3/3): Page.goto: Navigation to "https://www.amazon.in/" is interrupted by another navigation to "chrome-error://chromewebdata/"
Call log:
  - navigating to "https://www.amazon.in/", waiting until "domcontentloaded"

2026-09-16 11:24:59,744 - WARNING - Error opening Amazon search page (attempt 3): https://www.amazon.in/s?k=Cups+%26+Saucers: Page.goto: Navigation to "https://www.amazon.in/" is interrupted by another navigation to "chrome-error://chromewebdata/"
Call log:
  - navigating to "https://www.amazon.in/", waiting until "domcontentloaded"

2026-09-16 11:24:59,746 - ERROR - Category 'Cups & Saucers' BLOCKED by Amazon: Amazon blocked or unavailable (Navigation Error: Page.goto: Navigation to "https://www.amazon.in/" is interrupted by another navigation to "chrome-error://chromewebdata/"
Call log:
  - navigating to "https://www.amazon.in/", waiting until "domcontentloaded"
) at https://www.amazon.in/s?k=Cups+%26+Saucers
2026-09-16 11:24:59,788 - INFO - Closed Playwright browser session safely

>>>>>>>>>>>>>>>>>>>>>>>>>>>>>>>>>>>>>>>>
BATCH CATEGORY [63/108]: 'Jugs'
URL: https://www.amazon.in/s?k=Jugs
>>>>>>>>>>>>>>>>>>>>>>>>>>>>>>>>>>>>>>>>

2026-09-16 11:24:59,790 - INFO - Target Category: 'Jugs'
2026-09-16 11:24:59,790 - INFO - Target URL: 'https://www.amazon.in/s?k=Jugs'
2026-09-16 11:25:00,185 - INFO - Created Amazon browser context generation 1
2026-09-16 11:25:00,185 - INFO - Started Playwright Chromium session (headless=True, timeout=30000ms, downloads=enabled)
2026-09-16 11:25:00,186 - INFO - Discovering products for category 'Jugs' from https://www.amazon.in/s?k=Jugs...
2026-09-16 11:25:00,228 - INFO - Navigating to Amazon search page 1: https://www.amazon.in/s?k=Jugs
Opening Amazon...
Attempt: 1/3
2026-09-16 11:25:00,435 - WARNING - Direct navigation triggered download trap for 'Jugs'. Trying UI search fallback...
Amazon navigation error (attempt 1/3): Page.goto: Navigation to "https://www.amazon.in/" is interrupted by another navigation to "chrome-error://chromewebdata/"
Call log:
  - navigating to "https://www.amazon.in/", waiting until "domcontentloaded"

2026-09-16 11:25:00,579 - WARNING - Error opening Amazon search page (attempt 1): https://www.amazon.in/s?k=Jugs: Page.goto: Navigation to "https://www.amazon.in/" is interrupted by another navigation to "chrome-error://chromewebdata/"
Call log:
  - navigating to "https://www.amazon.in/", waiting until "domcontentloaded"

Retrying in 2s...
Opening Amazon...
Attempt: 2/3
2026-09-16 11:25:02,815 - WARNING - Direct navigation triggered download trap for 'Jugs'. Trying UI search fallback...
Amazon navigation error (attempt 2/3): Page.goto: Navigation to "https://www.amazon.in/" is interrupted by another navigation to "chrome-error://chromewebdata/"
Call log:
  - navigating to "https://www.amazon.in/", waiting until "domcontentloaded"

2026-09-16 11:25:02,959 - WARNING - Error opening Amazon search page (attempt 2): https://www.amazon.in/s?k=Jugs: Page.goto: Navigation to "https://www.amazon.in/" is interrupted by another navigation to "chrome-error://chromewebdata/"
Call log:
  - navigating to "https://www.amazon.in/", waiting until "domcontentloaded"

Retrying in 5s...
Opening Amazon...
Attempt: 3/3
2026-09-16 11:25:08,144 - WARNING - Direct navigation triggered download trap for 'Jugs'. Trying UI search fallback...
Amazon navigation error (attempt 3/3): Page.goto: Navigation to "https://www.amazon.in/" is interrupted by another navigation to "chrome-error://chromewebdata/"
Call log:
  - navigating to "https://www.amazon.in/", waiting until "domcontentloaded"

2026-09-16 11:25:08,288 - WARNING - Error opening Amazon search page (attempt 3): https://www.amazon.in/s?k=Jugs: Page.goto: Navigation to "https://www.amazon.in/" is interrupted by another navigation to "chrome-error://chromewebdata/"
Call log:
  - navigating to "https://www.amazon.in/", waiting until "domcontentloaded"

2026-09-16 11:25:08,290 - ERROR - Category 'Jugs' BLOCKED by Amazon: Amazon blocked or unavailable (Navigation Error: Page.goto: Navigation to "https://www.amazon.in/" is interrupted by another navigation to "chrome-error://chromewebdata/"
Call log:
  - navigating to "https://www.amazon.in/", waiting until "domcontentloaded"
) at https://www.amazon.in/s?k=Jugs
2026-09-16 11:25:08,334 - INFO - Closed Playwright browser session safely

>>>>>>>>>>>>>>>>>>>>>>>>>>>>>>>>>>>>>>>>
BATCH CATEGORY [64/108]: 'Lemon Sets'
URL: https://www.amazon.in/s?k=Lemon+Sets
>>>>>>>>>>>>>>>>>>>>>>>>>>>>>>>>>>>>>>>>

2026-09-16 11:25:08,335 - INFO - Target Category: 'Lemon Sets'
2026-09-16 11:25:08,335 - INFO - Target URL: 'https://www.amazon.in/s?k=Lemon+Sets'
2026-09-16 11:25:08,725 - INFO - Created Amazon browser context generation 1
2026-09-16 11:25:08,725 - INFO - Started Playwright Chromium session (headless=True, timeout=30000ms, downloads=enabled)
2026-09-16 11:25:08,725 - INFO - Discovering products for category 'Lemon Sets' from https://www.amazon.in/s?k=Lemon+Sets...
2026-09-16 11:25:08,758 - INFO - Navigating to Amazon search page 1: https://www.amazon.in/s?k=Lemon+Sets
Opening Amazon...
Attempt: 1/3
2026-09-16 11:25:09,137 - WARNING - Direct navigation triggered download trap for 'Lemon Sets'. Trying UI search fallback...
Amazon navigation error (attempt 1/3): Page.goto: Navigation to "https://www.amazon.in/" is interrupted by another navigation to "chrome-error://chromewebdata/"
Call log:
  - navigating to "https://www.amazon.in/", waiting until "domcontentloaded"

2026-09-16 11:25:09,281 - WARNING - Error opening Amazon search page (attempt 1): https://www.amazon.in/s?k=Lemon+Sets: Page.goto: Navigation to "https://www.amazon.in/" is interrupted by another navigation to "chrome-error://chromewebdata/"
Call log:
  - navigating to "https://www.amazon.in/", waiting until "domcontentloaded"

Retrying in 2s...
Opening Amazon...
Attempt: 2/3
2026-09-16 11:25:11,464 - WARNING - Direct navigation triggered download trap for 'Lemon Sets'. Trying UI search fallback...
Amazon navigation error (attempt 2/3): Page.goto: Navigation to "https://www.amazon.in/" is interrupted by another navigation to "chrome-error://chromewebdata/"
Call log:
  - navigating to "https://www.amazon.in/", waiting until "domcontentloaded"

2026-09-16 11:25:11,610 - WARNING - Error opening Amazon search page (attempt 2): https://www.amazon.in/s?k=Lemon+Sets: Page.goto: Navigation to "https://www.amazon.in/" is interrupted by another navigation to "chrome-error://chromewebdata/"
Call log:
  - navigating to "https://www.amazon.in/", waiting until "domcontentloaded"

Retrying in 5s...
Opening Amazon...
Attempt: 3/3
2026-09-16 11:25:16,798 - WARNING - Direct navigation triggered download trap for 'Lemon Sets'. Trying UI search fallback...
Amazon navigation error (attempt 3/3): Page.goto: Navigation to "https://www.amazon.in/" is interrupted by another navigation to "chrome-error://chromewebdata/"
Call log:
  - navigating to "https://www.amazon.in/", waiting until "domcontentloaded"

2026-09-16 11:25:16,943 - WARNING - Error opening Amazon search page (attempt 3): https://www.amazon.in/s?k=Lemon+Sets: Page.goto: Navigation to "https://www.amazon.in/" is interrupted by another navigation to "chrome-error://chromewebdata/"
Call log:
  - navigating to "https://www.amazon.in/", waiting until "domcontentloaded"

2026-09-16 11:25:16,945 - ERROR - Category 'Lemon Sets' BLOCKED by Amazon: Amazon blocked or unavailable (Navigation Error: Page.goto: Navigation to "https://www.amazon.in/" is interrupted by another navigation to "chrome-error://chromewebdata/"
Call log:
  - navigating to "https://www.amazon.in/", waiting until "domcontentloaded"
) at https://www.amazon.in/s?k=Lemon+Sets
2026-09-16 11:25:16,984 - INFO - Closed Playwright browser session safely

>>>>>>>>>>>>>>>>>>>>>>>>>>>>>>>>>>>>>>>>
BATCH CATEGORY [65/108]: 'Salt Sprinklers'
URL: https://www.amazon.in/s?k=Salt+Sprinklers
>>>>>>>>>>>>>>>>>>>>>>>>>>>>>>>>>>>>>>>>

2026-09-16 11:25:16,985 - INFO - Target Category: 'Salt Sprinklers'
2026-09-16 11:25:16,986 - INFO - Target URL: 'https://www.amazon.in/s?k=Salt+Sprinklers'
2026-09-16 11:25:17,377 - INFO - Created Amazon browser context generation 1
2026-09-16 11:25:17,377 - INFO - Started Playwright Chromium session (headless=True, timeout=30000ms, downloads=enabled)
2026-09-16 11:25:17,377 - INFO - Discovering products for category 'Salt Sprinklers' from https://www.amazon.in/s?k=Salt+Sprinklers...
2026-09-16 11:25:17,421 - INFO - Navigating to Amazon search page 1: https://www.amazon.in/s?k=Salt+Sprinklers
Opening Amazon...
Attempt: 1/3
2026-09-16 11:25:17,626 - WARNING - Direct navigation triggered download trap for 'Salt Sprinklers'. Trying UI search fallback...
Amazon navigation error (attempt 1/3): Page.goto: Navigation to "https://www.amazon.in/" is interrupted by another navigation to "chrome-error://chromewebdata/"
Call log:
  - navigating to "https://www.amazon.in/", waiting until "domcontentloaded"

2026-09-16 11:25:17,774 - WARNING - Error opening Amazon search page (attempt 1): https://www.amazon.in/s?k=Salt+Sprinklers: Page.goto: Navigation to "https://www.amazon.in/" is interrupted by another navigation to "chrome-error://chromewebdata/"
Call log:
  - navigating to "https://www.amazon.in/", waiting until "domcontentloaded"

Retrying in 2s...
Opening Amazon...
Attempt: 2/3
2026-09-16 11:25:19,959 - WARNING - Direct navigation triggered download trap for 'Salt Sprinklers'. Trying UI search fallback...
Amazon navigation error (attempt 2/3): Page.goto: Navigation to "https://www.amazon.in/" is interrupted by another navigation to "chrome-error://chromewebdata/"
Call log:
  - navigating to "https://www.amazon.in/", waiting until "domcontentloaded"

2026-09-16 11:25:20,101 - WARNING - Error opening Amazon search page (attempt 2): https://www.amazon.in/s?k=Salt+Sprinklers: Page.goto: Navigation to "https://www.amazon.in/" is interrupted by another navigation to "chrome-error://chromewebdata/"
Call log:
  - navigating to "https://www.amazon.in/", waiting until "domcontentloaded"

Retrying in 5s...
Opening Amazon...
Attempt: 3/3
2026-09-16 11:25:25,284 - WARNING - Direct navigation triggered download trap for 'Salt Sprinklers'. Trying UI search fallback...
Amazon navigation error (attempt 3/3): Page.goto: Navigation to "https://www.amazon.in/" is interrupted by another navigation to "chrome-error://chromewebdata/"
Call log:
  - navigating to "https://www.amazon.in/", waiting until "domcontentloaded"

2026-09-16 11:25:25,426 - WARNING - Error opening Amazon search page (attempt 3): https://www.amazon.in/s?k=Salt+Sprinklers: Page.goto: Navigation to "https://www.amazon.in/" is interrupted by another navigation to "chrome-error://chromewebdata/"
Call log:
  - navigating to "https://www.amazon.in/", waiting until "domcontentloaded"

2026-09-16 11:25:25,428 - ERROR - Category 'Salt Sprinklers' BLOCKED by Amazon: Amazon blocked or unavailable (Navigation Error: Page.goto: Navigation to "https://www.amazon.in/" is interrupted by another navigation to "chrome-error://chromewebdata/"
Call log:
  - navigating to "https://www.amazon.in/", waiting until "domcontentloaded"
) at https://www.amazon.in/s?k=Salt+Sprinklers
2026-09-16 11:25:25,470 - INFO - Closed Playwright browser session safely

>>>>>>>>>>>>>>>>>>>>>>>>>>>>>>>>>>>>>>>>
BATCH CATEGORY [66/108]: 'Disposable Glasses'
URL: https://www.amazon.in/s?k=Disposable+Glasses
>>>>>>>>>>>>>>>>>>>>>>>>>>>>>>>>>>>>>>>>

2026-09-16 11:25:25,472 - INFO - Target Category: 'Disposable Glasses'
2026-09-16 11:25:25,472 - INFO - Target URL: 'https://www.amazon.in/s?k=Disposable+Glasses'
2026-09-16 11:25:25,858 - INFO - Created Amazon browser context generation 1
2026-09-16 11:25:25,858 - INFO - Started Playwright Chromium session (headless=True, timeout=30000ms, downloads=enabled)
2026-09-16 11:25:25,859 - INFO - Discovering products for category 'Disposable Glasses' from https://www.amazon.in/s?k=Disposable+Glasses...
2026-09-16 11:25:25,898 - INFO - Navigating to Amazon search page 1: https://www.amazon.in/s?k=Disposable+Glasses
Opening Amazon...
Attempt: 1/3
2026-09-16 11:25:26,104 - WARNING - Direct navigation triggered download trap for 'Disposable Glasses'. Trying UI search fallback...
Amazon navigation error (attempt 1/3): Page.goto: Navigation to "https://www.amazon.in/" is interrupted by another navigation to "chrome-error://chromewebdata/"
Call log:
  - navigating to "https://www.amazon.in/", waiting until "domcontentloaded"

2026-09-16 11:25:26,405 - WARNING - Error opening Amazon search page (attempt 1): https://www.amazon.in/s?k=Disposable+Glasses: Page.goto: Navigation to "https://www.amazon.in/" is interrupted by another navigation to "chrome-error://chromewebdata/"
Call log:
  - navigating to "https://www.amazon.in/", waiting until "domcontentloaded"

Retrying in 2s...
Opening Amazon...
Attempt: 2/3
2026-09-16 11:25:28,582 - WARNING - Direct navigation triggered download trap for 'Disposable Glasses'. Trying UI search fallback...
Amazon navigation error (attempt 2/3): Page.goto: Navigation to "https://www.amazon.in/" is interrupted by another navigation to "chrome-error://chromewebdata/"
Call log:
  - navigating to "https://www.amazon.in/", waiting until "domcontentloaded"

2026-09-16 11:25:28,725 - WARNING - Error opening Amazon search page (attempt 2): https://www.amazon.in/s?k=Disposable+Glasses: Page.goto: Navigation to "https://www.amazon.in/" is interrupted by another navigation to "chrome-error://chromewebdata/"
Call log:
  - navigating to "https://www.amazon.in/", waiting until "domcontentloaded"

Retrying in 5s...
Opening Amazon...
Attempt: 3/3
2026-09-16 11:25:33,904 - WARNING - Direct navigation triggered download trap for 'Disposable Glasses'. Trying UI search fallback...
Amazon navigation error (attempt 3/3): Page.goto: Navigation to "https://www.amazon.in/" is interrupted by another navigation to "chrome-error://chromewebdata/"
Call log:
  - navigating to "https://www.amazon.in/", waiting until "domcontentloaded"

2026-09-16 11:25:34,050 - WARNING - Error opening Amazon search page (attempt 3): https://www.amazon.in/s?k=Disposable+Glasses: Page.goto: Navigation to "https://www.amazon.in/" is interrupted by another navigation to "chrome-error://chromewebdata/"
Call log:
  - navigating to "https://www.amazon.in/", waiting until "domcontentloaded"

2026-09-16 11:25:34,052 - ERROR - Category 'Disposable Glasses' BLOCKED by Amazon: Amazon blocked or unavailable (Navigation Error: Page.goto: Navigation to "https://www.amazon.in/" is interrupted by another navigation to "chrome-error://chromewebdata/"
Call log:
  - navigating to "https://www.amazon.in/", waiting until "domcontentloaded"
) at https://www.amazon.in/s?k=Disposable+Glasses
2026-09-16 11:25:34,096 - INFO - Closed Playwright browser session safely

>>>>>>>>>>>>>>>>>>>>>>>>>>>>>>>>>>>>>>>>
BATCH CATEGORY [67/108]: 'Disposable Bowls'
URL: https://www.amazon.in/s?k=Disposable+Bowls
>>>>>>>>>>>>>>>>>>>>>>>>>>>>>>>>>>>>>>>>

2026-09-16 11:25:34,098 - INFO - Target Category: 'Disposable Bowls'
2026-09-16 11:25:34,098 - INFO - Target URL: 'https://www.amazon.in/s?k=Disposable+Bowls'
2026-09-16 11:25:34,503 - INFO - Created Amazon browser context generation 1
2026-09-16 11:25:34,504 - INFO - Started Playwright Chromium session (headless=True, timeout=30000ms, downloads=enabled)
2026-09-16 11:25:34,504 - INFO - Discovering products for category 'Disposable Bowls' from https://www.amazon.in/s?k=Disposable+Bowls...
2026-09-16 11:25:34,551 - INFO - Navigating to Amazon search page 1: https://www.amazon.in/s?k=Disposable+Bowls
Opening Amazon...
Attempt: 1/3
2026-09-16 11:25:34,752 - WARNING - Direct navigation triggered download trap for 'Disposable Bowls'. Trying UI search fallback...
Amazon navigation error (attempt 1/3): Page.goto: Navigation to "https://www.amazon.in/" is interrupted by another navigation to "chrome-error://chromewebdata/"
Call log:
  - navigating to "https://www.amazon.in/", waiting until "domcontentloaded"

2026-09-16 11:25:34,896 - WARNING - Error opening Amazon search page (attempt 1): https://www.amazon.in/s?k=Disposable+Bowls: Page.goto: Navigation to "https://www.amazon.in/" is interrupted by another navigation to "chrome-error://chromewebdata/"
Call log:
  - navigating to "https://www.amazon.in/", waiting until "domcontentloaded"

Retrying in 2s...
Opening Amazon...
Attempt: 2/3
2026-09-16 11:25:37,080 - WARNING - Direct navigation triggered download trap for 'Disposable Bowls'. Trying UI search fallback...
Amazon navigation error (attempt 2/3): Page.goto: Navigation to "https://www.amazon.in/" is interrupted by another navigation to "chrome-error://chromewebdata/"
Call log:
  - navigating to "https://www.amazon.in/", waiting until "domcontentloaded"

2026-09-16 11:25:37,222 - WARNING - Error opening Amazon search page (attempt 2): https://www.amazon.in/s?k=Disposable+Bowls: Page.goto: Navigation to "https://www.amazon.in/" is interrupted by another navigation to "chrome-error://chromewebdata/"
Call log:
  - navigating to "https://www.amazon.in/", waiting until "domcontentloaded"

Retrying in 5s...
Opening Amazon...
Attempt: 3/3
2026-09-16 11:25:42,410 - WARNING - Direct navigation triggered download trap for 'Disposable Bowls'. Trying UI search fallback...
Amazon navigation error (attempt 3/3): Page.goto: Navigation to "https://www.amazon.in/" is interrupted by another navigation to "chrome-error://chromewebdata/"
Call log:
  - navigating to "https://www.amazon.in/", waiting until "domcontentloaded"

2026-09-16 11:25:42,553 - WARNING - Error opening Amazon search page (attempt 3): https://www.amazon.in/s?k=Disposable+Bowls: Page.goto: Navigation to "https://www.amazon.in/" is interrupted by another navigation to "chrome-error://chromewebdata/"
Call log:
  - navigating to "https://www.amazon.in/", waiting until "domcontentloaded"

2026-09-16 11:25:42,555 - ERROR - Category 'Disposable Bowls' BLOCKED by Amazon: Amazon blocked or unavailable (Navigation Error: Page.goto: Navigation to "https://www.amazon.in/" is interrupted by another navigation to "chrome-error://chromewebdata/"
Call log:
  - navigating to "https://www.amazon.in/", waiting until "domcontentloaded"
) at https://www.amazon.in/s?k=Disposable+Bowls
2026-09-16 11:25:42,599 - INFO - Closed Playwright browser session safely

>>>>>>>>>>>>>>>>>>>>>>>>>>>>>>>>>>>>>>>>
BATCH CATEGORY [68/108]: 'Disposable Spoons'
URL: https://www.amazon.in/s?k=Disposable+Spoons
>>>>>>>>>>>>>>>>>>>>>>>>>>>>>>>>>>>>>>>>

2026-09-16 11:25:42,600 - INFO - Target Category: 'Disposable Spoons'
2026-09-16 11:25:42,600 - INFO - Target URL: 'https://www.amazon.in/s?k=Disposable+Spoons'
2026-09-16 11:25:42,994 - INFO - Created Amazon browser context generation 1
2026-09-16 11:25:42,994 - INFO - Started Playwright Chromium session (headless=True, timeout=30000ms, downloads=enabled)
2026-09-16 11:25:42,994 - INFO - Discovering products for category 'Disposable Spoons' from https://www.amazon.in/s?k=Disposable+Spoons...
2026-09-16 11:25:43,044 - INFO - Navigating to Amazon search page 1: https://www.amazon.in/s?k=Disposable+Spoons
Opening Amazon...
Attempt: 1/3
2026-09-16 11:25:43,248 - WARNING - Direct navigation triggered download trap for 'Disposable Spoons'. Trying UI search fallback...
Amazon navigation error (attempt 1/3): Page.goto: Navigation to "https://www.amazon.in/" is interrupted by another navigation to "chrome-error://chromewebdata/"
Call log:
  - navigating to "https://www.amazon.in/", waiting until "domcontentloaded"

2026-09-16 11:25:43,396 - WARNING - Error opening Amazon search page (attempt 1): https://www.amazon.in/s?k=Disposable+Spoons: Page.goto: Navigation to "https://www.amazon.in/" is interrupted by another navigation to "chrome-error://chromewebdata/"
Call log:
  - navigating to "https://www.amazon.in/", waiting until "domcontentloaded"

Retrying in 2s...
Opening Amazon...
Attempt: 2/3
2026-09-16 11:25:45,576 - WARNING - Direct navigation triggered download trap for 'Disposable Spoons'. Trying UI search fallback...
Amazon navigation error (attempt 2/3): Page.goto: Navigation to "https://www.amazon.in/" is interrupted by another navigation to "chrome-error://chromewebdata/"
Call log:
  - navigating to "https://www.amazon.in/", waiting until "domcontentloaded"

2026-09-16 11:25:45,718 - WARNING - Error opening Amazon search page (attempt 2): https://www.amazon.in/s?k=Disposable+Spoons: Page.goto: Navigation to "https://www.amazon.in/" is interrupted by another navigation to "chrome-error://chromewebdata/"
Call log:
  - navigating to "https://www.amazon.in/", waiting until "domcontentloaded"

Retrying in 5s...
Opening Amazon...
Attempt: 3/3
Amazon page loaded
2026-09-16 11:25:53,342 - INFO - Found 212 raw product links on page 1
Products discovered: 20
2026-09-16 11:25:53,659 - INFO - Discovered 20 total unique product URLs so far
2026-09-16 11:25:53,659 - INFO - Discovered 20 products for category 'Disposable Spoons'
2026-09-16 11:25:53,659 - INFO - [1/20] Processing product ASIN: B0FV8RR8MH
2026-09-16 11:25:53,687 - INFO - Opening Amazon product page for multi-seller extraction: https://www.amazon.in/dp/B0FV8RR8MH
2026-09-16 11:25:53,843 - WARNING - Amazon product page blocked (Robot Check / CAPTCHA) on attempt 1/3: https://www.amazon.in/dp/B0FV8RR8MH
2026-09-16 11:25:55,998 - WARNING - Amazon product page blocked (Robot Check / CAPTCHA) on attempt 2/3: https://www.amazon.in/dp/B0FV8RR8MH
2026-09-16 11:26:00,154 - WARNING - Amazon product page blocked (Robot Check / CAPTCHA) on attempt 3/3: https://www.amazon.in/dp/B0FV8RR8MH
2026-09-16 11:26:00,205 - INFO - Visible seller fallback found no seller for B0FV8RR8MH
2026-09-16 11:26:00,207 - INFO - [2/20] Processing product ASIN: B0F8QZHQPG
2026-09-16 11:26:00,238 - INFO - Opening Amazon product page for multi-seller extraction: https://www.amazon.in/dp/B0F8QZHQPG
2026-09-16 11:26:00,392 - WARNING - Amazon product page blocked (Robot Check / CAPTCHA) on attempt 1/3: https://www.amazon.in/dp/B0F8QZHQPG
2026-09-16 11:26:03,706 - INFO - PRODUCT: Amazon Basics Wooden Spoons, 140 mm, Pack of 25 | Disposable spoons | Ideal for wedding, parties, birthdays | Made in India
2026-09-16 11:26:03,706 - INFO - ASIN: B0F8QZHQPG

PRODUCT: Amazon Basics Wooden Spoons, 140 mm, Pack of 25 | Disposable spoons | Ideal for wedding, parties, birthdays | Made in India
ASIN: B0F8QZHQPG
2026-09-16 11:26:03,727 - INFO - BUY BOX SELLER: RK World Infocom Pvt Ltd
BUY BOX SELLER: RK World Infocom Pvt Ltd
2026-09-16 11:26:03,727 - INFO - AOD: Opening All Offers...
AOD: Opening All Offers...
2026-09-16 11:26:03,769 - INFO - AOD: Initial offers found: 0
AOD: Initial offers found: 0
2026-09-16 11:26:03,804 - INFO - Clicking offer load-more control: a:has-text('See more')
2026-09-16 11:26:05,354 - INFO - AOD: No new sellers found (attempt 1/3)
AOD: No new sellers found (attempt 1/3)
2026-09-16 11:26:05,380 - INFO - Clicking offer load-more control: a:has-text('See more')
2026-09-16 11:26:06,911 - INFO - AOD: No new sellers found (attempt 2/3)
AOD: No new sellers found (attempt 2/3)
2026-09-16 11:26:06,935 - INFO - Clicking offer load-more control: a:has-text('See more')
2026-09-16 11:26:08,460 - INFO - AOD: No new sellers found (attempt 3/3)
AOD: No new sellers found (attempt 3/3)
2026-09-16 11:26:08,514 - INFO - Clicking offer load-more control: a:has-text('See more')
2026-09-16 11:26:10,062 - INFO - Clicking offer load-more control: a:has-text('See more')
2026-09-16 11:26:11,594 - INFO - AOD: No new sellers found (attempt 1/3)
AOD: No new sellers found (attempt 1/3)
2026-09-16 11:26:11,619 - INFO - Clicking offer load-more control: a:has-text('See more')
2026-09-16 11:26:13,143 - INFO - AOD: No new sellers found (attempt 2/3)
AOD: No new sellers found (attempt 2/3)
2026-09-16 11:26:13,168 - INFO - Clicking offer load-more control: a:has-text('See more')
2026-09-16 11:26:14,692 - INFO - AOD: No new sellers found (attempt 3/3)
AOD: No new sellers found (attempt 3/3)
2026-09-16 11:26:14,708 - INFO - Clicking offer load-more control: a:has-text('See more')
2026-09-16 11:26:16,248 - INFO - Clicking offer load-more control: a:has-text('See more')
2026-09-16 11:26:17,778 - INFO - AOD: No new sellers found (attempt 1/3)
AOD: No new sellers found (attempt 1/3)
2026-09-16 11:26:17,802 - INFO - Clicking offer load-more control: a:has-text('See more')
2026-09-16 11:26:19,327 - INFO - AOD: No new sellers found (attempt 2/3)
AOD: No new sellers found (attempt 2/3)
2026-09-16 11:26:19,351 - INFO - Clicking offer load-more control: a:has-text('See more')
2026-09-16 11:26:20,876 - INFO - AOD: No new sellers found (attempt 3/3)
AOD: No new sellers found (attempt 3/3)
2026-09-16 11:26:20,891 - INFO - Clicking offer load-more control: a:has-text('See more')
2026-09-16 11:26:22,448 - INFO - Clicking offer load-more control: a:has-text('See more')
2026-09-16 11:26:23,977 - INFO - AOD: No new sellers found (attempt 1/3)
AOD: No new sellers found (attempt 1/3)
2026-09-16 11:26:24,002 - INFO - Clicking offer load-more control: a:has-text('See more')
2026-09-16 11:26:25,527 - INFO - AOD: No new sellers found (attempt 2/3)
AOD: No new sellers found (attempt 2/3)
2026-09-16 11:26:25,551 - INFO - Clicking offer load-more control: a:has-text('See more')
2026-09-16 11:26:27,093 - INFO - AOD: No new sellers found (attempt 3/3)
AOD: No new sellers found (attempt 3/3)
2026-09-16 11:26:27,108 - INFO - Clicking offer load-more control: a:has-text('See more')
2026-09-16 11:26:28,661 - INFO - Clicking offer load-more control: a:has-text('See more')
2026-09-16 11:26:30,193 - INFO - AOD: No new sellers found (attempt 1/3)
AOD: No new sellers found (attempt 1/3)
2026-09-16 11:26:30,217 - INFO - Clicking offer load-more control: a:has-text('See more')
2026-09-16 11:26:31,742 - INFO - AOD: No new sellers found (attempt 2/3)
AOD: No new sellers found (attempt 2/3)
2026-09-16 11:26:31,766 - INFO - Clicking offer load-more control: a:has-text('See more')
2026-09-16 11:26:33,293 - INFO - AOD: No new sellers found (attempt 3/3)
AOD: No new sellers found (attempt 3/3)
2026-09-16 11:26:33,307 - INFO - Clicking offer load-more control: a:has-text('See more')
2026-09-16 11:26:34,862 - INFO - Clicking offer load-more control: a:has-text('See more')
2026-09-16 11:26:36,392 - INFO - AOD: No new sellers found (attempt 1/3)
AOD: No new sellers found (attempt 1/3)
2026-09-16 11:26:36,417 - INFO - Clicking offer load-more control: a:has-text('See more')
2026-09-16 11:26:37,943 - INFO - AOD: No new sellers found (attempt 2/3)
AOD: No new sellers found (attempt 2/3)
2026-09-16 11:26:37,968 - INFO - Clicking offer load-more control: a:has-text('See more')
2026-09-16 11:26:39,492 - INFO - AOD: No new sellers found (attempt 3/3)
AOD: No new sellers found (attempt 3/3)
2026-09-16 11:26:39,507 - INFO - Clicking offer load-more control: a:has-text('See more')
2026-09-16 11:26:41,063 - INFO - Clicking offer load-more control: a:has-text('See more')
2026-09-16 11:26:42,609 - INFO - AOD: No new sellers found (attempt 1/3)
AOD: No new sellers found (attempt 1/3)
2026-09-16 11:26:42,633 - INFO - Clicking offer load-more control: a:has-text('See more')
2026-09-16 11:26:44,160 - INFO - AOD: No new sellers found (attempt 2/3)
AOD: No new sellers found (attempt 2/3)
2026-09-16 11:26:44,185 - INFO - Clicking offer load-more control: a:has-text('See more')
2026-09-16 11:26:45,709 - INFO - AOD: No new sellers found (attempt 3/3)
AOD: No new sellers found (attempt 3/3)
2026-09-16 11:26:45,723 - INFO - Clicking offer load-more control: a:has-text('See more')
2026-09-16 11:26:47,278 - INFO - Clicking offer load-more control: a:has-text('See more')
2026-09-16 11:26:48,808 - INFO - AOD: No new sellers found (attempt 1/3)
AOD: No new sellers found (attempt 1/3)
2026-09-16 11:26:48,833 - INFO - Clicking offer load-more control: a:has-text('See more')
2026-09-16 11:26:50,359 - INFO - AOD: No new sellers found (attempt 2/3)
AOD: No new sellers found (attempt 2/3)
2026-09-16 11:26:50,390 - INFO - Clicking offer load-more control: a:has-text('See more')
2026-09-16 11:26:51,941 - INFO - AOD: No new sellers found (attempt 3/3)
AOD: No new sellers found (attempt 3/3)
2026-09-16 11:26:51,955 - INFO - Clicking offer load-more control: a:has-text('See more')
2026-09-16 11:26:53,495 - INFO - Clicking offer load-more control: a:has-text('See more')
2026-09-16 11:26:55,024 - INFO - AOD: No new sellers found (attempt 1/3)
AOD: No new sellers found (attempt 1/3)
2026-09-16 11:26:55,048 - INFO - Clicking offer load-more control: a:has-text('See more')
2026-09-16 11:26:56,575 - INFO - AOD: No new sellers found (attempt 2/3)
AOD: No new sellers found (attempt 2/3)
2026-09-16 11:26:56,599 - INFO - Clicking offer load-more control: a:has-text('See more')
2026-09-16 11:26:58,141 - INFO - AOD: No new sellers found (attempt 3/3)
AOD: No new sellers found (attempt 3/3)
2026-09-16 11:26:58,155 - INFO - Clicking offer load-more control: a:has-text('See more')
2026-09-16 11:26:59,694 - INFO - Clicking offer load-more control: a:has-text('See more')
2026-09-16 11:27:01,224 - INFO - AOD: No new sellers found (attempt 1/3)
AOD: No new sellers found (attempt 1/3)
2026-09-16 11:27:01,251 - INFO - Clicking offer load-more control: a:has-text('See more')
2026-09-16 11:27:02,773 - INFO - AOD: No new sellers found (attempt 2/3)
AOD: No new sellers found (attempt 2/3)
2026-09-16 11:27:02,797 - INFO - Clicking offer load-more control: a:has-text('See more')
2026-09-16 11:27:04,323 - INFO - AOD: No new sellers found (attempt 3/3)
AOD: No new sellers found (attempt 3/3)
2026-09-16 11:27:04,339 - INFO - Clicking offer load-more control: a:has-text('See more')
2026-09-16 11:27:05,879 - INFO - Clicking offer load-more control: a:has-text('See more')
2026-09-16 11:27:07,409 - INFO - AOD: No new sellers found (attempt 1/3)
AOD: No new sellers found (attempt 1/3)
2026-09-16 11:27:07,434 - INFO - Clicking offer load-more control: a:has-text('See more')
2026-09-16 11:27:08,958 - INFO - AOD: No new sellers found (attempt 2/3)
AOD: No new sellers found (attempt 2/3)
2026-09-16 11:27:08,987 - INFO - Clicking offer load-more control: a:has-text('See more')
2026-09-16 11:27:10,509 - INFO - AOD: No new sellers found (attempt 3/3)
AOD: No new sellers found (attempt 3/3)
2026-09-16 11:27:10,524 - INFO - Clicking offer load-more control: a:has-text('See more')
2026-09-16 11:27:12,079 - INFO - Clicking offer load-more control: a:has-text('See more')
2026-09-16 11:27:13,609 - INFO - AOD: No new sellers found (attempt 1/3)
AOD: No new sellers found (attempt 1/3)
2026-09-16 11:27:13,635 - INFO - Clicking offer load-more control: a:has-text('See more')
2026-09-16 11:27:15,177 - INFO - AOD: No new sellers found (attempt 2/3)
AOD: No new sellers found (attempt 2/3)
2026-09-16 11:27:15,204 - INFO - Clicking offer load-more control: a:has-text('See more')
2026-09-16 11:27:16,724 - INFO - AOD: No new sellers found (attempt 3/3)
AOD: No new sellers found (attempt 3/3)
2026-09-16 11:27:16,739 - INFO - Clicking offer load-more control: a:has-text('See more')
2026-09-16 11:27:18,296 - INFO - Clicking offer load-more control: a:has-text('See more')
2026-09-16 11:27:19,825 - INFO - AOD: No new sellers found (attempt 1/3)
AOD: No new sellers found (attempt 1/3)
2026-09-16 11:27:19,850 - INFO - Clicking offer load-more control: a:has-text('See more')
2026-09-16 11:27:21,375 - INFO - AOD: No new sellers found (attempt 2/3)
AOD: No new sellers found (attempt 2/3)
2026-09-16 11:27:21,400 - INFO - Clicking offer load-more control: a:has-text('See more')
2026-09-16 11:27:22,925 - INFO - AOD: No new sellers found (attempt 3/3)
AOD: No new sellers found (attempt 3/3)
2026-09-16 11:27:22,939 - INFO - Clicking offer load-more control: a:has-text('See more')
2026-09-16 11:27:24,494 - INFO - Clicking offer load-more control: a:has-text('See more')
2026-09-16 11:27:26,024 - INFO - AOD: No new sellers found (attempt 1/3)
AOD: No new sellers found (attempt 1/3)
2026-09-16 11:27:26,029 - INFO - AOD EXTRACTION COMPLETE | ASIN: B0F8QZHQPG | TOTAL UNIQUE SELLERS: 1

AOD EXTRACTION COMPLETE
ASIN: B0F8QZHQPG
TOTAL UNIQUE SELLERS: 1

2026-09-16 11:27:26,029 - INFO - Opening Amazon seller profile page: https://www.amazon.in/gp/help/seller/at-a-glance.html/ref=dp_merchant_link?ie=UTF8&seller=A15APWRK6P7LBV&asin=B0F8QZHQPG&ref_=dp_merchant_link&isAmazonFulfilled=1
2026-09-16 11:27:29,798 - INFO - [3/20] Processing product ASIN: B0GFNBMQPC
2026-09-16 11:27:29,832 - INFO - Opening Amazon product page for multi-seller extraction: https://www.amazon.in/dp/B0GFNBMQPC
2026-09-16 11:27:30,520 - INFO - PRODUCT: Amazon Product B0GFNBMQPC
2026-09-16 11:27:30,521 - INFO - ASIN: B0GFNBMQPC

PRODUCT: Amazon Product B0GFNBMQPC
ASIN: B0GFNBMQPC
2026-09-16 11:27:30,533 - INFO - BUY BOX SELLER: None
BUY BOX SELLER: None
2026-09-16 11:27:30,534 - INFO - AOD: Opening All Offers...
AOD: Opening All Offers...
2026-09-16 11:27:30,554 - WARNING - WARNING: AOD offer container not found. FALLBACK: Existing seller extraction
2026-09-16 11:27:30,557 - INFO - AOD EXTRACTION COMPLETE | ASIN: B0GFNBMQPC | TOTAL UNIQUE SELLERS: 0

AOD EXTRACTION COMPLETE
ASIN: B0GFNBMQPC
TOTAL UNIQUE SELLERS: 0

2026-09-16 11:27:30,594 - INFO - Visible seller fallback found no seller for B0GFNBMQPC
2026-09-16 11:27:30,608 - INFO - [4/20] Processing product ASIN: B0GSK7H4PD
2026-09-16 11:27:30,643 - INFO - Opening Amazon product page for multi-seller extraction: https://www.amazon.in/dp/B0GSK7H4PD
2026-09-16 11:27:31,357 - INFO - PRODUCT: Amazon Product B0GSK7H4PD
2026-09-16 11:27:31,357 - INFO - ASIN: B0GSK7H4PD

PRODUCT: Amazon Product B0GSK7H4PD
ASIN: B0GSK7H4PD
2026-09-16 11:27:31,371 - INFO - BUY BOX SELLER: None
BUY BOX SELLER: None
2026-09-16 11:27:31,371 - INFO - AOD: Opening All Offers...
AOD: Opening All Offers...
2026-09-16 11:27:31,392 - WARNING - WARNING: AOD offer container not found. FALLBACK: Existing seller extraction
2026-09-16 11:27:31,396 - INFO - AOD EXTRACTION COMPLETE | ASIN: B0GSK7H4PD | TOTAL UNIQUE SELLERS: 0

AOD EXTRACTION COMPLETE
ASIN: B0GSK7H4PD
TOTAL UNIQUE SELLERS: 0

2026-09-16 11:27:31,434 - INFO - Visible seller fallback found no seller for B0GSK7H4PD
2026-09-16 11:27:31,446 - INFO - [5/20] Processing product ASIN: B0CDWGYBN7
2026-09-16 11:27:31,478 - INFO - Opening Amazon product page for multi-seller extraction: https://www.amazon.in/dp/B0CDWGYBN7
2026-09-16 11:27:32,180 - INFO - PRODUCT: Amazon Product B0CDWGYBN7
2026-09-16 11:27:32,180 - INFO - ASIN: B0CDWGYBN7

PRODUCT: Amazon Product B0CDWGYBN7
ASIN: B0CDWGYBN7
2026-09-16 11:27:32,188 - INFO - BUY BOX SELLER: None
BUY BOX SELLER: None
2026-09-16 11:27:32,188 - INFO - AOD: Opening All Offers...
AOD: Opening All Offers...
2026-09-16 11:27:32,209 - WARNING - WARNING: AOD offer container not found. FALLBACK: Existing seller extraction
2026-09-16 11:27:32,212 - INFO - AOD EXTRACTION COMPLETE | ASIN: B0CDWGYBN7 | TOTAL UNIQUE SELLERS: 0

AOD EXTRACTION COMPLETE
ASIN: B0CDWGYBN7
TOTAL UNIQUE SELLERS: 0

2026-09-16 11:27:32,248 - INFO - Visible seller fallback found no seller for B0CDWGYBN7
2026-09-16 11:27:32,262 - INFO - [6/20] Processing product ASIN: B0DS2VFH55
2026-09-16 11:27:32,295 - INFO - Opening Amazon product page for multi-seller extraction: https://www.amazon.in/dp/B0DS2VFH55
2026-09-16 11:27:33,015 - INFO - PRODUCT: Amazon Product B0DS2VFH55
2026-09-16 11:27:33,015 - INFO - ASIN: B0DS2VFH55

PRODUCT: Amazon Product B0DS2VFH55
ASIN: B0DS2VFH55
2026-09-16 11:27:33,023 - INFO - BUY BOX SELLER: None
BUY BOX SELLER: None
2026-09-16 11:27:33,023 - INFO - AOD: Opening All Offers...
AOD: Opening All Offers...
2026-09-16 11:27:33,045 - WARNING - WARNING: AOD offer container not found. FALLBACK: Existing seller extraction
2026-09-16 11:27:33,049 - INFO - AOD EXTRACTION COMPLETE | ASIN: B0DS2VFH55 | TOTAL UNIQUE SELLERS: 0

AOD EXTRACTION COMPLETE
ASIN: B0DS2VFH55
TOTAL UNIQUE SELLERS: 0

2026-09-16 11:27:33,087 - INFO - Visible seller fallback found no seller for B0DS2VFH55
2026-09-16 11:27:33,100 - INFO - [7/20] Processing product ASIN: B0GXZ9P3XY
2026-09-16 11:27:33,134 - INFO - Opening Amazon product page for multi-seller extraction: https://www.amazon.in/dp/B0GXZ9P3XY
2026-09-16 11:27:33,839 - INFO - PRODUCT: Amazon Product B0GXZ9P3XY
2026-09-16 11:27:33,839 - INFO - ASIN: B0GXZ9P3XY

PRODUCT: Amazon Product B0GXZ9P3XY
ASIN: B0GXZ9P3XY
2026-09-16 11:27:33,853 - INFO - BUY BOX SELLER: None
BUY BOX SELLER: None
2026-09-16 11:27:33,853 - INFO - AOD: Opening All Offers...
AOD: Opening All Offers...
2026-09-16 11:27:33,874 - WARNING - WARNING: AOD offer container not found. FALLBACK: Existing seller extraction
2026-09-16 11:27:33,878 - INFO - AOD EXTRACTION COMPLETE | ASIN: B0GXZ9P3XY | TOTAL UNIQUE SELLERS: 0

AOD EXTRACTION COMPLETE
ASIN: B0GXZ9P3XY
TOTAL UNIQUE SELLERS: 0

2026-09-16 11:27:33,913 - INFO - Visible seller fallback found no seller for B0GXZ9P3XY
2026-09-16 11:27:33,927 - INFO - [8/20] Processing product ASIN: B0B6CK1NQ7
2026-09-16 11:27:33,959 - INFO - Opening Amazon product page for multi-seller extraction: https://www.amazon.in/dp/B0B6CK1NQ7
2026-09-16 11:27:34,495 - INFO - PRODUCT: Amazon Product B0B6CK1NQ7
2026-09-16 11:27:34,495 - INFO - ASIN: B0B6CK1NQ7

PRODUCT: Amazon Product B0B6CK1NQ7
ASIN: B0B6CK1NQ7
2026-09-16 11:27:34,504 - INFO - BUY BOX SELLER: None
BUY BOX SELLER: None
2026-09-16 11:27:34,504 - INFO - AOD: Opening All Offers...
AOD: Opening All Offers...
2026-09-16 11:27:34,525 - WARNING - WARNING: AOD offer container not found. FALLBACK: Existing seller extraction
2026-09-16 11:27:34,528 - INFO - AOD EXTRACTION COMPLETE | ASIN: B0B6CK1NQ7 | TOTAL UNIQUE SELLERS: 0

AOD EXTRACTION COMPLETE
ASIN: B0B6CK1NQ7
TOTAL UNIQUE SELLERS: 0

2026-09-16 11:27:34,565 - INFO - Visible seller fallback found no seller for B0B6CK1NQ7
2026-09-16 11:27:34,577 - INFO - [9/20] Processing product ASIN: B0F5PV7KJD
2026-09-16 11:27:34,609 - INFO - Opening Amazon product page for multi-seller extraction: https://www.amazon.in/dp/B0F5PV7KJD
2026-09-16 11:27:35,338 - INFO - PRODUCT: Amazon Product B0F5PV7KJD
2026-09-16 11:27:35,338 - INFO - ASIN: B0F5PV7KJD

PRODUCT: Amazon Product B0F5PV7KJD
ASIN: B0F5PV7KJD
2026-09-16 11:27:35,347 - INFO - BUY BOX SELLER: None
BUY BOX SELLER: None
2026-09-16 11:27:35,347 - INFO - AOD: Opening All Offers...
AOD: Opening All Offers...
2026-09-16 11:27:35,369 - WARNING - WARNING: AOD offer container not found. FALLBACK: Existing seller extraction
2026-09-16 11:27:35,372 - INFO - AOD EXTRACTION COMPLETE | ASIN: B0F5PV7KJD | TOTAL UNIQUE SELLERS: 0

AOD EXTRACTION COMPLETE
ASIN: B0F5PV7KJD
TOTAL UNIQUE SELLERS: 0

2026-09-16 11:27:35,408 - INFO - Visible seller fallback found no seller for B0F5PV7KJD
2026-09-16 11:27:35,420 - INFO - [10/20] Processing product ASIN: B0D8B1GHV3
2026-09-16 11:27:35,454 - INFO - Opening Amazon product page for multi-seller extraction: https://www.amazon.in/dp/B0D8B1GHV3
2026-09-16 11:27:36,161 - INFO - PRODUCT: Amazon Product B0D8B1GHV3
2026-09-16 11:27:36,161 - INFO - ASIN: B0D8B1GHV3

PRODUCT: Amazon Product B0D8B1GHV3
ASIN: B0D8B1GHV3
2026-09-16 11:27:36,170 - INFO - BUY BOX SELLER: None
BUY BOX SELLER: None
2026-09-16 11:27:36,170 - INFO - AOD: Opening All Offers...
AOD: Opening All Offers...
2026-09-16 11:27:36,194 - WARNING - WARNING: AOD offer container not found. FALLBACK: Existing seller extraction
2026-09-16 11:27:36,197 - INFO - AOD EXTRACTION COMPLETE | ASIN: B0D8B1GHV3 | TOTAL UNIQUE SELLERS: 0

AOD EXTRACTION COMPLETE
ASIN: B0D8B1GHV3
TOTAL UNIQUE SELLERS: 0

2026-09-16 11:27:36,237 - INFO - Visible seller fallback found no seller for B0D8B1GHV3
2026-09-16 11:27:36,251 - INFO - [11/20] Processing product ASIN: B0GSK6PQPM
2026-09-16 11:27:36,282 - INFO - Opening Amazon product page for multi-seller extraction: https://www.amazon.in/dp/B0GSK6PQPM
2026-09-16 11:27:37,002 - INFO - PRODUCT: Amazon Product B0GSK6PQPM
2026-09-16 11:27:37,002 - INFO - ASIN: B0GSK6PQPM

PRODUCT: Amazon Product B0GSK6PQPM
ASIN: B0GSK6PQPM
2026-09-16 11:27:37,010 - INFO - BUY BOX SELLER: None
BUY BOX SELLER: None
2026-09-16 11:27:37,010 - INFO - AOD: Opening All Offers...
AOD: Opening All Offers...
2026-09-16 11:27:37,033 - WARNING - WARNING: AOD offer container not found. FALLBACK: Existing seller extraction
2026-09-16 11:27:37,036 - INFO - AOD EXTRACTION COMPLETE | ASIN: B0GSK6PQPM | TOTAL UNIQUE SELLERS: 0

AOD EXTRACTION COMPLETE
ASIN: B0GSK6PQPM
TOTAL UNIQUE SELLERS: 0

2026-09-16 11:27:37,074 - INFO - Visible seller fallback found no seller for B0GSK6PQPM
2026-09-16 11:27:37,087 - INFO - [12/20] Processing product ASIN: B0D1R7FCB3
2026-09-16 11:27:37,118 - INFO - Opening Amazon product page for multi-seller extraction: https://www.amazon.in/dp/B0D1R7FCB3
2026-09-16 11:27:37,897 - INFO - PRODUCT: Amazon Product B0D1R7FCB3
2026-09-16 11:27:37,897 - INFO - ASIN: B0D1R7FCB3

PRODUCT: Amazon Product B0D1R7FCB3
ASIN: B0D1R7FCB3
2026-09-16 11:27:37,908 - INFO - BUY BOX SELLER: None
BUY BOX SELLER: None
2026-09-16 11:27:37,908 - INFO - AOD: Opening All Offers...
AOD: Opening All Offers...
2026-09-16 11:27:37,931 - WARNING - WARNING: AOD offer container not found. FALLBACK: Existing seller extraction
2026-09-16 11:27:37,934 - INFO - AOD EXTRACTION COMPLETE | ASIN: B0D1R7FCB3 | TOTAL UNIQUE SELLERS: 0

AOD EXTRACTION COMPLETE
ASIN: B0D1R7FCB3
TOTAL UNIQUE SELLERS: 0

2026-09-16 11:27:37,970 - INFO - Visible seller fallback found no seller for B0D1R7FCB3
2026-09-16 11:27:37,984 - INFO - [13/20] Processing product ASIN: B0DLGR2B14
2026-09-16 11:27:38,013 - INFO - Opening Amazon product page for multi-seller extraction: https://www.amazon.in/dp/B0DLGR2B14
2026-09-16 11:27:38,767 - INFO - PRODUCT: Amazon Product B0DLGR2B14
2026-09-16 11:27:38,767 - INFO - ASIN: B0DLGR2B14

PRODUCT: Amazon Product B0DLGR2B14
ASIN: B0DLGR2B14
2026-09-16 11:27:38,775 - INFO - BUY BOX SELLER: None
BUY BOX SELLER: None
2026-09-16 11:27:38,775 - INFO - AOD: Opening All Offers...
AOD: Opening All Offers...
2026-09-16 11:27:38,815 - WARNING - WARNING: AOD offer container not found. FALLBACK: Existing seller extraction
2026-09-16 11:27:38,818 - INFO - AOD EXTRACTION COMPLETE | ASIN: B0DLGR2B14 | TOTAL UNIQUE SELLERS: 0

AOD EXTRACTION COMPLETE
ASIN: B0DLGR2B14
TOTAL UNIQUE SELLERS: 0

2026-09-16 11:27:38,855 - INFO - Visible seller fallback found no seller for B0DLGR2B14
2026-09-16 11:27:38,868 - INFO - [14/20] Processing product ASIN: B0F8QXYST2
2026-09-16 11:27:38,901 - INFO - Opening Amazon product page for multi-seller extraction: https://www.amazon.in/dp/B0F8QXYST2
2026-09-16 11:27:39,438 - INFO - PRODUCT: Amazon Product B0F8QXYST2
2026-09-16 11:27:39,438 - INFO - ASIN: B0F8QXYST2

PRODUCT: Amazon Product B0F8QXYST2
ASIN: B0F8QXYST2
2026-09-16 11:27:39,451 - INFO - BUY BOX SELLER: None
BUY BOX SELLER: None
2026-09-16 11:27:39,451 - INFO - AOD: Opening All Offers...
AOD: Opening All Offers...
2026-09-16 11:27:39,473 - WARNING - WARNING: AOD offer container not found. FALLBACK: Existing seller extraction
2026-09-16 11:27:39,476 - INFO - AOD EXTRACTION COMPLETE | ASIN: B0F8QXYST2 | TOTAL UNIQUE SELLERS: 0

AOD EXTRACTION COMPLETE
ASIN: B0F8QXYST2
TOTAL UNIQUE SELLERS: 0

2026-09-16 11:27:39,512 - INFO - Visible seller fallback found no seller for B0F8QXYST2
2026-09-16 11:27:39,524 - INFO - [15/20] Processing product ASIN: B0GSQX65BY
2026-09-16 11:27:39,555 - INFO - Opening Amazon product page for multi-seller extraction: https://www.amazon.in/dp/B0GSQX65BY
2026-09-16 11:27:40,147 - INFO - PRODUCT: Amazon Product B0GSQX65BY
2026-09-16 11:27:40,148 - INFO - ASIN: B0GSQX65BY

PRODUCT: Amazon Product B0GSQX65BY
ASIN: B0GSQX65BY
2026-09-16 11:27:40,159 - INFO - BUY BOX SELLER: None
BUY BOX SELLER: None
2026-09-16 11:27:40,160 - INFO - AOD: Opening All Offers...
AOD: Opening All Offers...
2026-09-16 11:27:40,181 - WARNING - WARNING: AOD offer container not found. FALLBACK: Existing seller extraction
2026-09-16 11:27:40,184 - INFO - AOD EXTRACTION COMPLETE | ASIN: B0GSQX65BY | TOTAL UNIQUE SELLERS: 0

AOD EXTRACTION COMPLETE
ASIN: B0GSQX65BY
TOTAL UNIQUE SELLERS: 0

2026-09-16 11:27:40,221 - INFO - Visible seller fallback found no seller for B0GSQX65BY
2026-09-16 11:27:40,234 - INFO - [16/20] Processing product ASIN: B0DGGQCC2Y
2026-09-16 11:27:40,265 - INFO - Opening Amazon product page for multi-seller extraction: https://www.amazon.in/dp/B0DGGQCC2Y
2026-09-16 11:27:40,756 - INFO - PRODUCT: Amazon Product B0DGGQCC2Y
2026-09-16 11:27:40,756 - INFO - ASIN: B0DGGQCC2Y

PRODUCT: Amazon Product B0DGGQCC2Y
ASIN: B0DGGQCC2Y
2026-09-16 11:27:40,786 - INFO - BUY BOX SELLER: None
BUY BOX SELLER: None
2026-09-16 11:27:40,786 - INFO - AOD: Opening All Offers...
AOD: Opening All Offers...
2026-09-16 11:27:40,808 - WARNING - WARNING: AOD offer container not found. FALLBACK: Existing seller extraction
2026-09-16 11:27:40,810 - INFO - AOD EXTRACTION COMPLETE | ASIN: B0DGGQCC2Y | TOTAL UNIQUE SELLERS: 0

AOD EXTRACTION COMPLETE
ASIN: B0DGGQCC2Y
TOTAL UNIQUE SELLERS: 0

2026-09-16 11:27:40,847 - INFO - Visible seller fallback found no seller for B0DGGQCC2Y
2026-09-16 11:27:40,859 - INFO - [17/20] Processing product ASIN: B0GHSRGLVV
2026-09-16 11:27:40,890 - INFO - Opening Amazon product page for multi-seller extraction: https://www.amazon.in/dp/B0GHSRGLVV
2026-09-16 11:27:41,606 - INFO - PRODUCT: Amazon Product B0GHSRGLVV
2026-09-16 11:27:41,606 - INFO - ASIN: B0GHSRGLVV

PRODUCT: Amazon Product B0GHSRGLVV
ASIN: B0GHSRGLVV
2026-09-16 11:27:41,619 - INFO - BUY BOX SELLER: None
BUY BOX SELLER: None
2026-09-16 11:27:41,619 - INFO - AOD: Opening All Offers...
AOD: Opening All Offers...
2026-09-16 11:27:41,640 - WARNING - WARNING: AOD offer container not found. FALLBACK: Existing seller extraction
2026-09-16 11:27:41,643 - INFO - AOD EXTRACTION COMPLETE | ASIN: B0GHSRGLVV | TOTAL UNIQUE SELLERS: 0

AOD EXTRACTION COMPLETE
ASIN: B0GHSRGLVV
TOTAL UNIQUE SELLERS: 0

2026-09-16 11:27:41,680 - INFO - Visible seller fallback found no seller for B0GHSRGLVV
2026-09-16 11:27:41,693 - INFO - [18/20] Processing product ASIN: B0D2RHBG7H
2026-09-16 11:27:41,720 - INFO - Opening Amazon product page for multi-seller extraction: https://www.amazon.in/dp/B0D2RHBG7H
2026-09-16 11:27:42,394 - INFO - PRODUCT: Amazon Product B0D2RHBG7H
2026-09-16 11:27:42,394 - INFO - ASIN: B0D2RHBG7H

PRODUCT: Amazon Product B0D2RHBG7H
ASIN: B0D2RHBG7H
2026-09-16 11:27:42,423 - INFO - BUY BOX SELLER: None
BUY BOX SELLER: None
2026-09-16 11:27:42,423 - INFO - AOD: Opening All Offers...
AOD: Opening All Offers...
2026-09-16 11:27:42,444 - WARNING - WARNING: AOD offer container not found. FALLBACK: Existing seller extraction
2026-09-16 11:27:42,447 - INFO - AOD EXTRACTION COMPLETE | ASIN: B0D2RHBG7H | TOTAL UNIQUE SELLERS: 0

AOD EXTRACTION COMPLETE
ASIN: B0D2RHBG7H
TOTAL UNIQUE SELLERS: 0

2026-09-16 11:27:42,485 - INFO - Visible seller fallback found no seller for B0D2RHBG7H
2026-09-16 11:27:42,499 - INFO - [19/20] Processing product ASIN: B0DV5KP8DH
2026-09-16 11:27:42,531 - INFO - Opening Amazon product page for multi-seller extraction: https://www.amazon.in/dp/B0DV5KP8DH
2026-09-16 11:27:43,143 - INFO - PRODUCT: Amazon Product B0DV5KP8DH
2026-09-16 11:27:43,143 - INFO - ASIN: B0DV5KP8DH

PRODUCT: Amazon Product B0DV5KP8DH
ASIN: B0DV5KP8DH
2026-09-16 11:27:43,155 - INFO - BUY BOX SELLER: None
BUY BOX SELLER: None
2026-09-16 11:27:43,155 - INFO - AOD: Opening All Offers...
AOD: Opening All Offers...
2026-09-16 11:27:43,176 - WARNING - WARNING: AOD offer container not found. FALLBACK: Existing seller extraction
2026-09-16 11:27:43,179 - INFO - AOD EXTRACTION COMPLETE | ASIN: B0DV5KP8DH | TOTAL UNIQUE SELLERS: 0

AOD EXTRACTION COMPLETE
ASIN: B0DV5KP8DH
TOTAL UNIQUE SELLERS: 0

2026-09-16 11:27:43,216 - INFO - Visible seller fallback found no seller for B0DV5KP8DH
2026-09-16 11:27:43,229 - INFO - [20/20] Processing product ASIN: B0BM9XN78R
2026-09-16 11:27:43,262 - INFO - Opening Amazon product page for multi-seller extraction: https://www.amazon.in/dp/B0BM9XN78R
2026-09-16 11:27:43,944 - INFO - PRODUCT: Amazon Product B0BM9XN78R
2026-09-16 11:27:43,944 - INFO - ASIN: B0BM9XN78R

PRODUCT: Amazon Product B0BM9XN78R
ASIN: B0BM9XN78R
2026-09-16 11:27:43,953 - INFO - BUY BOX SELLER: None
BUY BOX SELLER: None
2026-09-16 11:27:43,953 - INFO - AOD: Opening All Offers...
AOD: Opening All Offers...
2026-09-16 11:27:43,981 - WARNING - WARNING: AOD offer container not found. FALLBACK: Existing seller extraction
2026-09-16 11:27:43,984 - INFO - AOD EXTRACTION COMPLETE | ASIN: B0BM9XN78R | TOTAL UNIQUE SELLERS: 0

AOD EXTRACTION COMPLETE
ASIN: B0BM9XN78R
TOTAL UNIQUE SELLERS: 0

2026-09-16 11:27:44,021 - INFO - Visible seller fallback found no seller for B0BM9XN78R
2026-09-16 11:27:44,037 - INFO - Top businesses requested: 100, found: 1 for 'Disposable Spoons'
2026-09-16 11:27:44,037 - INFO - Starting Phase 2 Deep Enrichment Waterfall for top 1 businesses...

========================================
ENRICHING SELLER
========================================
Category:
Disposable Spoons

Seller:
RK World Infocom Pvt Ltd

Seller:
1 / 1

Elapsed:
121 seconds
========================================

2026-09-16 11:27:44,037 - INFO - Starting Public Enrichment Waterfall for business 'RK World Infocom Pvt Ltd'...
2026-09-16 11:27:44,073 - INFO - [ENRICH] Searching web: "RK World Infocom" email
2026-09-16 11:27:55,956 - WARNING - [ENRICH] Error during email search for 'RK World Infocom Pvt Ltd': HTTPSConnectionPool(host='html.duckduckgo.com', port=443): Max retries exceeded with url: /html/ (Caused by ConnectTimeoutError(<HTTPSConnection(host='html.duckduckgo.com', port=443) at 0x7f9e16bfce90>, 'Connection to html.duckduckgo.com timed out. (connect timeout=10)'))

ENRICHMENT HEARTBEAT:
Seller = RK World Infocom Pvt Ltd
Elapsed = 12s
Current field = Official Website

2026-09-16 11:27:55,956 - INFO - ENRICHMENT HEARTBEAT: Seller = RK World Infocom Pvt Ltd, Elapsed = 12s, Current field = Official Website
2026-09-16 11:27:59,572 - WARNING - DuckDuckGo returned status 0 (length: 0). Triggering immediate failover within 1.5s.

----------------------------------------
SEARCH DIAGNOSTICS
SEARCH QUERY: RK World Infocom Pvt Ltd official website
SEARCH ENGINE: DuckDuckGo
HTTP STATUS: 0
RESULT PAGE TITLE: 
RESULT URL: https://html.duckduckgo.com/html/?q=RK+World+Infocom+Pvt+Ltd+official+website
RESULT HTML LENGTH: 0
EXTRACTED URL COUNT: 0
----------------------------------------
SEARCH RESULT: 0 usable URLs returned from DuckDuckGo
Switching to Fallback Provider (Yahoo)...

----------------------------------------
FALLBACK SEARCH DIAGNOSTICS
SEARCH QUERY: RK World Infocom Pvt Ltd official website
SEARCH ENGINE: Yahoo
HTTP STATUS: 200
RESULT PAGE TITLE: RK World Infocom Pvt Ltd official website - Yahoo Search Results
RESULT URL: https://search.yahoo.com/search?p=RK+World+Infocom+Pvt+Ltd+official+website
RESULT HTML LENGTH: 142955
EXTRACTED URL COUNT: 2
----------------------------------------
SEARCH RESULT: 2 usable URLs discovered from Yahoo
2026-09-16 11:30:12,839 - WARNING - SELLER ENRICHMENT TIME LIMIT REACHED (120s). Aborting remaining fields for 'RK World Infocom Pvt Ltd'.
2026-09-16 11:30:12,841 - INFO - [INFO] Scraped 'RK World Infocom Pvt Ltd' -> GST: NO | Phone: NO | Address: NO | Email: NO | PAN: NO | Website: NO

SELLER ENRICHMENT COMPLETE

Seller:
RK World Infocom Pvt Ltd

Fields found:
Phone: NO
Email: NO
GST: NO
PAN: NO
Address: NO
Website: NO

Continuing to next seller...

2026-09-16 11:30:12,897 - INFO - Closed Playwright browser session safely
2026-09-16 11:30:12,898 - INFO - Read 1 final verified records from SQLite for 'Disposable Spoons'

========================================
BACKUP VALIDATION
=================
Backup:
/home/runner/work/Amazon-Scrapper/Amazon-Scrapper/output/backups/Amazon_Seller_Master_Data_20260916_113013_backup.xlsx

Source rows:
414

Backup rows:
414

Source size:
61985 bytes

Backup size:
61985 bytes

Backup XLSX:
VALID

Worksheet:
Amazon Sellers

First sellers:
1. Campusactivewear
2. Cocoblu Retail
3. Cocoblu Retail
4. BansalEnterprises
5. APPOO TRADING

BACKUP VERIFIED SUCCESSFULLY
========================================

2026-09-16 11:30:13,113 - INFO - Created safety backup of master Excel at /home/runner/work/Amazon-Scrapper/Amazon-Scrapper/output/backups/Amazon_Seller_Master_Data_20260916_113013_backup.xlsx

========================================
FINAL MASTER EXCEL VALIDATION
=============================

File:
/home/runner/work/Amazon-Scrapper/Amazon-Scrapper/output/Amazon_Seller_Master_Data.xlsx

File size:
62086 bytes

Excel rows including header:
415

Seller records:
414

Categories:
- Accessories
- American Football
- Bag Accessories
- Bags & Backpacks
- Bar Tables
- Baseball
- Basketball
- Bathroom Cabinets
- Bathroom Mirrors
- Bathroom Stools
- Bedroom Sets
- Beds
- Beds, Frames & Bases
- Belts
- Benches
- Bodysuits
- Boots
- Bowling
- Box Springs
- Cabinets & Sideboards
- Canvas & Beach Tote Bags
- Cheerleading
- Christening Wear
- Clothing Accessories
- Clothing Sets
- Competitive Swimwear
- Corner Shelves
- Cricket
- Cutting Boards
- Cycling
- Dance
- Dining Room Sets
- Disposable Spoons
- Dresses
- Dresses & Jumpsuits
- Dressing Tables
- Dungarees
- Equestrian Sports
- Ethnic Wear
- Fabrics
- Finger Guards
- Footboards
- Footies
- Garment Covers
- Golf
- Gym Bags
- Gymnastics
- Handbags & Clutches
- Hiking & Outdoor Recreation
- Hockey
- Ice Hockey
- Ice Skating
- Innerwear
- Jeans
- Jumpsuits & Dungarees
- Key Chains
- Lacrosse
- Laptop Bags
- Leggings
- Lehenga Cholis
- Luggage
- Martial Arts
- Maternity Wear
- Men'S Casual Shoes
- Men'S Clogs
- Men'S Ethnic Shoes
- Men'S Formal Shoes
- Men'S Sandals & Floaters
- Men'S Sports Shoes
- Men's Shoes
- Messenger & Sling Bags
- Netball
- Overalls
- Pants
- Pumps
- Rainwear
- Rompers
- Rugby
- Safety Shoe
- School Bags & Sets
- School Shoes
- School Uniforms
- Serving Sets
- Shirts
- Shopping Bags & Baskets
- Shorts
- Shrugs
- Skiing
- Skirts & Shorts
- Sleepwear
- Slipper Racks
- Sneakers
- Snowboarding
- Soccer
- Softball
- Sportswear
- Suits & Blazers
- Sunglasses & Spectacle Frames
- Swimwear
- T-Shirts & Polos
- Thong Sandals
- Tights & Leggings
- Tops, T-Shirts & Shirts
- Towel Holder
- Towel Racks
- Trackpants & Joggers
- Travel Accessories
- Unstitched Fabrics
- Vanity Units
- Volleyball
- Wallets, Card Cases
- Western Wear
- Winter Wear
- Women'S Ballerinas
- Women'S Casual Shoes
- Women'S Clogs
- Women'S Ethnic Shoes
- Women'S Flats
- Women'S Flats Amazon
- Women'S Formals
- Women'S Heels
- Women'S Slippers & Flip Flops
- Women'S Sports Sandals
- Women'S Sports Shoes
- Women's Flats Amazon
- Yoga

Disposable Spoons rows:
1

First 5 Disposable Spoons sellers:
1. RK World Infocom Pvt Ltd

Excel validation:
PASSED
========================================

2026-09-16 11:30:13,438 - INFO - Master Excel updated: Added 1 rows for category 'Disposable Spoons'. Total seller records=414

>>>>>>>>>>>>>>>>>>>>>>>>>>>>>>>>>>>>>>>>
BATCH CATEGORY [69/108]: 'Disposable Forks'
URL: https://www.amazon.in/s?k=Disposable+Forks
>>>>>>>>>>>>>>>>>>>>>>>>>>>>>>>>>>>>>>>>

2026-09-16 11:30:13,456 - INFO - Target Category: 'Disposable Forks'
2026-09-16 11:30:13,456 - INFO - Target URL: 'https://www.amazon.in/s?k=Disposable+Forks'
2026-09-16 11:30:13,840 - INFO - Created Amazon browser context generation 1
2026-09-16 11:30:13,840 - INFO - Started Playwright Chromium session (headless=True, timeout=30000ms, downloads=enabled)
2026-09-16 11:30:13,840 - INFO - Discovering products for category 'Disposable Forks' from https://www.amazon.in/s?k=Disposable+Forks...
2026-09-16 11:30:13,884 - INFO - Navigating to Amazon search page 1: https://www.amazon.in/s?k=Disposable+Forks
Opening Amazon...
Attempt: 1/3
2026-09-16 11:30:14,030 - WARNING - Direct navigation triggered download trap for 'Disposable Forks'. Trying UI search fallback...
Amazon navigation error (attempt 1/3): Page.goto: Navigation to "https://www.amazon.in/" is interrupted by another navigation to "chrome-error://chromewebdata/"
Call log:
  - navigating to "https://www.amazon.in/", waiting until "domcontentloaded"

2026-09-16 11:30:14,153 - WARNING - Error opening Amazon search page (attempt 1): https://www.amazon.in/s?k=Disposable+Forks: Page.goto: Navigation to "https://www.amazon.in/" is interrupted by another navigation to "chrome-error://chromewebdata/"
Call log:
  - navigating to "https://www.amazon.in/", waiting until "domcontentloaded"

Retrying in 2s...
Opening Amazon...
Attempt: 2/3
2026-09-16 11:30:16,313 - WARNING - Direct navigation triggered download trap for 'Disposable Forks'. Trying UI search fallback...
Amazon navigation error (attempt 2/3): Page.goto: Navigation to "https://www.amazon.in/" is interrupted by another navigation to "chrome-error://chromewebdata/"
Call log:
  - navigating to "https://www.amazon.in/", waiting until "domcontentloaded"

2026-09-16 11:30:16,436 - WARNING - Error opening Amazon search page (attempt 2): https://www.amazon.in/s?k=Disposable+Forks: Page.goto: Navigation to "https://www.amazon.in/" is interrupted by another navigation to "chrome-error://chromewebdata/"
Call log:
  - navigating to "https://www.amazon.in/", waiting until "domcontentloaded"

Retrying in 5s...
Opening Amazon...
Attempt: 3/3
2026-09-16 11:30:21,597 - WARNING - Direct navigation triggered download trap for 'Disposable Forks'. Trying UI search fallback...
Amazon navigation error (attempt 3/3): Page.goto: Navigation to "https://www.amazon.in/" is interrupted by another navigation to "chrome-error://chromewebdata/"
Call log:
  - navigating to "https://www.amazon.in/", waiting until "domcontentloaded"

2026-09-16 11:30:21,718 - WARNING - Error opening Amazon search page (attempt 3): https://www.amazon.in/s?k=Disposable+Forks: Page.goto: Navigation to "https://www.amazon.in/" is interrupted by another navigation to "chrome-error://chromewebdata/"
Call log:
  - navigating to "https://www.amazon.in/", waiting until "domcontentloaded"

2026-09-16 11:30:21,720 - ERROR - Category 'Disposable Forks' BLOCKED by Amazon: Amazon blocked or unavailable (Navigation Error: Page.goto: Navigation to "https://www.amazon.in/" is interrupted by another navigation to "chrome-error://chromewebdata/"
Call log:
  - navigating to "https://www.amazon.in/", waiting until "domcontentloaded"
) at https://www.amazon.in/s?k=Disposable+Forks
2026-09-16 11:30:21,759 - INFO - Closed Playwright browser session safely

>>>>>>>>>>>>>>>>>>>>>>>>>>>>>>>>>>>>>>>>
BATCH CATEGORY [70/108]: 'Disposable Plates'
URL: https://www.amazon.in/s?k=Disposable+Plates
>>>>>>>>>>>>>>>>>>>>>>>>>>>>>>>>>>>>>>>>

2026-09-16 11:30:21,761 - INFO - Target Category: 'Disposable Plates'
2026-09-16 11:30:21,761 - INFO - Target URL: 'https://www.amazon.in/s?k=Disposable+Plates'
2026-09-16 11:30:22,144 - INFO - Created Amazon browser context generation 1
2026-09-16 11:30:22,144 - INFO - Started Playwright Chromium session (headless=True, timeout=30000ms, downloads=enabled)
2026-09-16 11:30:22,144 - INFO - Discovering products for category 'Disposable Plates' from https://www.amazon.in/s?k=Disposable+Plates...
2026-09-16 11:30:22,191 - INFO - Navigating to Amazon search page 1: https://www.amazon.in/s?k=Disposable+Plates
Opening Amazon...
Attempt: 1/3
2026-09-16 11:30:22,330 - WARNING - Direct navigation triggered download trap for 'Disposable Plates'. Trying UI search fallback...
Amazon navigation error (attempt 1/3): Page.goto: Navigation to "https://www.amazon.in/" is interrupted by another navigation to "chrome-error://chromewebdata/"
Call log:
  - navigating to "https://www.amazon.in/", waiting until "domcontentloaded"

2026-09-16 11:30:22,452 - WARNING - Error opening Amazon search page (attempt 1): https://www.amazon.in/s?k=Disposable+Plates: Page.goto: Navigation to "https://www.amazon.in/" is interrupted by another navigation to "chrome-error://chromewebdata/"
Call log:
  - navigating to "https://www.amazon.in/", waiting until "domcontentloaded"

Retrying in 2s...
Opening Amazon...
Attempt: 2/3
2026-09-16 11:30:24,609 - WARNING - Direct navigation triggered download trap for 'Disposable Plates'. Trying UI search fallback...
Amazon navigation error (attempt 2/3): Page.goto: Navigation to "https://www.amazon.in/" is interrupted by another navigation to "chrome-error://chromewebdata/"
Call log:
  - navigating to "https://www.amazon.in/", waiting until "domcontentloaded"

2026-09-16 11:30:24,729 - WARNING - Error opening Amazon search page (attempt 2): https://www.amazon.in/s?k=Disposable+Plates: Page.goto: Navigation to "https://www.amazon.in/" is interrupted by another navigation to "chrome-error://chromewebdata/"
Call log:
  - navigating to "https://www.amazon.in/", waiting until "domcontentloaded"

Retrying in 5s...
Opening Amazon...
Attempt: 3/3
2026-09-16 11:30:29,882 - WARNING - Direct navigation triggered download trap for 'Disposable Plates'. Trying UI search fallback...
Amazon navigation error (attempt 3/3): Page.goto: Navigation to "https://www.amazon.in/" is interrupted by another navigation to "chrome-error://chromewebdata/"
Call log:
  - navigating to "https://www.amazon.in/", waiting until "domcontentloaded"

2026-09-16 11:30:30,033 - WARNING - Error opening Amazon search page (attempt 3): https://www.amazon.in/s?k=Disposable+Plates: Page.goto: Navigation to "https://www.amazon.in/" is interrupted by another navigation to "chrome-error://chromewebdata/"
Call log:
  - navigating to "https://www.amazon.in/", waiting until "domcontentloaded"

2026-09-16 11:30:30,035 - ERROR - Category 'Disposable Plates' BLOCKED by Amazon: Amazon blocked or unavailable (Navigation Error: Page.goto: Navigation to "https://www.amazon.in/" is interrupted by another navigation to "chrome-error://chromewebdata/"
Call log:
  - navigating to "https://www.amazon.in/", waiting until "domcontentloaded"
) at https://www.amazon.in/s?k=Disposable+Plates
2026-09-16 11:30:30,079 - INFO - Closed Playwright browser session safely

>>>>>>>>>>>>>>>>>>>>>>>>>>>>>>>>>>>>>>>>
BATCH CATEGORY [71/108]: 'Disposable Food Containers'
URL: https://www.amazon.in/s?k=Disposable+Food+Containers
>>>>>>>>>>>>>>>>>>>>>>>>>>>>>>>>>>>>>>>>

2026-09-16 11:30:30,081 - INFO - Target Category: 'Disposable Food Containers'
2026-09-16 11:30:30,081 - INFO - Target URL: 'https://www.amazon.in/s?k=Disposable+Food+Containers'
2026-09-16 11:30:30,468 - INFO - Created Amazon browser context generation 1
2026-09-16 11:30:30,468 - INFO - Started Playwright Chromium session (headless=True, timeout=30000ms, downloads=enabled)
2026-09-16 11:30:30,468 - INFO - Discovering products for category 'Disposable Food Containers' from https://www.amazon.in/s?k=Disposable+Food+Containers...
2026-09-16 11:30:30,507 - INFO - Navigating to Amazon search page 1: https://www.amazon.in/s?k=Disposable+Food+Containers
Opening Amazon...
Attempt: 1/3
2026-09-16 11:30:30,641 - WARNING - Direct navigation triggered download trap for 'Disposable Food Containers'. Trying UI search fallback...
Amazon navigation error (attempt 1/3): Page.goto: Navigation to "https://www.amazon.in/" is interrupted by another navigation to "chrome-error://chromewebdata/"
Call log:
  - navigating to "https://www.amazon.in/", waiting until "domcontentloaded"

2026-09-16 11:30:30,760 - WARNING - Error opening Amazon search page (attempt 1): https://www.amazon.in/s?k=Disposable+Food+Containers: Page.goto: Navigation to "https://www.amazon.in/" is interrupted by another navigation to "chrome-error://chromewebdata/"
Call log:
  - navigating to "https://www.amazon.in/", waiting until "domcontentloaded"

Retrying in 2s...
Opening Amazon...
Attempt: 2/3
2026-09-16 11:30:32,919 - WARNING - Direct navigation triggered download trap for 'Disposable Food Containers'. Trying UI search fallback...
Amazon navigation error (attempt 2/3): Page.goto: Navigation to "https://www.amazon.in/" is interrupted by another navigation to "chrome-error://chromewebdata/"
Call log:
  - navigating to "https://www.amazon.in/", waiting until "domcontentloaded"

2026-09-16 11:30:33,039 - WARNING - Error opening Amazon search page (attempt 2): https://www.amazon.in/s?k=Disposable+Food+Containers: Page.goto: Navigation to "https://www.amazon.in/" is interrupted by another navigation to "chrome-error://chromewebdata/"
Call log:
  - navigating to "https://www.amazon.in/", waiting until "domcontentloaded"

Retrying in 5s...
Opening Amazon...
Attempt: 3/3
Amazon page loaded
2026-09-16 11:30:40,584 - INFO - Found 205 raw product links on page 1
Products discovered: 20
2026-09-16 11:30:40,873 - INFO - Discovered 20 total unique product URLs so far
2026-09-16 11:30:40,873 - INFO - Discovered 20 products for category 'Disposable Food Containers'
2026-09-16 11:30:40,873 - INFO - [1/20] Processing product ASIN: B0FNF4J7T9
2026-09-16 11:30:40,902 - INFO - Opening Amazon product page for multi-seller extraction: https://www.amazon.in/dp/B0FNF4J7T9
2026-09-16 11:30:43,048 - INFO - PRODUCT: [500 ml, 15 Count, Rectangle, Black Reusable Plastic Food Storage Containers with Lid | Airtight, Microwave Safe Containers | Perfect for Meal Prep, Storage, Takeaway & Food Delivery
2026-09-16 11:30:43,048 - INFO - ASIN: B0FNF4J7T9

PRODUCT: [500 ml, 15 Count, Rectangle, Black Reusable Plastic Food Storage Containers with Lid | Airtight, Microwave Safe Containers | Perfect for Meal Prep, Storage, Takeaway & Food Delivery
ASIN: B0FNF4J7T9
2026-09-16 11:30:43,078 - INFO - BUY BOX SELLER: SANWALSA
BUY BOX SELLER: SANWALSA
2026-09-16 11:30:43,078 - INFO - AOD: Opening All Offers...
AOD: Opening All Offers...
2026-09-16 11:30:43,170 - INFO - AOD: Initial offers found: 0
AOD: Initial offers found: 0
2026-09-16 11:30:43,216 - INFO - Clicking offer load-more control: a:has-text('See more')
2026-09-16 11:30:44,775 - INFO - AOD: No new sellers found (attempt 1/3)
AOD: No new sellers found (attempt 1/3)
2026-09-16 11:30:44,808 - INFO - Clicking offer load-more control: a:has-text('See more')
2026-09-16 11:30:46,337 - INFO - AOD: No new sellers found (attempt 2/3)
AOD: No new sellers found (attempt 2/3)
2026-09-16 11:30:46,371 - INFO - Clicking offer load-more control: a:has-text('See more')
2026-09-16 11:30:47,918 - INFO - AOD: No new sellers found (attempt 3/3)
AOD: No new sellers found (attempt 3/3)
2026-09-16 11:30:47,939 - INFO - Clicking offer load-more control: a:has-text('See more')
2026-09-16 11:30:49,494 - INFO - Clicking offer load-more control: a:has-text('See more')
2026-09-16 11:30:51,019 - INFO - AOD: No new sellers found (attempt 1/3)
AOD: No new sellers found (attempt 1/3)
2026-09-16 11:30:51,052 - INFO - Clicking offer load-more control: a:has-text('See more')
2026-09-16 11:30:52,603 - INFO - AOD: No new sellers found (attempt 2/3)
AOD: No new sellers found (attempt 2/3)
2026-09-16 11:30:52,637 - INFO - Clicking offer load-more control: a:has-text('See more')
2026-09-16 11:30:54,188 - INFO - AOD: No new sellers found (attempt 3/3)
AOD: No new sellers found (attempt 3/3)
2026-09-16 11:30:54,208 - INFO - Clicking offer load-more control: a:has-text('See more')
2026-09-16 11:30:55,762 - INFO - Clicking offer load-more control: a:has-text('See more')
2026-09-16 11:30:57,286 - INFO - AOD: No new sellers found (attempt 1/3)
AOD: No new sellers found (attempt 1/3)
2026-09-16 11:30:57,329 - INFO - Clicking offer load-more control: a:has-text('See more')
2026-09-16 11:30:58,886 - INFO - AOD: No new sellers found (attempt 2/3)
AOD: No new sellers found (attempt 2/3)
2026-09-16 11:30:58,917 - INFO - Clicking offer load-more control: a:has-text('See more')
2026-09-16 11:31:00,470 - INFO - AOD: No new sellers found (attempt 3/3)
AOD: No new sellers found (attempt 3/3)
2026-09-16 11:31:00,490 - INFO - Clicking offer load-more control: a:has-text('See more')
2026-09-16 11:31:02,046 - INFO - Clicking offer load-more control: a:has-text('See more')
2026-09-16 11:31:03,569 - INFO - AOD: No new sellers found (attempt 1/3)
AOD: No new sellers found (attempt 1/3)
2026-09-16 11:31:03,605 - INFO - Clicking offer load-more control: a:has-text('See more')
2026-09-16 11:31:05,153 - INFO - AOD: No new sellers found (attempt 2/3)
AOD: No new sellers found (attempt 2/3)
2026-09-16 11:31:05,185 - INFO - Clicking offer load-more control: a:has-text('See more')
2026-09-16 11:31:06,736 - INFO - AOD: No new sellers found (attempt 3/3)
AOD: No new sellers found (attempt 3/3)
2026-09-16 11:31:06,756 - INFO - Clicking offer load-more control: a:has-text('See more')
2026-09-16 11:31:08,313 - INFO - Clicking offer load-more control: a:has-text('See more')
2026-09-16 11:31:09,835 - INFO - AOD: No new sellers found (attempt 1/3)
AOD: No new sellers found (attempt 1/3)
2026-09-16 11:31:09,866 - INFO - Clicking offer load-more control: a:has-text('See more')
2026-09-16 11:31:11,401 - INFO - AOD: No new sellers found (attempt 2/3)
AOD: No new sellers found (attempt 2/3)
2026-09-16 11:31:11,434 - INFO - Clicking offer load-more control: a:has-text('See more')
2026-09-16 11:31:12,986 - INFO - AOD: No new sellers found (attempt 3/3)
AOD: No new sellers found (attempt 3/3)
2026-09-16 11:31:13,005 - INFO - Clicking offer load-more control: a:has-text('See more')
2026-09-16 11:31:14,558 - INFO - Clicking offer load-more control: a:has-text('See more')
2026-09-16 11:31:16,084 - INFO - AOD: No new sellers found (attempt 1/3)
AOD: No new sellers found (attempt 1/3)
2026-09-16 11:31:16,117 - INFO - Clicking offer load-more control: a:has-text('See more')
2026-09-16 11:31:17,669 - INFO - AOD: No new sellers found (attempt 2/3)
AOD: No new sellers found (attempt 2/3)
2026-09-16 11:31:17,702 - INFO - Clicking offer load-more control: a:has-text('See more')
2026-09-16 11:31:19,250 - INFO - AOD: No new sellers found (attempt 3/3)
AOD: No new sellers found (attempt 3/3)
2026-09-16 11:31:19,270 - INFO - Clicking offer load-more control: a:has-text('See more')
2026-09-16 11:31:20,827 - INFO - Clicking offer load-more control: a:has-text('See more')
2026-09-16 11:31:22,353 - INFO - AOD: No new sellers found (attempt 1/3)
AOD: No new sellers found (attempt 1/3)
2026-09-16 11:31:22,395 - INFO - Clicking offer load-more control: a:has-text('See more')
2026-09-16 11:31:23,952 - INFO - AOD: No new sellers found (attempt 2/3)
AOD: No new sellers found (attempt 2/3)
2026-09-16 11:31:23,983 - INFO - Clicking offer load-more control: a:has-text('See more')
2026-09-16 11:31:25,535 - INFO - AOD: No new sellers found (attempt 3/3)
AOD: No new sellers found (attempt 3/3)
2026-09-16 11:31:25,555 - INFO - Clicking offer load-more control: a:has-text('See more')
2026-09-16 11:31:27,111 - INFO - Clicking offer load-more control: a:has-text('See more')
2026-09-16 11:31:28,635 - INFO - AOD: No new sellers found (attempt 1/3)
AOD: No new sellers found (attempt 1/3)
2026-09-16 11:31:28,678 - INFO - Clicking offer load-more control: a:has-text('See more')
2026-09-16 11:31:30,202 - INFO - AOD: No new sellers found (attempt 2/3)
AOD: No new sellers found (attempt 2/3)
2026-09-16 11:31:30,240 - INFO - Clicking offer load-more control: a:has-text('See more')
2026-09-16 11:31:31,767 - INFO - AOD: No new sellers found (attempt 3/3)
AOD: No new sellers found (attempt 3/3)
2026-09-16 11:31:31,787 - INFO - Clicking offer load-more control: a:has-text('See more')
2026-09-16 11:31:33,344 - INFO - Clicking offer load-more control: a:has-text('See more')
2026-09-16 11:31:34,868 - INFO - AOD: No new sellers found (attempt 1/3)
AOD: No new sellers found (attempt 1/3)
2026-09-16 11:31:34,900 - INFO - Clicking offer load-more control: a:has-text('See more')
2026-09-16 11:31:36,432 - INFO - AOD: No new sellers found (attempt 2/3)
AOD: No new sellers found (attempt 2/3)
2026-09-16 11:31:36,466 - INFO - Clicking offer load-more control: a:has-text('See more')
2026-09-16 11:31:38,018 - INFO - AOD: No new sellers found (attempt 3/3)
AOD: No new sellers found (attempt 3/3)
2026-09-16 11:31:38,043 - INFO - Clicking offer load-more control: a:has-text('See more')
2026-09-16 11:31:39,609 - INFO - Clicking offer load-more control: a:has-text('See more')
2026-09-16 11:31:41,134 - INFO - AOD: No new sellers found (attempt 1/3)
AOD: No new sellers found (attempt 1/3)
2026-09-16 11:31:41,167 - INFO - Clicking offer load-more control: a:has-text('See more')
2026-09-16 11:31:42,718 - INFO - AOD: No new sellers found (attempt 2/3)
AOD: No new sellers found (attempt 2/3)
2026-09-16 11:31:42,752 - INFO - Clicking offer load-more control: a:has-text('See more')
2026-09-16 11:31:44,302 - INFO - AOD: No new sellers found (attempt 3/3)
AOD: No new sellers found (attempt 3/3)
2026-09-16 11:31:44,321 - INFO - Clicking offer load-more control: a:has-text('See more')
2026-09-16 11:31:45,875 - INFO - Clicking offer load-more control: a:has-text('See more')
2026-09-16 11:31:47,402 - INFO - AOD: No new sellers found (attempt 1/3)
AOD: No new sellers found (attempt 1/3)
2026-09-16 11:31:47,434 - INFO - Clicking offer load-more control: a:has-text('See more')
2026-09-16 11:31:48,967 - INFO - AOD: No new sellers found (attempt 2/3)
AOD: No new sellers found (attempt 2/3)
2026-09-16 11:31:49,000 - INFO - Clicking offer load-more control: a:has-text('See more')
2026-09-16 11:31:50,550 - INFO - AOD: No new sellers found (attempt 3/3)
AOD: No new sellers found (attempt 3/3)
2026-09-16 11:31:50,569 - INFO - Clicking offer load-more control: a:has-text('See more')
2026-09-16 11:31:52,125 - INFO - Clicking offer load-more control: a:has-text('See more')
2026-09-16 11:31:53,652 - INFO - AOD: No new sellers found (attempt 1/3)
AOD: No new sellers found (attempt 1/3)
2026-09-16 11:31:53,685 - INFO - Clicking offer load-more control: a:has-text('See more')
2026-09-16 11:31:55,234 - INFO - AOD: No new sellers found (attempt 2/3)
AOD: No new sellers found (attempt 2/3)
2026-09-16 11:31:55,268 - INFO - Clicking offer load-more control: a:has-text('See more')
2026-09-16 11:31:56,818 - INFO - AOD: No new sellers found (attempt 3/3)
AOD: No new sellers found (attempt 3/3)
2026-09-16 11:31:56,838 - INFO - Clicking offer load-more control: a:has-text('See more')
2026-09-16 11:31:58,393 - INFO - Clicking offer load-more control: a:has-text('See more')
2026-09-16 11:31:59,953 - INFO - AOD: No new sellers found (attempt 1/3)
AOD: No new sellers found (attempt 1/3)
2026-09-16 11:31:59,989 - INFO - Clicking offer load-more control: a:has-text('See more')
2026-09-16 11:32:01,535 - INFO - AOD: No new sellers found (attempt 2/3)
AOD: No new sellers found (attempt 2/3)
2026-09-16 11:32:01,568 - INFO - Clicking offer load-more control: a:has-text('See more')
2026-09-16 11:32:03,099 - INFO - AOD: No new sellers found (attempt 3/3)
AOD: No new sellers found (attempt 3/3)
2026-09-16 11:32:03,120 - INFO - Clicking offer load-more control: a:has-text('See more')
2026-09-16 11:32:04,682 - INFO - Clicking offer load-more control: a:has-text('See more')
2026-09-16 11:32:06,232 - INFO - AOD: No new sellers found (attempt 1/3)
AOD: No new sellers found (attempt 1/3)
2026-09-16 11:32:06,241 - INFO - AOD EXTRACTION COMPLETE | ASIN: B0FNF4J7T9 | TOTAL UNIQUE SELLERS: 1

AOD EXTRACTION COMPLETE
ASIN: B0FNF4J7T9
TOTAL UNIQUE SELLERS: 1

2026-09-16 11:32:06,242 - INFO - Opening Amazon seller profile page: https://www.amazon.in/gp/help/seller/at-a-glance.html/ref=dp_merchant_link?ie=UTF8&seller=A3FH2W6AT99NN6&asin=B0FNF4J7T9&ref_=dp_merchant_link&isAmazonFulfilled=1
2026-09-16 11:32:09,875 - INFO - [2/20] Processing product ASIN: B0H58F4LW6
2026-09-16 11:32:09,907 - INFO - Opening Amazon product page for multi-seller extraction: https://www.amazon.in/dp/B0H58F4LW6
2026-09-16 11:32:11,894 - INFO - PRODUCT: 250 ML Disposable Food Containers with Lids (25 PCS) | Round Food Storage & Takeaway | BPA Free, Microwave Safe, Freezer Safe Meal Prep Boxes for Kitchen, Restaurant & Food White
2026-09-16 11:32:11,894 - INFO - ASIN: B0H58F4LW6

PRODUCT: 250 ML Disposable Food Containers with Lids (25 PCS) | Round Food Storage & Takeaway | BPA Free, Microwave Safe, Freezer Safe Meal Prep Boxes for Kitchen, Restaurant & Food White
ASIN: B0H58F4LW6
2026-09-16 11:32:11,921 - INFO - BUY BOX SELLER: Summer Dunes
BUY BOX SELLER: Summer Dunes
2026-09-16 11:32:11,921 - INFO - AOD: Opening All Offers...
AOD: Opening All Offers...
2026-09-16 11:32:11,978 - INFO - AOD: Initial offers found: 0
AOD: Initial offers found: 0
2026-09-16 11:32:12,011 - INFO - Clicking offer load-more control: a:has-text('See more')
2026-09-16 11:32:13,558 - INFO - AOD: No new sellers found (attempt 1/3)
AOD: No new sellers found (attempt 1/3)
2026-09-16 11:32:13,594 - INFO - Clicking offer load-more control: a:has-text('See more')
2026-09-16 11:32:15,131 - INFO - AOD: No new sellers found (attempt 2/3)
AOD: No new sellers found (attempt 2/3)
2026-09-16 11:32:15,161 - INFO - Clicking offer load-more control: a:has-text('See more')
2026-09-16 11:32:16,696 - INFO - AOD: No new sellers found (attempt 3/3)
AOD: No new sellers found (attempt 3/3)
2026-09-16 11:32:16,712 - INFO - Clicking offer load-more control: a:has-text('See more')
2026-09-16 11:32:18,272 - INFO - Clicking offer load-more control: a:has-text('See more')
2026-09-16 11:32:19,796 - INFO - AOD: No new sellers found (attempt 1/3)
AOD: No new sellers found (attempt 1/3)
2026-09-16 11:32:19,825 - INFO - Clicking offer load-more control: a:has-text('See more')
2026-09-16 11:32:21,347 - INFO - AOD: No new sellers found (attempt 2/3)
AOD: No new sellers found (attempt 2/3)
2026-09-16 11:32:21,376 - INFO - Clicking offer load-more control: a:has-text('See more')
2026-09-16 11:32:22,896 - INFO - AOD: No new sellers found (attempt 3/3)
AOD: No new sellers found (attempt 3/3)
2026-09-16 11:32:22,913 - INFO - Clicking offer load-more control: a:has-text('See more')
2026-09-16 11:32:24,469 - INFO - Clicking offer load-more control: a:has-text('See more')
2026-09-16 11:32:25,997 - INFO - AOD: No new sellers found (attempt 1/3)
AOD: No new sellers found (attempt 1/3)
2026-09-16 11:32:26,028 - INFO - Clicking offer load-more control: a:has-text('See more')
2026-09-16 11:32:27,581 - INFO - AOD: No new sellers found (attempt 2/3)
AOD: No new sellers found (attempt 2/3)
2026-09-16 11:32:27,610 - INFO - Clicking offer load-more control: a:has-text('See more')
2026-09-16 11:32:29,129 - INFO - AOD: No new sellers found (attempt 3/3)
AOD: No new sellers found (attempt 3/3)
2026-09-16 11:32:29,146 - INFO - Clicking offer load-more control: a:has-text('See more')
2026-09-16 11:32:30,704 - INFO - Clicking offer load-more control: a:has-text('See more')
2026-09-16 11:32:32,246 - INFO - AOD: No new sellers found (attempt 1/3)
AOD: No new sellers found (attempt 1/3)
2026-09-16 11:32:32,276 - INFO - Clicking offer load-more control: a:has-text('See more')
2026-09-16 11:32:33,797 - INFO - AOD: No new sellers found (attempt 2/3)
AOD: No new sellers found (attempt 2/3)
2026-09-16 11:32:33,828 - INFO - Clicking offer load-more control: a:has-text('See more')
2026-09-16 11:32:35,381 - INFO - AOD: No new sellers found (attempt 3/3)
AOD: No new sellers found (attempt 3/3)
2026-09-16 11:32:35,398 - INFO - Clicking offer load-more control: a:has-text('See more')
2026-09-16 11:32:36,953 - INFO - Clicking offer load-more control: a:has-text('See more')
2026-09-16 11:32:38,479 - INFO - AOD: No new sellers found (attempt 1/3)
AOD: No new sellers found (attempt 1/3)
2026-09-16 11:32:38,508 - INFO - Clicking offer load-more control: a:has-text('See more')
2026-09-16 11:32:40,028 - INFO - AOD: No new sellers found (attempt 2/3)
AOD: No new sellers found (attempt 2/3)
2026-09-16 11:32:40,056 - INFO - Clicking offer load-more control: a:has-text('See more')
2026-09-16 11:32:41,579 - INFO - AOD: No new sellers found (attempt 3/3)
AOD: No new sellers found (attempt 3/3)
2026-09-16 11:32:41,596 - INFO - Clicking offer load-more control: a:has-text('See more')
2026-09-16 11:32:43,151 - INFO - Clicking offer load-more control: a:has-text('See more')
2026-09-16 11:32:44,679 - INFO - AOD: No new sellers found (attempt 1/3)
AOD: No new sellers found (attempt 1/3)
2026-09-16 11:32:44,708 - INFO - Clicking offer load-more control: a:has-text('See more')
2026-09-16 11:32:46,228 - INFO - AOD: No new sellers found (attempt 2/3)
AOD: No new sellers found (attempt 2/3)
2026-09-16 11:32:46,259 - INFO - Clicking offer load-more control: a:has-text('See more')
2026-09-16 11:32:47,780 - INFO - AOD: No new sellers found (attempt 3/3)
AOD: No new sellers found (attempt 3/3)
2026-09-16 11:32:47,798 - INFO - Clicking offer load-more control: a:has-text('See more')
2026-09-16 11:32:49,354 - INFO - Clicking offer load-more control: a:has-text('See more')
2026-09-16 11:32:50,878 - INFO - AOD: No new sellers found (attempt 1/3)
AOD: No new sellers found (attempt 1/3)
2026-09-16 11:32:50,906 - INFO - Clicking offer load-more control: a:has-text('See more')
2026-09-16 11:32:52,430 - INFO - AOD: No new sellers found (attempt 2/3)
AOD: No new sellers found (attempt 2/3)
2026-09-16 11:32:52,458 - INFO - Clicking offer load-more control: a:has-text('See more')
2026-09-16 11:32:53,979 - INFO - AOD: No new sellers found (attempt 3/3)
AOD: No new sellers found (attempt 3/3)
2026-09-16 11:32:53,995 - INFO - Clicking offer load-more control: a:has-text('See more')
2026-09-16 11:32:55,552 - INFO - Clicking offer load-more control: a:has-text('See more')
2026-09-16 11:32:57,079 - INFO - AOD: No new sellers found (attempt 1/3)
AOD: No new sellers found (attempt 1/3)
2026-09-16 11:32:57,108 - INFO - Clicking offer load-more control: a:has-text('See more')
2026-09-16 11:32:58,628 - INFO - AOD: No new sellers found (attempt 2/3)
AOD: No new sellers found (attempt 2/3)
2026-09-16 11:32:58,655 - INFO - Clicking offer load-more control: a:has-text('See more')
2026-09-16 11:33:00,178 - INFO - AOD: No new sellers found (attempt 3/3)
AOD: No new sellers found (attempt 3/3)
2026-09-16 11:33:00,194 - INFO - Clicking offer load-more control: a:has-text('See more')
2026-09-16 11:33:01,752 - INFO - Clicking offer load-more control: a:has-text('See more')
2026-09-16 11:33:03,295 - INFO - AOD: No new sellers found (attempt 1/3)
AOD: No new sellers found (attempt 1/3)
2026-09-16 11:33:03,324 - INFO - Clicking offer load-more control: a:has-text('See more')
2026-09-16 11:33:04,844 - INFO - AOD: No new sellers found (attempt 2/3)
AOD: No new sellers found (attempt 2/3)
2026-09-16 11:33:04,906 - INFO - Clicking offer load-more control: a:has-text('See more')
2026-09-16 11:33:06,428 - INFO - AOD: No new sellers found (attempt 3/3)
AOD: No new sellers found (attempt 3/3)
2026-09-16 11:33:06,445 - INFO - Clicking offer load-more control: a:has-text('See more')
2026-09-16 11:33:08,000 - INFO - Clicking offer load-more control: a:has-text('See more')
2026-09-16 11:33:09,527 - INFO - AOD: No new sellers found (attempt 1/3)
AOD: No new sellers found (attempt 1/3)
2026-09-16 11:33:09,556 - INFO - Clicking offer load-more control: a:has-text('See more')
2026-09-16 11:33:11,078 - INFO - AOD: No new sellers found (attempt 2/3)
AOD: No new sellers found (attempt 2/3)
2026-09-16 11:33:11,106 - INFO - Clicking offer load-more control: a:has-text('See more')
2026-09-16 11:33:12,626 - INFO - AOD: No new sellers found (attempt 3/3)
AOD: No new sellers found (attempt 3/3)
2026-09-16 11:33:12,644 - INFO - Clicking offer load-more control: a:has-text('See more')
2026-09-16 11:33:14,203 - INFO - Clicking offer load-more control: a:has-text('See more')
2026-09-16 11:33:15,729 - INFO - AOD: No new sellers found (attempt 1/3)
AOD: No new sellers found (attempt 1/3)
2026-09-16 11:33:15,757 - INFO - Clicking offer load-more control: a:has-text('See more')
2026-09-16 11:33:17,279 - INFO - AOD: No new sellers found (attempt 2/3)
AOD: No new sellers found (attempt 2/3)
2026-09-16 11:33:17,307 - INFO - Clicking offer load-more control: a:has-text('See more')
2026-09-16 11:33:18,844 - INFO - AOD: No new sellers found (attempt 3/3)
AOD: No new sellers found (attempt 3/3)
2026-09-16 11:33:18,861 - INFO - Clicking offer load-more control: a:has-text('See more')
2026-09-16 11:33:20,436 - INFO - Clicking offer load-more control: a:has-text('See more')
2026-09-16 11:33:21,961 - INFO - AOD: No new sellers found (attempt 1/3)
AOD: No new sellers found (attempt 1/3)
2026-09-16 11:33:21,990 - INFO - Clicking offer load-more control: a:has-text('See more')
2026-09-16 11:33:23,511 - INFO - AOD: No new sellers found (attempt 2/3)
AOD: No new sellers found (attempt 2/3)
2026-09-16 11:33:23,543 - INFO - Clicking offer load-more control: a:has-text('See more')
2026-09-16 11:33:25,078 - INFO - AOD: No new sellers found (attempt 3/3)
AOD: No new sellers found (attempt 3/3)
2026-09-16 11:33:25,094 - INFO - Clicking offer load-more control: a:has-text('See more')
2026-09-16 11:33:26,651 - INFO - Clicking offer load-more control: a:has-text('See more')
2026-09-16 11:33:28,178 - INFO - AOD: No new sellers found (attempt 1/3)
AOD: No new sellers found (attempt 1/3)
2026-09-16 11:33:28,206 - INFO - Clicking offer load-more control: a:has-text('See more')
2026-09-16 11:33:29,726 - INFO - AOD: No new sellers found (attempt 2/3)
AOD: No new sellers found (attempt 2/3)
2026-09-16 11:33:29,756 - INFO - Clicking offer load-more control: a:has-text('See more')
2026-09-16 11:33:31,278 - INFO - AOD: No new sellers found (attempt 3/3)
AOD: No new sellers found (attempt 3/3)
2026-09-16 11:33:31,295 - INFO - Clicking offer load-more control: a:has-text('See more')
2026-09-16 11:33:32,851 - INFO - Clicking offer load-more control: a:has-text('See more')
2026-09-16 11:33:34,395 - INFO - AOD: No new sellers found (attempt 1/3)
AOD: No new sellers found (attempt 1/3)
2026-09-16 11:33:34,402 - INFO - AOD EXTRACTION COMPLETE | ASIN: B0H58F4LW6 | TOTAL UNIQUE SELLERS: 1

AOD EXTRACTION COMPLETE
ASIN: B0H58F4LW6
TOTAL UNIQUE SELLERS: 1

2026-09-16 11:33:34,402 - INFO - Opening Amazon seller profile page: https://www.amazon.in/gp/help/seller/at-a-glance.html/ref=dp_merchant_link?ie=UTF8&seller=A3BFTW9WX8OAYU&asin=B0H58F4LW6&ref_=dp_merchant_link
2026-09-16 11:33:38,058 - INFO - [3/20] Processing product ASIN: B0DB3PP4Z5
2026-09-16 11:33:38,092 - INFO - Opening Amazon product page for multi-seller extraction: https://www.amazon.in/dp/B0DB3PP4Z5
2026-09-16 11:33:40,426 - INFO - PRODUCT: polypropylene Pack of 25 (750 ML) Disposable Meal Prep Container, Boxes With Lid Food Storage|Delivery|Microwave Safe|Reusable|Take Away|Freezer Safe|Black Color
2026-09-16 11:33:40,426 - INFO - ASIN: B0DB3PP4Z5

PRODUCT: polypropylene Pack of 25 (750 ML) Disposable Meal Prep Container, Boxes With Lid Food Storage|Delivery|Microwave Safe|Reusable|Take Away|Freezer Safe|Black Color
ASIN: B0DB3PP4Z5
2026-09-16 11:33:40,456 - INFO - BUY BOX SELLER: Cloudtail _SLP
BUY BOX SELLER: Cloudtail _SLP
2026-09-16 11:33:40,456 - INFO - AOD: Opening All Offers...
AOD: Opening All Offers...
2026-09-16 11:33:46,860 - INFO - AOD: Initial offers found: 0
AOD: Initial offers found: 0
2026-09-16 11:33:46,912 - INFO - Clicking offer load-more control: a:has-text('See more')
2026-09-16 11:33:48,449 - INFO - AOD: No new sellers found (attempt 1/3)
AOD: No new sellers found (attempt 1/3)
2026-09-16 11:33:48,492 - INFO - Clicking offer load-more control: a:has-text('See more')
2026-09-16 11:33:50,029 - INFO - AOD: No new sellers found (attempt 2/3)
AOD: No new sellers found (attempt 2/3)
2026-09-16 11:33:50,076 - INFO - Clicking offer load-more control: a:has-text('See more')
2026-09-16 11:33:51,612 - INFO - AOD: No new sellers found (attempt 3/3)
AOD: No new sellers found (attempt 3/3)
2026-09-16 11:33:51,632 - INFO - Clicking offer load-more control: a:has-text('See more')
2026-09-16 11:33:53,185 - INFO - Clicking offer load-more control: a:has-text('See more')
2026-09-16 11:33:54,710 - INFO - AOD: No new sellers found (attempt 1/3)
AOD: No new sellers found (attempt 1/3)
2026-09-16 11:33:54,743 - INFO - Clicking offer load-more control: a:has-text('See more')
2026-09-16 11:33:56,296 - INFO - AOD: No new sellers found (attempt 2/3)
AOD: No new sellers found (attempt 2/3)
2026-09-16 11:33:56,328 - INFO - Clicking offer load-more control: a:has-text('See more')
2026-09-16 11:33:57,862 - INFO - AOD: No new sellers found (attempt 3/3)
AOD: No new sellers found (attempt 3/3)
2026-09-16 11:33:57,888 - INFO - Clicking offer load-more control: a:has-text('See more')
2026-09-16 11:33:59,454 - INFO - Clicking offer load-more control: a:has-text('See more')
2026-09-16 11:34:00,995 - INFO - AOD: No new sellers found (attempt 1/3)
AOD: No new sellers found (attempt 1/3)
2026-09-16 11:34:01,028 - INFO - Clicking offer load-more control: a:has-text('See more')
2026-09-16 11:34:02,580 - INFO - AOD: No new sellers found (attempt 2/3)
AOD: No new sellers found (attempt 2/3)
2026-09-16 11:34:02,613 - INFO - Clicking offer load-more control: a:has-text('See more')
2026-09-16 11:34:04,146 - INFO - AOD: No new sellers found (attempt 3/3)
AOD: No new sellers found (attempt 3/3)
2026-09-16 11:34:04,166 - INFO - Clicking offer load-more control: a:has-text('See more')
2026-09-16 11:34:05,719 - INFO - Clicking offer load-more control: a:has-text('See more')
2026-09-16 11:34:07,245 - INFO - AOD: No new sellers found (attempt 1/3)
AOD: No new sellers found (attempt 1/3)
2026-09-16 11:34:07,278 - INFO - Clicking offer load-more control: a:has-text('See more')
2026-09-16 11:34:08,813 - INFO - AOD: No new sellers found (attempt 2/3)
AOD: No new sellers found (attempt 2/3)
2026-09-16 11:34:08,849 - INFO - Clicking offer load-more control: a:has-text('See more')
2026-09-16 11:34:10,381 - INFO - AOD: No new sellers found (attempt 3/3)
AOD: No new sellers found (attempt 3/3)
2026-09-16 11:34:10,403 - INFO - Clicking offer load-more control: a:has-text('See more')
2026-09-16 11:34:11,955 - INFO - Clicking offer load-more control: a:has-text('See more')
2026-09-16 11:34:13,497 - INFO - AOD: No new sellers found (attempt 1/3)
AOD: No new sellers found (attempt 1/3)
2026-09-16 11:34:13,546 - INFO - Clicking offer load-more control: a:has-text('See more')
2026-09-16 11:34:15,095 - INFO - AOD: No new sellers found (attempt 2/3)
AOD: No new sellers found (attempt 2/3)
2026-09-16 11:34:15,131 - INFO - Clicking offer load-more control: a:has-text('See more')
2026-09-16 11:34:16,661 - INFO - AOD: No new sellers found (attempt 3/3)
AOD: No new sellers found (attempt 3/3)
2026-09-16 11:34:16,683 - INFO - Clicking offer load-more control: a:has-text('See more')
2026-09-16 11:34:18,236 - INFO - Clicking offer load-more control: a:has-text('See more')
2026-09-16 11:34:19,778 - INFO - AOD: No new sellers found (attempt 1/3)
AOD: No new sellers found (attempt 1/3)
2026-09-16 11:34:19,814 - INFO - Clicking offer load-more control: a:has-text('See more')
2026-09-16 11:34:21,345 - INFO - AOD: No new sellers found (attempt 2/3)
AOD: No new sellers found (attempt 2/3)
2026-09-16 11:34:21,386 - INFO - Clicking offer load-more control: a:has-text('See more')
2026-09-16 11:34:22,911 - INFO - AOD: No new sellers found (attempt 3/3)
AOD: No new sellers found (attempt 3/3)
2026-09-16 11:34:22,930 - INFO - Clicking offer load-more control: a:has-text('See more')
2026-09-16 11:34:24,486 - INFO - Clicking offer load-more control: a:has-text('See more')
2026-09-16 11:34:26,027 - INFO - AOD: No new sellers found (attempt 1/3)
AOD: No new sellers found (attempt 1/3)
2026-09-16 11:34:26,060 - INFO - Clicking offer load-more control: a:has-text('See more')
2026-09-16 11:34:27,611 - INFO - AOD: No new sellers found (attempt 2/3)
AOD: No new sellers found (attempt 2/3)
2026-09-16 11:34:27,642 - INFO - Clicking offer load-more control: a:has-text('See more')
2026-09-16 11:34:29,195 - INFO - AOD: No new sellers found (attempt 3/3)
AOD: No new sellers found (attempt 3/3)
2026-09-16 11:34:29,215 - INFO - Clicking offer load-more control: a:has-text('See more')
2026-09-16 11:34:30,772 - INFO - Clicking offer load-more control: a:has-text('See more')
2026-09-16 11:34:32,294 - INFO - AOD: No new sellers found (attempt 1/3)
AOD: No new sellers found (attempt 1/3)
2026-09-16 11:34:32,329 - INFO - Clicking offer load-more control: a:has-text('See more')
2026-09-16 11:34:33,861 - INFO - AOD: No new sellers found (attempt 2/3)
AOD: No new sellers found (attempt 2/3)
2026-09-16 11:34:33,897 - INFO - Clicking offer load-more control: a:has-text('See more')
2026-09-16 11:34:35,428 - INFO - AOD: No new sellers found (attempt 3/3)
AOD: No new sellers found (attempt 3/3)
2026-09-16 11:34:35,455 - INFO - Clicking offer load-more control: a:has-text('See more')
2026-09-16 11:34:37,021 - INFO - Clicking offer load-more control: a:has-text('See more')
2026-09-16 11:34:38,562 - INFO - AOD: No new sellers found (attempt 1/3)
AOD: No new sellers found (attempt 1/3)
2026-09-16 11:34:38,598 - INFO - Clicking offer load-more control: a:has-text('See more')
2026-09-16 11:34:40,126 - INFO - AOD: No new sellers found (attempt 2/3)
AOD: No new sellers found (attempt 2/3)
2026-09-16 11:34:40,158 - INFO - Clicking offer load-more control: a:has-text('See more')
2026-09-16 11:34:41,711 - INFO - AOD: No new sellers found (attempt 3/3)
AOD: No new sellers found (attempt 3/3)
2026-09-16 11:34:41,730 - INFO - Clicking offer load-more control: a:has-text('See more')
2026-09-16 11:34:43,296 - INFO - Clicking offer load-more control: a:has-text('See more')
2026-09-16 11:34:44,826 - INFO - AOD: No new sellers found (attempt 1/3)
AOD: No new sellers found (attempt 1/3)
2026-09-16 11:34:44,858 - INFO - Clicking offer load-more control: a:has-text('See more')
2026-09-16 11:34:46,411 - INFO - AOD: No new sellers found (attempt 2/3)
AOD: No new sellers found (attempt 2/3)
2026-09-16 11:34:46,445 - INFO - Clicking offer load-more control: a:has-text('See more')
2026-09-16 11:34:47,977 - INFO - AOD: No new sellers found (attempt 3/3)
AOD: No new sellers found (attempt 3/3)
2026-09-16 11:34:47,997 - INFO - Clicking offer load-more control: a:has-text('See more')
2026-09-16 11:34:49,553 - INFO - Clicking offer load-more control: a:has-text('See more')
2026-09-16 11:34:51,092 - INFO - AOD: No new sellers found (attempt 1/3)
AOD: No new sellers found (attempt 1/3)
2026-09-16 11:34:51,124 - INFO - Clicking offer load-more control: a:has-text('See more')
2026-09-16 11:34:52,660 - INFO - AOD: No new sellers found (attempt 2/3)
AOD: No new sellers found (attempt 2/3)
2026-09-16 11:34:52,695 - INFO - Clicking offer load-more control: a:has-text('See more')
2026-09-16 11:34:54,253 - INFO - AOD: No new sellers found (attempt 3/3)
AOD: No new sellers found (attempt 3/3)
2026-09-16 11:34:54,273 - INFO - Clicking offer load-more control: a:has-text('See more')
2026-09-16 11:34:55,853 - INFO - Clicking offer load-more control: a:has-text('See more')
2026-09-16 11:34:57,376 - INFO - AOD: No new sellers found (attempt 1/3)
AOD: No new sellers found (attempt 1/3)
2026-09-16 11:34:57,408 - INFO - Clicking offer load-more control: a:has-text('See more')
2026-09-16 11:34:58,959 - INFO - AOD: No new sellers found (attempt 2/3)
AOD: No new sellers found (attempt 2/3)
2026-09-16 11:34:58,993 - INFO - Clicking offer load-more control: a:has-text('See more')
2026-09-16 11:35:00,542 - INFO - AOD: No new sellers found (attempt 3/3)
AOD: No new sellers found (attempt 3/3)
2026-09-16 11:35:00,561 - INFO - Clicking offer load-more control: a:has-text('See more')
2026-09-16 11:35:02,121 - INFO - Clicking offer load-more control: a:has-text('See more')
2026-09-16 11:35:03,660 - INFO - AOD: No new sellers found (attempt 1/3)
AOD: No new sellers found (attempt 1/3)
2026-09-16 11:35:03,703 - INFO - Clicking offer load-more control: a:has-text('See more')
2026-09-16 11:35:05,227 - INFO - AOD: No new sellers found (attempt 2/3)
AOD: No new sellers found (attempt 2/3)
2026-09-16 11:35:05,261 - INFO - Clicking offer load-more control: a:has-text('See more')
2026-09-16 11:35:06,792 - INFO - AOD: No new sellers found (attempt 3/3)
AOD: No new sellers found (attempt 3/3)
2026-09-16 11:35:06,812 - INFO - Clicking offer load-more control: a:has-text('See more')
2026-09-16 11:35:08,332 - WARNING - OFFER EXTRACTION TIMEOUT
ASIN: B0DB3PP4Z5
SELLERS COLLECTED: 1
STATUS: Continuing with collected sellers

OFFER EXTRACTION TIMEOUT
ASIN: B0DB3PP4Z5
SELLERS COLLECTED: 1
STATUS: Continuing with collected sellers

2026-09-16 11:35:08,332 - INFO - AOD EXTRACTION COMPLETE | ASIN: B0DB3PP4Z5 | TOTAL UNIQUE SELLERS: 1

AOD EXTRACTION COMPLETE
ASIN: B0DB3PP4Z5
TOTAL UNIQUE SELLERS: 1

2026-09-16 11:35:08,332 - INFO - Opening Amazon seller profile page: https://www.amazon.in/gp/help/seller/at-a-glance.html/ref=dp_merchant_link?ie=UTF8&seller=A2YGZBU1YM6DOB&asin=B0DB3PP4Z5&ref_=dp_merchant_link
2026-09-16 11:35:11,910 - INFO - [4/20] Processing product ASIN: B0G8KJZ5GX
2026-09-16 11:35:11,943 - INFO - Opening Amazon product page for multi-seller extraction: https://www.amazon.in/dp/B0G8KJZ5GX
2026-09-16 11:35:14,194 - INFO - PRODUCT: 25 PACK 650 ml Paper Disposable Containers For Food with Lids | Rectangular Meal Prep Containers & Take Out Box | Leak-Proof Food Storage Containers, Food Packing Box For Kitchen
2026-09-16 11:35:14,194 - INFO - ASIN: B0G8KJZ5GX

PRODUCT: 25 PACK 650 ml Paper Disposable Containers For Food with Lids | Rectangular Meal Prep Containers & Take Out Box | Leak-Proof Food Storage Containers, Food Packing Box For Kitchen
ASIN: B0G8KJZ5GX
2026-09-16 11:35:14,220 - INFO - BUY BOX SELLER: Cloudtail _SLP
BUY BOX SELLER: Cloudtail _SLP
2026-09-16 11:35:14,220 - INFO - AOD: Opening All Offers...
AOD: Opening All Offers...
2026-09-16 11:35:20,628 - INFO - AOD: Initial offers found: 0
AOD: Initial offers found: 0
2026-09-16 11:35:20,680 - INFO - Clicking offer load-more control: a:has-text('See more')
2026-09-16 11:35:22,212 - INFO - AOD: No new sellers found (attempt 1/3)
AOD: No new sellers found (attempt 1/3)
2026-09-16 11:35:22,246 - INFO - Clicking offer load-more control: a:has-text('See more')
2026-09-16 11:35:23,776 - INFO - AOD: No new sellers found (attempt 2/3)
AOD: No new sellers found (attempt 2/3)
2026-09-16 11:35:23,817 - INFO - Clicking offer load-more control: a:has-text('See more')
2026-09-16 11:35:25,342 - INFO - AOD: No new sellers found (attempt 3/3)
AOD: No new sellers found (attempt 3/3)
2026-09-16 11:35:25,362 - INFO - Clicking offer load-more control: a:has-text('See more')
2026-09-16 11:35:26,913 - INFO - Clicking offer load-more control: a:has-text('See more')
2026-09-16 11:35:28,441 - INFO - AOD: No new sellers found (attempt 1/3)
AOD: No new sellers found (attempt 1/3)
2026-09-16 11:35:28,479 - INFO - Clicking offer load-more control: a:has-text('See more')
2026-09-16 11:35:30,026 - INFO - AOD: No new sellers found (attempt 2/3)
AOD: No new sellers found (attempt 2/3)
2026-09-16 11:35:30,058 - INFO - Clicking offer load-more control: a:has-text('See more')
2026-09-16 11:35:31,607 - INFO - AOD: No new sellers found (attempt 3/3)
AOD: No new sellers found (attempt 3/3)
2026-09-16 11:35:31,626 - INFO - Clicking offer load-more control: a:has-text('See more')
2026-09-16 11:35:33,185 - INFO - Clicking offer load-more control: a:has-text('See more')
2026-09-16 11:35:34,708 - INFO - AOD: No new sellers found (attempt 1/3)
AOD: No new sellers found (attempt 1/3)
2026-09-16 11:35:34,741 - INFO - Clicking offer load-more control: a:has-text('See more')
2026-09-16 11:35:36,275 - INFO - AOD: No new sellers found (attempt 2/3)
AOD: No new sellers found (attempt 2/3)
2026-09-16 11:35:36,307 - INFO - Clicking offer load-more control: a:has-text('See more')
2026-09-16 11:35:37,841 - INFO - AOD: No new sellers found (attempt 3/3)
AOD: No new sellers found (attempt 3/3)
2026-09-16 11:35:37,861 - INFO - Clicking offer load-more control: a:has-text('See more')
2026-09-16 11:35:39,427 - INFO - Clicking offer load-more control: a:has-text('See more')
2026-09-16 11:35:40,976 - INFO - AOD: No new sellers found (attempt 1/3)
AOD: No new sellers found (attempt 1/3)
2026-09-16 11:35:41,006 - INFO - Clicking offer load-more control: a:has-text('See more')
2026-09-16 11:35:42,558 - INFO - AOD: No new sellers found (attempt 2/3)
AOD: No new sellers found (attempt 2/3)
2026-09-16 11:35:42,590 - INFO - Clicking offer load-more control: a:has-text('See more')
2026-09-16 11:35:44,141 - INFO - AOD: No new sellers found (attempt 3/3)
AOD: No new sellers found (attempt 3/3)
2026-09-16 11:35:44,160 - INFO - Clicking offer load-more control: a:has-text('See more')
2026-09-16 11:35:45,718 - INFO - Clicking offer load-more control: a:has-text('See more')
2026-09-16 11:35:47,239 - INFO - AOD: No new sellers found (attempt 1/3)
AOD: No new sellers found (attempt 1/3)
2026-09-16 11:35:47,270 - INFO - Clicking offer load-more control: a:has-text('See more')
2026-09-16 11:35:48,810 - INFO - AOD: No new sellers found (attempt 2/3)
AOD: No new sellers found (attempt 2/3)
2026-09-16 11:35:48,842 - INFO - Clicking offer load-more control: a:has-text('See more')
2026-09-16 11:35:50,375 - INFO - AOD: No new sellers found (attempt 3/3)
AOD: No new sellers found (attempt 3/3)
2026-09-16 11:35:50,395 - INFO - Clicking offer load-more control: a:has-text('See more')
2026-09-16 11:35:51,947 - INFO - Clicking offer load-more control: a:has-text('See more')
2026-09-16 11:35:53,474 - INFO - AOD: No new sellers found (attempt 1/3)
AOD: No new sellers found (attempt 1/3)
2026-09-16 11:35:53,515 - INFO - Clicking offer load-more control: a:has-text('See more')
2026-09-16 11:35:55,059 - INFO - AOD: No new sellers found (attempt 2/3)
AOD: No new sellers found (attempt 2/3)
2026-09-16 11:35:55,090 - INFO - Clicking offer load-more control: a:has-text('See more')
2026-09-16 11:35:56,641 - INFO - AOD: No new sellers found (attempt 3/3)
AOD: No new sellers found (attempt 3/3)
2026-09-16 11:35:56,661 - INFO - Clicking offer load-more control: a:has-text('See more')
2026-09-16 11:35:58,213 - INFO - Clicking offer load-more control: a:has-text('See more')
2026-09-16 11:35:59,741 - INFO - AOD: No new sellers found (attempt 1/3)
AOD: No new sellers found (attempt 1/3)
2026-09-16 11:35:59,773 - INFO - Clicking offer load-more control: a:has-text('See more')
2026-09-16 11:36:01,308 - INFO - AOD: No new sellers found (attempt 2/3)
AOD: No new sellers found (attempt 2/3)
2026-09-16 11:36:01,351 - INFO - Clicking offer load-more control: a:has-text('See more')
2026-09-16 11:36:02,872 - INFO - AOD: No new sellers found (attempt 3/3)
AOD: No new sellers found (attempt 3/3)
2026-09-16 11:36:02,892 - INFO - Clicking offer load-more control: a:has-text('See more')
2026-09-16 11:36:04,450 - INFO - Clicking offer load-more control: a:has-text('See more')
2026-09-16 11:36:05,974 - INFO - AOD: No new sellers found (attempt 1/3)
AOD: No new sellers found (attempt 1/3)
2026-09-16 11:36:06,007 - INFO - Clicking offer load-more control: a:has-text('See more')
2026-09-16 11:36:07,557 - INFO - AOD: No new sellers found (attempt 2/3)
AOD: No new sellers found (attempt 2/3)
2026-09-16 11:36:07,587 - INFO - Clicking offer load-more control: a:has-text('See more')
2026-09-16 11:36:09,140 - INFO - AOD: No new sellers found (attempt 3/3)
AOD: No new sellers found (attempt 3/3)
2026-09-16 11:36:09,160 - INFO - Clicking offer load-more control: a:has-text('See more')
2026-09-16 11:36:10,720 - INFO - Clicking offer load-more control: a:has-text('See more')
2026-09-16 11:36:12,272 - INFO - AOD: No new sellers found (attempt 1/3)
AOD: No new sellers found (attempt 1/3)
2026-09-16 11:36:12,305 - INFO - Clicking offer load-more control: a:has-text('See more')
2026-09-16 11:36:13,841 - INFO - AOD: No new sellers found (attempt 2/3)
AOD: No new sellers found (attempt 2/3)
2026-09-16 11:36:13,872 - INFO - Clicking offer load-more control: a:has-text('See more')
2026-09-16 11:36:15,422 - INFO - AOD: No new sellers found (attempt 3/3)
AOD: No new sellers found (attempt 3/3)
2026-09-16 11:36:15,442 - INFO - Clicking offer load-more control: a:has-text('See more')
2026-09-16 11:36:16,995 - INFO - Clicking offer load-more control: a:has-text('See more')
2026-09-16 11:36:18,522 - INFO - AOD: No new sellers found (attempt 1/3)
AOD: No new sellers found (attempt 1/3)
2026-09-16 11:36:18,562 - INFO - Clicking offer load-more control: a:has-text('See more')
2026-09-16 11:36:20,106 - INFO - AOD: No new sellers found (attempt 2/3)
AOD: No new sellers found (attempt 2/3)
2026-09-16 11:36:20,136 - INFO - Clicking offer load-more control: a:has-text('See more')
2026-09-16 11:36:21,690 - INFO - AOD: No new sellers found (attempt 3/3)
AOD: No new sellers found (attempt 3/3)
2026-09-16 11:36:21,709 - INFO - Clicking offer load-more control: a:has-text('See more')
2026-09-16 11:36:23,264 - INFO - Clicking offer load-more control: a:has-text('See more')
2026-09-16 11:36:24,807 - INFO - AOD: No new sellers found (attempt 1/3)
AOD: No new sellers found (attempt 1/3)
2026-09-16 11:36:24,840 - INFO - Clicking offer load-more control: a:has-text('See more')
2026-09-16 11:36:26,373 - INFO - AOD: No new sellers found (attempt 2/3)
AOD: No new sellers found (attempt 2/3)
2026-09-16 11:36:26,404 - INFO - Clicking offer load-more control: a:has-text('See more')
2026-09-16 11:36:27,955 - INFO - AOD: No new sellers found (attempt 3/3)
AOD: No new sellers found (attempt 3/3)
2026-09-16 11:36:27,975 - INFO - Clicking offer load-more control: a:has-text('See more')
2026-09-16 11:36:29,530 - INFO - Clicking offer load-more control: a:has-text('See more')
2026-09-16 11:36:31,058 - INFO - AOD: No new sellers found (attempt 1/3)
AOD: No new sellers found (attempt 1/3)
2026-09-16 11:36:31,097 - INFO - Clicking offer load-more control: a:has-text('See more')
2026-09-16 11:36:32,622 - INFO - AOD: No new sellers found (attempt 2/3)
AOD: No new sellers found (attempt 2/3)
2026-09-16 11:36:32,654 - INFO - Clicking offer load-more control: a:has-text('See more')
2026-09-16 11:36:34,188 - INFO - AOD: No new sellers found (attempt 3/3)
AOD: No new sellers found (attempt 3/3)
2026-09-16 11:36:34,207 - INFO - Clicking offer load-more control: a:has-text('See more')
2026-09-16 11:36:35,760 - INFO - Clicking offer load-more control: a:has-text('See more')
2026-09-16 11:36:37,289 - INFO - AOD: No new sellers found (attempt 1/3)
AOD: No new sellers found (attempt 1/3)
2026-09-16 11:36:37,321 - INFO - Clicking offer load-more control: a:has-text('See more')
2026-09-16 11:36:38,872 - INFO - AOD: No new sellers found (attempt 2/3)
AOD: No new sellers found (attempt 2/3)
2026-09-16 11:36:38,902 - INFO - Clicking offer load-more control: a:has-text('See more')
2026-09-16 11:36:40,455 - INFO - AOD: No new sellers found (attempt 3/3)
AOD: No new sellers found (attempt 3/3)
2026-09-16 11:36:40,475 - INFO - Clicking offer load-more control: a:has-text('See more')
2026-09-16 11:36:41,997 - WARNING - OFFER EXTRACTION TIMEOUT
ASIN: B0G8KJZ5GX
SELLERS COLLECTED: 1
STATUS: Continuing with collected sellers

OFFER EXTRACTION TIMEOUT
ASIN: B0G8KJZ5GX
SELLERS COLLECTED: 1
STATUS: Continuing with collected sellers

2026-09-16 11:36:41,998 - INFO - AOD EXTRACTION COMPLETE | ASIN: B0G8KJZ5GX | TOTAL UNIQUE SELLERS: 1

AOD EXTRACTION COMPLETE
ASIN: B0G8KJZ5GX
TOTAL UNIQUE SELLERS: 1

2026-09-16 11:36:41,998 - INFO - Opening Amazon seller profile page: https://www.amazon.in/gp/help/seller/at-a-glance.html/ref=dp_merchant_link?ie=UTF8&seller=A2YGZBU1YM6DOB&asin=B0G8KJZ5GX&ref_=dp_merchant_link
2026-09-16 11:36:46,121 - INFO - [5/20] Processing product ASIN: B0GH7Q9ZMJ
2026-09-16 11:36:46,152 - INFO - Opening Amazon product page for multi-seller extraction: https://www.amazon.in/dp/B0GH7Q9ZMJ
2026-09-16 11:36:48,327 - INFO - PRODUCT: 750 ml Reusable Food Container with Lid (Pack of 10) | Rectangle Plastic Packing Box | Fridge & Microwave Safe
2026-09-16 11:36:48,327 - INFO - ASIN: B0GH7Q9ZMJ

PRODUCT: 750 ml Reusable Food Container with Lid (Pack of 10) | Rectangle Plastic Packing Box | Fridge & Microwave Safe
ASIN: B0GH7Q9ZMJ
2026-09-16 11:36:48,355 - INFO - BUY BOX SELLER: CAPITTAL SOLUTIONS
BUY BOX SELLER: CAPITTAL SOLUTIONS
2026-09-16 11:36:48,355 - INFO - AOD: Opening All Offers...
AOD: Opening All Offers...
2026-09-16 11:36:48,420 - INFO - AOD: Initial offers found: 0
AOD: Initial offers found: 0
2026-09-16 11:36:48,461 - INFO - Clicking offer load-more control: a:has-text('See more')
2026-09-16 11:36:50,006 - INFO - AOD: No new sellers found (attempt 1/3)
AOD: No new sellers found (attempt 1/3)
2026-09-16 11:36:50,039 - INFO - Clicking offer load-more control: a:has-text('See more')
2026-09-16 11:36:51,572 - INFO - AOD: No new sellers found (attempt 2/3)
AOD: No new sellers found (attempt 2/3)
2026-09-16 11:36:51,604 - INFO - Clicking offer load-more control: a:has-text('See more')
2026-09-16 11:36:53,153 - INFO - AOD: No new sellers found (attempt 3/3)
AOD: No new sellers found (attempt 3/3)
2026-09-16 11:36:53,188 - INFO - Clicking offer load-more control: a:has-text('See more')
2026-09-16 11:36:54,745 - INFO - Clicking offer load-more control: a:has-text('See more')
2026-09-16 11:36:56,271 - INFO - AOD: No new sellers found (attempt 1/3)
AOD: No new sellers found (attempt 1/3)
2026-09-16 11:36:56,304 - INFO - Clicking offer load-more control: a:has-text('See more')
2026-09-16 11:36:57,854 - INFO - AOD: No new sellers found (attempt 2/3)
AOD: No new sellers found (attempt 2/3)
2026-09-16 11:36:57,887 - INFO - Clicking offer load-more control: a:has-text('See more')
2026-09-16 11:36:59,437 - INFO - AOD: No new sellers found (attempt 3/3)
AOD: No new sellers found (attempt 3/3)
2026-09-16 11:36:59,455 - INFO - Clicking offer load-more control: a:has-text('See more')
2026-09-16 11:37:01,015 - INFO - Clicking offer load-more control: a:has-text('See more')
2026-09-16 11:37:02,554 - INFO - AOD: No new sellers found (attempt 1/3)
AOD: No new sellers found (attempt 1/3)
2026-09-16 11:37:02,586 - INFO - Clicking offer load-more control: a:has-text('See more')
2026-09-16 11:37:04,135 - INFO - AOD: No new sellers found (attempt 2/3)
AOD: No new sellers found (attempt 2/3)
2026-09-16 11:37:04,179 - INFO - Clicking offer load-more control: a:has-text('See more')
2026-09-16 11:37:05,703 - INFO - AOD: No new sellers found (attempt 3/3)
AOD: No new sellers found (attempt 3/3)
2026-09-16 11:37:05,721 - INFO - Clicking offer load-more control: a:has-text('See more')
2026-09-16 11:37:07,277 - INFO - Clicking offer load-more control: a:has-text('See more')
2026-09-16 11:37:08,805 - INFO - AOD: No new sellers found (attempt 1/3)
AOD: No new sellers found (attempt 1/3)
2026-09-16 11:37:08,838 - INFO - Clicking offer load-more control: a:has-text('See more')
2026-09-16 11:37:10,388 - INFO - AOD: No new sellers found (attempt 2/3)
AOD: No new sellers found (attempt 2/3)
2026-09-16 11:37:10,418 - INFO - Clicking offer load-more control: a:has-text('See more')
2026-09-16 11:37:11,971 - INFO - AOD: No new sellers found (attempt 3/3)
AOD: No new sellers found (attempt 3/3)
2026-09-16 11:37:11,991 - INFO - Clicking offer load-more control: a:has-text('See more')
2026-09-16 11:37:13,544 - INFO - Clicking offer load-more control: a:has-text('See more')
2026-09-16 11:37:15,088 - INFO - AOD: No new sellers found (attempt 1/3)
AOD: No new sellers found (attempt 1/3)
2026-09-16 11:37:15,122 - INFO - Clicking offer load-more control: a:has-text('See more')
2026-09-16 11:37:16,655 - INFO - AOD: No new sellers found (attempt 2/3)
AOD: No new sellers found (attempt 2/3)
2026-09-16 11:37:16,689 - INFO - Clicking offer load-more control: a:has-text('See more')
2026-09-16 11:37:18,237 - INFO - AOD: No new sellers found (attempt 3/3)
AOD: No new sellers found (attempt 3/3)
2026-09-16 11:37:18,255 - INFO - Clicking offer load-more control: a:has-text('See more')
2026-09-16 11:37:19,812 - INFO - Clicking offer load-more control: a:has-text('See more')
2026-09-16 11:37:21,337 - INFO - AOD: No new sellers found (attempt 1/3)
AOD: No new sellers found (attempt 1/3)
2026-09-16 11:37:21,369 - INFO - Clicking offer load-more control: a:has-text('See more')
2026-09-16 11:37:22,921 - INFO - AOD: No new sellers found (attempt 2/3)
AOD: No new sellers found (attempt 2/3)
2026-09-16 11:37:22,950 - INFO - Clicking offer load-more control: a:has-text('See more')
2026-09-16 11:37:24,491 - INFO - AOD: No new sellers found (attempt 3/3)
AOD: No new sellers found (attempt 3/3)
2026-09-16 11:37:24,509 - INFO - Clicking offer load-more control: a:has-text('See more')
2026-09-16 11:37:26,066 - INFO - Clicking offer load-more control: a:has-text('See more')
2026-09-16 11:37:27,604 - INFO - AOD: No new sellers found (attempt 1/3)
AOD: No new sellers found (attempt 1/3)
2026-09-16 11:37:27,638 - INFO - Clicking offer load-more control: a:has-text('See more')
2026-09-16 11:37:29,185 - INFO - AOD: No new sellers found (attempt 2/3)
AOD: No new sellers found (attempt 2/3)
2026-09-16 11:37:29,217 - INFO - Clicking offer load-more control: a:has-text('See more')
2026-09-16 11:37:30,770 - INFO - AOD: No new sellers found (attempt 3/3)
AOD: No new sellers found (attempt 3/3)
2026-09-16 11:37:30,788 - INFO - Clicking offer load-more control: a:has-text('See more')
2026-09-16 11:37:32,351 - INFO - Clicking offer load-more control: a:has-text('See more')
2026-09-16 11:37:33,901 - INFO - AOD: No new sellers found (attempt 1/3)
AOD: No new sellers found (attempt 1/3)
2026-09-16 11:37:33,932 - INFO - Clicking offer load-more control: a:has-text('See more')
2026-09-16 11:37:35,486 - INFO - AOD: No new sellers found (attempt 2/3)
AOD: No new sellers found (attempt 2/3)
2026-09-16 11:37:35,518 - INFO - Clicking offer load-more control: a:has-text('See more')
2026-09-16 11:37:37,069 - INFO - AOD: No new sellers found (attempt 3/3)
AOD: No new sellers found (attempt 3/3)
2026-09-16 11:37:37,087 - INFO - Clicking offer load-more control: a:has-text('See more')
2026-09-16 11:37:38,668 - INFO - Clicking offer load-more control: a:has-text('See more')
2026-09-16 11:37:40,219 - INFO - AOD: No new sellers found (attempt 1/3)
AOD: No new sellers found (attempt 1/3)
2026-09-16 11:37:40,251 - INFO - Clicking offer load-more control: a:has-text('See more')
2026-09-16 11:37:41,802 - INFO - AOD: No new sellers found (attempt 2/3)
AOD: No new sellers found (attempt 2/3)
2026-09-16 11:37:41,833 - INFO - Clicking offer load-more control: a:has-text('See more')
2026-09-16 11:37:43,386 - INFO - AOD: No new sellers found (attempt 3/3)
AOD: No new sellers found (attempt 3/3)
2026-09-16 11:37:43,404 - INFO - Clicking offer load-more control: a:has-text('See more')
2026-09-16 11:37:44,959 - INFO - Clicking offer load-more control: a:has-text('See more')
2026-09-16 11:37:46,485 - INFO - AOD: No new sellers found (attempt 1/3)
AOD: No new sellers found (attempt 1/3)
2026-09-16 11:37:46,517 - INFO - Clicking offer load-more control: a:has-text('See more')
2026-09-16 11:37:48,052 - INFO - AOD: No new sellers found (attempt 2/3)
AOD: No new sellers found (attempt 2/3)
2026-09-16 11:37:48,083 - INFO - Clicking offer load-more control: a:has-text('See more')
2026-09-16 11:37:49,635 - INFO - AOD: No new sellers found (attempt 3/3)
AOD: No new sellers found (attempt 3/3)
2026-09-16 11:37:49,654 - INFO - Clicking offer load-more control: a:has-text('See more')
2026-09-16 11:37:51,219 - INFO - Clicking offer load-more control: a:has-text('See more')
2026-09-16 11:37:52,768 - INFO - AOD: No new sellers found (attempt 1/3)
AOD: No new sellers found (attempt 1/3)
2026-09-16 11:37:52,800 - INFO - Clicking offer load-more control: a:has-text('See more')
2026-09-16 11:37:54,336 - INFO - AOD: No new sellers found (attempt 2/3)
AOD: No new sellers found (attempt 2/3)
2026-09-16 11:37:54,369 - INFO - Clicking offer load-more control: a:has-text('See more')
2026-09-16 11:37:55,918 - INFO - AOD: No new sellers found (attempt 3/3)
AOD: No new sellers found (attempt 3/3)
2026-09-16 11:37:55,936 - INFO - Clicking offer load-more control: a:has-text('See more')
2026-09-16 11:37:57,501 - INFO - Clicking offer load-more control: a:has-text('See more')
2026-09-16 11:37:59,050 - INFO - AOD: No new sellers found (attempt 1/3)
AOD: No new sellers found (attempt 1/3)
2026-09-16 11:37:59,082 - INFO - Clicking offer load-more control: a:has-text('See more')
2026-09-16 11:38:00,617 - INFO - AOD: No new sellers found (attempt 2/3)
AOD: No new sellers found (attempt 2/3)
2026-09-16 11:38:00,648 - INFO - Clicking offer load-more control: a:has-text('See more')
2026-09-16 11:38:02,200 - INFO - AOD: No new sellers found (attempt 3/3)
AOD: No new sellers found (attempt 3/3)
2026-09-16 11:38:02,219 - INFO - Clicking offer load-more control: a:has-text('See more')
2026-09-16 11:38:03,793 - INFO - Clicking offer load-more control: a:has-text('See more')
2026-09-16 11:38:05,317 - INFO - AOD: No new sellers found (attempt 1/3)
AOD: No new sellers found (attempt 1/3)
2026-09-16 11:38:05,350 - INFO - Clicking offer load-more control: a:has-text('See more')
2026-09-16 11:38:06,901 - INFO - AOD: No new sellers found (attempt 2/3)
AOD: No new sellers found (attempt 2/3)
2026-09-16 11:38:06,932 - INFO - Clicking offer load-more control: a:has-text('See more')
2026-09-16 11:38:08,483 - INFO - AOD: No new sellers found (attempt 3/3)
AOD: No new sellers found (attempt 3/3)
2026-09-16 11:38:08,504 - INFO - Clicking offer load-more control: a:has-text('See more')
2026-09-16 11:38:10,063 - INFO - Clicking offer load-more control: a:has-text('See more')
2026-09-16 11:38:11,585 - INFO - AOD: No new sellers found (attempt 1/3)
AOD: No new sellers found (attempt 1/3)
2026-09-16 11:38:11,592 - INFO - AOD EXTRACTION COMPLETE | ASIN: B0GH7Q9ZMJ | TOTAL UNIQUE SELLERS: 1

AOD EXTRACTION COMPLETE
ASIN: B0GH7Q9ZMJ
TOTAL UNIQUE SELLERS: 1

2026-09-16 11:38:11,592 - INFO - Opening Amazon seller profile page: https://www.amazon.in/gp/help/seller/at-a-glance.html/ref=dp_merchant_link?ie=UTF8&seller=A1AFVHBE40LE1J&asin=B0GH7Q9ZMJ&ref_=dp_merchant_link
2026-09-16 11:38:14,897 - INFO - [6/20] Processing product ASIN: B0FF47Z48L
2026-09-16 11:38:14,928 - INFO - Opening Amazon product page for multi-seller extraction: https://www.amazon.in/dp/B0FF47Z48L
2026-09-16 11:38:17,417 - INFO - PRODUCT: Hriday Foods 500ml White Round Disposable Food Containers - Set of 25 with Airtight Lids | Microwave Safe | Leak Proof & BPA Free | Meal Prep, Takeaway & Delivery
2026-09-16 11:38:17,417 - INFO - ASIN: B0FF47Z48L

PRODUCT: Hriday Foods 500ml White Round Disposable Food Containers - Set of 25 with Airtight Lids | Microwave Safe | Leak Proof & BPA Free | Meal Prep, Takeaway & Delivery
ASIN: B0FF47Z48L
2026-09-16 11:38:17,446 - INFO - BUY BOX SELLER: Poojnam Traders
BUY BOX SELLER: Poojnam Traders
2026-09-16 11:38:17,446 - INFO - AOD: Opening All Offers...
AOD: Opening All Offers...
2026-09-16 11:38:23,857 - INFO - AOD: Initial offers found: 0
AOD: Initial offers found: 0
2026-09-16 11:38:23,905 - INFO - Clicking offer load-more control: a:has-text('See more')
2026-09-16 11:38:25,453 - INFO - AOD: No new sellers found (attempt 1/3)
AOD: No new sellers found (attempt 1/3)
2026-09-16 11:38:25,497 - INFO - Clicking offer load-more control: a:has-text('See more')
2026-09-16 11:38:27,051 - INFO - AOD: No new sellers found (attempt 2/3)
AOD: No new sellers found (attempt 2/3)
2026-09-16 11:38:27,081 - INFO - Clicking offer load-more control: a:has-text('See more')
2026-09-16 11:38:28,632 - INFO - AOD: No new sellers found (attempt 3/3)
AOD: No new sellers found (attempt 3/3)
2026-09-16 11:38:28,652 - INFO - Clicking offer load-more control: a:has-text('See more')
2026-09-16 11:38:30,206 - INFO - Clicking offer load-more control: a:has-text('See more')
2026-09-16 11:38:31,732 - INFO - AOD: No new sellers found (attempt 1/3)
AOD: No new sellers found (attempt 1/3)
2026-09-16 11:38:31,762 - INFO - Clicking offer load-more control: a:has-text('See more')
2026-09-16 11:38:33,318 - INFO - AOD: No new sellers found (attempt 2/3)
AOD: No new sellers found (attempt 2/3)
2026-09-16 11:38:33,351 - INFO - Clicking offer load-more control: a:has-text('See more')
2026-09-16 11:38:34,883 - INFO - AOD: No new sellers found (attempt 3/3)
AOD: No new sellers found (attempt 3/3)
2026-09-16 11:38:34,905 - INFO - Clicking offer load-more control: a:has-text('See more')
2026-09-16 11:38:36,466 - INFO - Clicking offer load-more control: a:has-text('See more')
2026-09-16 11:38:37,999 - INFO - AOD: No new sellers found (attempt 1/3)
AOD: No new sellers found (attempt 1/3)
2026-09-16 11:38:38,029 - INFO - Clicking offer load-more control: a:has-text('See more')
2026-09-16 11:38:39,584 - INFO - AOD: No new sellers found (attempt 2/3)
AOD: No new sellers found (attempt 2/3)
2026-09-16 11:38:39,613 - INFO - Clicking offer load-more control: a:has-text('See more')
2026-09-16 11:38:41,167 - INFO - AOD: No new sellers found (attempt 3/3)
AOD: No new sellers found (attempt 3/3)
2026-09-16 11:38:41,185 - INFO - Clicking offer load-more control: a:has-text('See more')
2026-09-16 11:38:42,739 - INFO - Clicking offer load-more control: a:has-text('See more')
2026-09-16 11:38:44,266 - INFO - AOD: No new sellers found (attempt 1/3)
AOD: No new sellers found (attempt 1/3)
2026-09-16 11:38:44,297 - INFO - Clicking offer load-more control: a:has-text('See more')
2026-09-16 11:38:45,849 - INFO - AOD: No new sellers found (attempt 2/3)
AOD: No new sellers found (attempt 2/3)
2026-09-16 11:38:45,880 - INFO - Clicking offer load-more control: a:has-text('See more')
2026-09-16 11:38:47,434 - INFO - AOD: No new sellers found (attempt 3/3)
AOD: No new sellers found (attempt 3/3)
2026-09-16 11:38:47,452 - INFO - Clicking offer load-more control: a:has-text('See more')
2026-09-16 11:38:49,005 - INFO - Clicking offer load-more control: a:has-text('See more')
2026-09-16 11:38:50,532 - INFO - AOD: No new sellers found (attempt 1/3)
AOD: No new sellers found (attempt 1/3)
2026-09-16 11:38:50,563 - INFO - Clicking offer load-more control: a:has-text('See more')
2026-09-16 11:38:52,100 - INFO - AOD: No new sellers found (attempt 2/3)
AOD: No new sellers found (attempt 2/3)
2026-09-16 11:38:52,140 - INFO - Clicking offer load-more control: a:has-text('See more')
2026-09-16 11:38:53,665 - INFO - AOD: No new sellers found (attempt 3/3)
AOD: No new sellers found (attempt 3/3)
2026-09-16 11:38:53,683 - INFO - Clicking offer load-more control: a:has-text('See more')
2026-09-16 11:38:55,240 - INFO - Clicking offer load-more control: a:has-text('See more')
2026-09-16 11:38:56,766 - INFO - AOD: No new sellers found (attempt 1/3)
AOD: No new sellers found (attempt 1/3)
2026-09-16 11:38:56,795 - INFO - Clicking offer load-more control: a:has-text('See more')
2026-09-16 11:38:58,350 - INFO - AOD: No new sellers found (attempt 2/3)
AOD: No new sellers found (attempt 2/3)
2026-09-16 11:38:58,380 - INFO - Clicking offer load-more control: a:has-text('See more')
2026-09-16 11:38:59,931 - INFO - AOD: No new sellers found (attempt 3/3)
AOD: No new sellers found (attempt 3/3)
2026-09-16 11:38:59,950 - INFO - Clicking offer load-more control: a:has-text('See more')
2026-09-16 11:39:01,511 - INFO - Clicking offer load-more control: a:has-text('See more')
2026-09-16 11:39:03,033 - INFO - AOD: No new sellers found (attempt 1/3)
AOD: No new sellers found (attempt 1/3)
2026-09-16 11:39:03,063 - INFO - Clicking offer load-more control: a:has-text('See more')
2026-09-16 11:39:04,599 - INFO - AOD: No new sellers found (attempt 2/3)
AOD: No new sellers found (attempt 2/3)
2026-09-16 11:39:04,632 - INFO - Clicking offer load-more control: a:has-text('See more')
2026-09-16 11:39:06,182 - INFO - AOD: No new sellers found (attempt 3/3)
AOD: No new sellers found (attempt 3/3)
2026-09-16 11:39:06,200 - INFO - Clicking offer load-more control: a:has-text('See more')
2026-09-16 11:39:07,758 - INFO - Clicking offer load-more control: a:has-text('See more')
2026-09-16 11:39:09,281 - INFO - AOD: No new sellers found (attempt 1/3)
AOD: No new sellers found (attempt 1/3)
2026-09-16 11:39:09,312 - INFO - Clicking offer load-more control: a:has-text('See more')
2026-09-16 11:39:10,866 - INFO - AOD: No new sellers found (attempt 2/3)
AOD: No new sellers found (attempt 2/3)
2026-09-16 11:39:10,895 - INFO - Clicking offer load-more control: a:has-text('See more')
2026-09-16 11:39:12,449 - INFO - AOD: No new sellers found (attempt 3/3)
AOD: No new sellers found (attempt 3/3)
2026-09-16 11:39:12,467 - INFO - Clicking offer load-more control: a:has-text('See more')
2026-09-16 11:39:14,034 - INFO - Clicking offer load-more control: a:has-text('See more')
2026-09-16 11:39:15,584 - INFO - AOD: No new sellers found (attempt 1/3)
AOD: No new sellers found (attempt 1/3)
2026-09-16 11:39:15,615 - INFO - Clicking offer load-more control: a:has-text('See more')
2026-09-16 11:39:17,165 - INFO - AOD: No new sellers found (attempt 2/3)
AOD: No new sellers found (attempt 2/3)
2026-09-16 11:39:17,195 - INFO - Clicking offer load-more control: a:has-text('See more')
2026-09-16 11:39:18,749 - INFO - AOD: No new sellers found (attempt 3/3)
AOD: No new sellers found (attempt 3/3)
2026-09-16 11:39:18,768 - INFO - Clicking offer load-more control: a:has-text('See more')
2026-09-16 11:39:20,322 - INFO - Clicking offer load-more control: a:has-text('See more')
2026-09-16 11:39:21,849 - INFO - AOD: No new sellers found (attempt 1/3)
AOD: No new sellers found (attempt 1/3)
2026-09-16 11:39:21,888 - INFO - Clicking offer load-more control: a:has-text('See more')
2026-09-16 11:39:23,416 - INFO - AOD: No new sellers found (attempt 2/3)
AOD: No new sellers found (attempt 2/3)
2026-09-16 11:39:23,446 - INFO - Clicking offer load-more control: a:has-text('See more')
2026-09-16 11:39:25,000 - INFO - AOD: No new sellers found (attempt 3/3)
AOD: No new sellers found (attempt 3/3)
2026-09-16 11:39:25,019 - INFO - Clicking offer load-more control: a:has-text('See more')
2026-09-16 11:39:26,569 - INFO - Clicking offer load-more control: a:has-text('See more')
2026-09-16 11:39:28,099 - INFO - AOD: No new sellers found (attempt 1/3)
AOD: No new sellers found (attempt 1/3)
2026-09-16 11:39:28,129 - INFO - Clicking offer load-more control: a:has-text('See more')
2026-09-16 11:39:29,664 - INFO - AOD: No new sellers found (attempt 2/3)
AOD: No new sellers found (attempt 2/3)
2026-09-16 11:39:29,696 - INFO - Clicking offer load-more control: a:has-text('See more')
2026-09-16 11:39:31,247 - INFO - AOD: No new sellers found (attempt 3/3)
AOD: No new sellers found (attempt 3/3)
2026-09-16 11:39:31,266 - INFO - Clicking offer load-more control: a:has-text('See more')
2026-09-16 11:39:32,821 - INFO - Clicking offer load-more control: a:has-text('See more')
2026-09-16 11:39:34,349 - INFO - AOD: No new sellers found (attempt 1/3)
AOD: No new sellers found (attempt 1/3)
2026-09-16 11:39:34,389 - INFO - Clicking offer load-more control: a:has-text('See more')
2026-09-16 11:39:35,915 - INFO - AOD: No new sellers found (attempt 2/3)
AOD: No new sellers found (attempt 2/3)
2026-09-16 11:39:35,946 - INFO - Clicking offer load-more control: a:has-text('See more')
2026-09-16 11:39:37,498 - INFO - AOD: No new sellers found (attempt 3/3)
AOD: No new sellers found (attempt 3/3)
2026-09-16 11:39:37,517 - INFO - Clicking offer load-more control: a:has-text('See more')
2026-09-16 11:39:39,071 - INFO - Clicking offer load-more control: a:has-text('See more')
2026-09-16 11:39:40,599 - INFO - AOD: No new sellers found (attempt 1/3)
AOD: No new sellers found (attempt 1/3)
2026-09-16 11:39:40,630 - INFO - Clicking offer load-more control: a:has-text('See more')
2026-09-16 11:39:42,182 - INFO - AOD: No new sellers found (attempt 2/3)
AOD: No new sellers found (attempt 2/3)
2026-09-16 11:39:42,223 - INFO - Clicking offer load-more control: a:has-text('See more')
2026-09-16 11:39:43,766 - INFO - AOD: No new sellers found (attempt 3/3)
AOD: No new sellers found (attempt 3/3)
2026-09-16 11:39:43,784 - INFO - Clicking offer load-more control: a:has-text('See more')
2026-09-16 11:39:45,306 - WARNING - OFFER EXTRACTION TIMEOUT
ASIN: B0FF47Z48L
SELLERS COLLECTED: 1
STATUS: Continuing with collected sellers

OFFER EXTRACTION TIMEOUT
ASIN: B0FF47Z48L
SELLERS COLLECTED: 1
STATUS: Continuing with collected sellers

2026-09-16 11:39:45,306 - INFO - AOD EXTRACTION COMPLETE | ASIN: B0FF47Z48L | TOTAL UNIQUE SELLERS: 1

AOD EXTRACTION COMPLETE
ASIN: B0FF47Z48L
TOTAL UNIQUE SELLERS: 1

2026-09-16 11:39:45,307 - INFO - Opening Amazon seller profile page: https://www.amazon.in/gp/help/seller/at-a-glance.html/ref=dp_merchant_link?ie=UTF8&seller=A4TJKTQHANNJ5&asin=B0FF47Z48L&ref_=dp_merchant_link
2026-09-16 11:39:49,010 - INFO - [7/20] Processing product ASIN: B0H5513F4B
2026-09-16 11:39:49,050 - INFO - Opening Amazon product page for multi-seller extraction: https://www.amazon.in/dp/B0H5513F4B
2026-09-16 11:39:51,146 - INFO - PRODUCT: 1000ml Disposable Food Storage Containers with Lids (20 Pack) | BPA Free, Microwave Safe, Food Grade Plastic Containers for Meal Prep, Soup, Curry, Salad & Takeaway
2026-09-16 11:39:51,146 - INFO - ASIN: B0H5513F4B

PRODUCT: 1000ml Disposable Food Storage Containers with Lids (20 Pack) | BPA Free, Microwave Safe, Food Grade Plastic Containers for Meal Prep, Soup, Curry, Salad & Takeaway
ASIN: B0H5513F4B
2026-09-16 11:39:51,169 - INFO - BUY BOX SELLER: SHREE PARASNATH ENTERPRISES INDIA
BUY BOX SELLER: SHREE PARASNATH ENTERPRISES INDIA
2026-09-16 11:39:51,169 - INFO - AOD: Opening All Offers...
AOD: Opening All Offers...
2026-09-16 11:39:51,226 - INFO - AOD: Initial offers found: 0
AOD: Initial offers found: 0
2026-09-16 11:39:51,259 - INFO - Clicking offer load-more control: a:has-text('See more')
2026-09-16 11:39:52,815 - INFO - AOD: No new sellers found (attempt 1/3)
AOD: No new sellers found (attempt 1/3)
2026-09-16 11:39:52,842 - INFO - Clicking offer load-more control: a:has-text('See more')
2026-09-16 11:39:54,361 - INFO - AOD: No new sellers found (attempt 2/3)
AOD: No new sellers found (attempt 2/3)
2026-09-16 11:39:54,405 - INFO - Clicking offer load-more control: a:has-text('See more')
2026-09-16 11:39:55,928 - INFO - AOD: No new sellers found (attempt 3/3)
AOD: No new sellers found (attempt 3/3)
2026-09-16 11:39:55,958 - INFO - Clicking offer load-more control: a:has-text('See more')
2026-09-16 11:39:57,500 - INFO - Clicking offer load-more control: a:has-text('See more')
2026-09-16 11:39:59,028 - INFO - AOD: No new sellers found (attempt 1/3)
AOD: No new sellers found (attempt 1/3)
2026-09-16 11:39:59,055 - INFO - Clicking offer load-more control: a:has-text('See more')
2026-09-16 11:40:00,579 - INFO - AOD: No new sellers found (attempt 2/3)
AOD: No new sellers found (attempt 2/3)
2026-09-16 11:40:00,607 - INFO - Clicking offer load-more control: a:has-text('See more')
2026-09-16 11:40:02,127 - INFO - AOD: No new sellers found (attempt 3/3)
AOD: No new sellers found (attempt 3/3)
2026-09-16 11:40:02,144 - INFO - Clicking offer load-more control: a:has-text('See more')
2026-09-16 11:40:03,699 - INFO - Clicking offer load-more control: a:has-text('See more')
2026-09-16 11:40:05,230 - INFO - AOD: No new sellers found (attempt 1/3)
AOD: No new sellers found (attempt 1/3)
2026-09-16 11:40:05,256 - INFO - Clicking offer load-more control: a:has-text('See more')
2026-09-16 11:40:06,779 - INFO - AOD: No new sellers found (attempt 2/3)
AOD: No new sellers found (attempt 2/3)
2026-09-16 11:40:06,806 - INFO - Clicking offer load-more control: a:has-text('See more')
2026-09-16 11:40:08,327 - INFO - AOD: No new sellers found (attempt 3/3)
AOD: No new sellers found (attempt 3/3)
2026-09-16 11:40:08,344 - INFO - Clicking offer load-more control: a:has-text('See more')
2026-09-16 11:40:09,916 - INFO - Clicking offer load-more control: a:has-text('See more')
2026-09-16 11:40:11,463 - INFO - AOD: No new sellers found (attempt 1/3)
AOD: No new sellers found (attempt 1/3)
2026-09-16 11:40:11,490 - INFO - Clicking offer load-more control: a:has-text('See more')
2026-09-16 11:40:13,012 - INFO - AOD: No new sellers found (attempt 2/3)
AOD: No new sellers found (attempt 2/3)
2026-09-16 11:40:13,042 - INFO - Clicking offer load-more control: a:has-text('See more')
2026-09-16 11:40:14,594 - INFO - AOD: No new sellers found (attempt 3/3)
AOD: No new sellers found (attempt 3/3)
2026-09-16 11:40:14,611 - INFO - Clicking offer load-more control: a:has-text('See more')
2026-09-16 11:40:16,165 - INFO - Clicking offer load-more control: a:has-text('See more')
2026-09-16 11:40:17,695 - INFO - AOD: No new sellers found (attempt 1/3)
AOD: No new sellers found (attempt 1/3)
2026-09-16 11:40:17,721 - INFO - Clicking offer load-more control: a:has-text('See more')
2026-09-16 11:40:19,245 - INFO - AOD: No new sellers found (attempt 2/3)
AOD: No new sellers found (attempt 2/3)
2026-09-16 11:40:19,271 - INFO - Clicking offer load-more control: a:has-text('See more')
2026-09-16 11:40:20,794 - INFO - AOD: No new sellers found (attempt 3/3)
AOD: No new sellers found (attempt 3/3)
2026-09-16 11:40:20,811 - INFO - Clicking offer load-more control: a:has-text('See more')
2026-09-16 11:40:22,363 - INFO - Clicking offer load-more control: a:has-text('See more')
2026-09-16 11:40:23,895 - INFO - AOD: No new sellers found (attempt 1/3)
AOD: No new sellers found (attempt 1/3)
2026-09-16 11:40:23,922 - INFO - Clicking offer load-more control: a:has-text('See more')
2026-09-16 11:40:25,461 - INFO - AOD: No new sellers found (attempt 2/3)
AOD: No new sellers found (attempt 2/3)
2026-09-16 11:40:25,487 - INFO - Clicking offer load-more control: a:has-text('See more')
2026-09-16 11:40:27,011 - INFO - AOD: No new sellers found (attempt 3/3)
AOD: No new sellers found (attempt 3/3)
2026-09-16 11:40:27,029 - INFO - Clicking offer load-more control: a:has-text('See more')
2026-09-16 11:40:28,580 - INFO - Clicking offer load-more control: a:has-text('See more')
2026-09-16 11:40:30,109 - INFO - AOD: No new sellers found (attempt 1/3)
AOD: No new sellers found (attempt 1/3)
2026-09-16 11:40:30,137 - INFO - Clicking offer load-more control: a:has-text('See more')
2026-09-16 11:40:31,662 - INFO - AOD: No new sellers found (attempt 2/3)
AOD: No new sellers found (attempt 2/3)
2026-09-16 11:40:31,689 - INFO - Clicking offer load-more control: a:has-text('See more')
2026-09-16 11:40:33,212 - INFO - AOD: No new sellers found (attempt 3/3)
AOD: No new sellers found (attempt 3/3)
2026-09-16 11:40:33,229 - INFO - Clicking offer load-more control: a:has-text('See more')
2026-09-16 11:40:34,785 - INFO - Clicking offer load-more control: a:has-text('See more')
2026-09-16 11:40:36,311 - INFO - AOD: No new sellers found (attempt 1/3)
AOD: No new sellers found (attempt 1/3)
2026-09-16 11:40:36,338 - INFO - Clicking offer load-more control: a:has-text('See more')
2026-09-16 11:40:37,878 - INFO - AOD: No new sellers found (attempt 2/3)
AOD: No new sellers found (attempt 2/3)
2026-09-16 11:40:37,903 - INFO - Clicking offer load-more control: a:has-text('See more')
2026-09-16 11:40:39,428 - INFO - AOD: No new sellers found (attempt 3/3)
AOD: No new sellers found (attempt 3/3)
2026-09-16 11:40:39,444 - INFO - Clicking offer load-more control: a:has-text('See more')
2026-09-16 11:40:41,015 - INFO - Clicking offer load-more control: a:has-text('See more')
2026-09-16 11:40:42,542 - INFO - AOD: No new sellers found (attempt 1/3)
AOD: No new sellers found (attempt 1/3)
2026-09-16 11:40:42,567 - INFO - Clicking offer load-more control: a:has-text('See more')
2026-09-16 11:40:44,093 - INFO - AOD: No new sellers found (attempt 2/3)
AOD: No new sellers found (attempt 2/3)
2026-09-16 11:40:44,120 - INFO - Clicking offer load-more control: a:has-text('See more')
2026-09-16 11:40:45,643 - INFO - AOD: No new sellers found (attempt 3/3)
AOD: No new sellers found (attempt 3/3)
2026-09-16 11:40:45,659 - INFO - Clicking offer load-more control: a:has-text('See more')
2026-09-16 11:40:47,214 - INFO - Clicking offer load-more control: a:has-text('See more')
2026-09-16 11:40:48,744 - INFO - AOD: No new sellers found (attempt 1/3)
AOD: No new sellers found (attempt 1/3)
2026-09-16 11:40:48,771 - INFO - Clicking offer load-more control: a:has-text('See more')
2026-09-16 11:40:50,296 - INFO - AOD: No new sellers found (attempt 2/3)
AOD: No new sellers found (attempt 2/3)
2026-09-16 11:40:50,326 - INFO - Clicking offer load-more control: a:has-text('See more')
2026-09-16 11:40:51,877 - INFO - AOD: No new sellers found (attempt 3/3)
AOD: No new sellers found (attempt 3/3)
2026-09-16 11:40:51,894 - INFO - Clicking offer load-more control: a:has-text('See more')
2026-09-16 11:40:53,445 - INFO - Clicking offer load-more control: a:has-text('See more')
2026-09-16 11:40:54,977 - INFO - AOD: No new sellers found (attempt 1/3)
AOD: No new sellers found (attempt 1/3)
2026-09-16 11:40:55,004 - INFO - Clicking offer load-more control: a:has-text('See more')
2026-09-16 11:40:56,544 - INFO - AOD: No new sellers found (attempt 2/3)
AOD: No new sellers found (attempt 2/3)
2026-09-16 11:40:56,571 - INFO - Clicking offer load-more control: a:has-text('See more')
2026-09-16 11:40:58,093 - INFO - AOD: No new sellers found (attempt 3/3)
AOD: No new sellers found (attempt 3/3)
2026-09-16 11:40:58,109 - INFO - Clicking offer load-more control: a:has-text('See more')
2026-09-16 11:40:59,664 - INFO - Clicking offer load-more control: a:has-text('See more')
2026-09-16 11:41:01,193 - INFO - AOD: No new sellers found (attempt 1/3)
AOD: No new sellers found (attempt 1/3)
2026-09-16 11:41:01,220 - INFO - Clicking offer load-more control: a:has-text('See more')
2026-09-16 11:41:02,744 - INFO - AOD: No new sellers found (attempt 2/3)
AOD: No new sellers found (attempt 2/3)
2026-09-16 11:41:02,771 - INFO - Clicking offer load-more control: a:has-text('See more')
2026-09-16 11:41:04,310 - INFO - AOD: No new sellers found (attempt 3/3)
AOD: No new sellers found (attempt 3/3)
2026-09-16 11:41:04,327 - INFO - Clicking offer load-more control: a:has-text('See more')
2026-09-16 11:41:05,883 - INFO - Clicking offer load-more control: a:has-text('See more')
2026-09-16 11:41:07,410 - INFO - AOD: No new sellers found (attempt 1/3)
AOD: No new sellers found (attempt 1/3)
2026-09-16 11:41:07,436 - INFO - Clicking offer load-more control: a:has-text('See more')
2026-09-16 11:41:08,959 - INFO - AOD: No new sellers found (attempt 2/3)
AOD: No new sellers found (attempt 2/3)
2026-09-16 11:41:08,986 - INFO - Clicking offer load-more control: a:has-text('See more')
2026-09-16 11:41:10,508 - INFO - AOD: No new sellers found (attempt 3/3)
AOD: No new sellers found (attempt 3/3)
2026-09-16 11:41:10,525 - INFO - Clicking offer load-more control: a:has-text('See more')
2026-09-16 11:41:12,082 - INFO - Clicking offer load-more control: a:has-text('See more')
2026-09-16 11:41:13,626 - INFO - AOD: No new sellers found (attempt 1/3)
AOD: No new sellers found (attempt 1/3)
2026-09-16 11:41:13,633 - INFO - AOD EXTRACTION COMPLETE | ASIN: B0H5513F4B | TOTAL UNIQUE SELLERS: 1

AOD EXTRACTION COMPLETE
ASIN: B0H5513F4B
TOTAL UNIQUE SELLERS: 1

2026-09-16 11:41:13,633 - INFO - Opening Amazon seller profile page: https://www.amazon.in/gp/help/seller/at-a-glance.html/ref=dp_merchant_link?ie=UTF8&seller=A1Z0412WDH9IL1&asin=B0H5513F4B&ref_=dp_merchant_link
2026-09-16 11:41:17,057 - WARNING - CATEGORY TIMEOUT reached during product processing for 'Disposable Food Containers' (Elapsed: 647.0s)
2026-09-16 11:41:17,057 - INFO - Top businesses requested: 100, found: 6 for 'Disposable Food Containers'
2026-09-16 11:41:17,057 - INFO - Starting Phase 2 Deep Enrichment Waterfall for top 6 businesses...
2026-09-16 11:41:17,057 - WARNING - CATEGORY TIMEOUT reached during seller enrichment for 'Disposable Food Containers' (Elapsed: 647.0s)
2026-09-16 11:41:17,117 - INFO - Closed Playwright browser session safely

>>>>>>>>>>>>>>>>>>>>>>>>>>>>>>>>>>>>>>>>
BATCH CATEGORY [72/108]: 'Storage Pouches'
URL: https://www.amazon.in/s?k=Storage+Pouches
>>>>>>>>>>>>>>>>>>>>>>>>>>>>>>>>>>>>>>>>

2026-09-16 11:41:17,135 - INFO - Target Category: 'Storage Pouches'
2026-09-16 11:41:17,136 - INFO - Target URL: 'https://www.amazon.in/s?k=Storage+Pouches'
2026-09-16 11:41:17,539 - INFO - Created Amazon browser context generation 1
2026-09-16 11:41:17,539 - INFO - Started Playwright Chromium session (headless=True, timeout=30000ms, downloads=enabled)
2026-09-16 11:41:17,539 - INFO - Discovering products for category 'Storage Pouches' from https://www.amazon.in/s?k=Storage+Pouches...
2026-09-16 11:41:17,579 - INFO - Navigating to Amazon search page 1: https://www.amazon.in/s?k=Storage+Pouches
Opening Amazon...
Attempt: 1/3
Amazon page loaded
2026-09-16 11:41:18,716 - INFO - Found 0 raw product links on page 1
Products discovered: 0
2026-09-16 11:41:18,716 - INFO - Discovered 0 total unique product URLs so far
2026-09-16 11:41:18,720 - INFO - Discovered 0 products for category 'Storage Pouches'
2026-09-16 11:41:18,720 - INFO - Top businesses requested: 100, found: 0 for 'Storage Pouches'
2026-09-16 11:41:18,720 - INFO - Starting Phase 2 Deep Enrichment Waterfall for top 0 businesses...
2026-09-16 11:41:18,756 - INFO - Closed Playwright browser session safely

>>>>>>>>>>>>>>>>>>>>>>>>>>>>>>>>>>>>>>>>
BATCH CATEGORY [73/108]: 'Bath Additives'
URL: https://www.amazon.in/s?k=Bath+Additives
>>>>>>>>>>>>>>>>>>>>>>>>>>>>>>>>>>>>>>>>

2026-09-16 11:41:18,773 - INFO - Target Category: 'Bath Additives'
2026-09-16 11:41:18,774 - INFO - Target URL: 'https://www.amazon.in/s?k=Bath+Additives'
2026-09-16 11:41:19,172 - INFO - Created Amazon browser context generation 1
2026-09-16 11:41:19,172 - INFO - Started Playwright Chromium session (headless=True, timeout=30000ms, downloads=enabled)
2026-09-16 11:41:19,172 - INFO - Discovering products for category 'Bath Additives' from https://www.amazon.in/s?k=Bath+Additives...
2026-09-16 11:41:19,211 - INFO - Navigating to Amazon search page 1: https://www.amazon.in/s?k=Bath+Additives
Opening Amazon...
Attempt: 1/3
Amazon page loaded
2026-09-16 11:41:20,329 - INFO - Found 0 raw product links on page 1
Products discovered: 0
2026-09-16 11:41:20,329 - INFO - Discovered 0 total unique product URLs so far
2026-09-16 11:41:20,333 - INFO - Discovered 0 products for category 'Bath Additives'
2026-09-16 11:41:20,333 - INFO - Top businesses requested: 100, found: 0 for 'Bath Additives'
2026-09-16 11:41:20,333 - INFO - Starting Phase 2 Deep Enrichment Waterfall for top 0 businesses...
2026-09-16 11:41:20,372 - INFO - Closed Playwright browser session safely

>>>>>>>>>>>>>>>>>>>>>>>>>>>>>>>>>>>>>>>>
BATCH CATEGORY [74/108]: 'Bathing Accessories'
URL: https://www.amazon.in/s?k=Bathing+Accessories
>>>>>>>>>>>>>>>>>>>>>>>>>>>>>>>>>>>>>>>>

2026-09-16 11:41:20,389 - INFO - Target Category: 'Bathing Accessories'
2026-09-16 11:41:20,389 - INFO - Target URL: 'https://www.amazon.in/s?k=Bathing+Accessories'
2026-09-16 11:41:20,788 - INFO - Created Amazon browser context generation 1
2026-09-16 11:41:20,789 - INFO - Started Playwright Chromium session (headless=True, timeout=30000ms, downloads=enabled)
2026-09-16 11:41:20,789 - INFO - Discovering products for category 'Bathing Accessories' from https://www.amazon.in/s?k=Bathing+Accessories...
2026-09-16 11:41:20,832 - INFO - Navigating to Amazon search page 1: https://www.amazon.in/s?k=Bathing+Accessories
Opening Amazon...
Attempt: 1/3
Amazon page loaded
2026-09-16 11:41:21,983 - INFO - Found 0 raw product links on page 1
Products discovered: 0
2026-09-16 11:41:21,983 - INFO - Discovered 0 total unique product URLs so far
2026-09-16 11:41:21,987 - INFO - Discovered 0 products for category 'Bathing Accessories'
2026-09-16 11:41:21,987 - INFO - Top businesses requested: 100, found: 0 for 'Bathing Accessories'
2026-09-16 11:41:21,987 - INFO - Starting Phase 2 Deep Enrichment Waterfall for top 0 businesses...
2026-09-16 11:41:22,024 - INFO - Closed Playwright browser session safely

>>>>>>>>>>>>>>>>>>>>>>>>>>>>>>>>>>>>>>>>
BATCH CATEGORY [75/108]: 'Bath Essentials'
URL: https://www.amazon.in/s?k=Bath+Essentials
>>>>>>>>>>>>>>>>>>>>>>>>>>>>>>>>>>>>>>>>

2026-09-16 11:41:22,041 - INFO - Target Category: 'Bath Essentials'
2026-09-16 11:41:22,041 - INFO - Target URL: 'https://www.amazon.in/s?k=Bath+Essentials'
2026-09-16 11:41:22,436 - INFO - Created Amazon browser context generation 1
2026-09-16 11:41:22,436 - INFO - Started Playwright Chromium session (headless=True, timeout=30000ms, downloads=enabled)
2026-09-16 11:41:22,436 - INFO - Discovering products for category 'Bath Essentials' from https://www.amazon.in/s?k=Bath+Essentials...
2026-09-16 11:41:22,478 - INFO - Navigating to Amazon search page 1: https://www.amazon.in/s?k=Bath+Essentials
Opening Amazon...
Attempt: 1/3
Amazon page loaded
2026-09-16 11:41:23,615 - INFO - Found 0 raw product links on page 1
Products discovered: 0
2026-09-16 11:41:23,615 - INFO - Discovered 0 total unique product URLs so far
2026-09-16 11:41:23,619 - INFO - Discovered 0 products for category 'Bath Essentials'
2026-09-16 11:41:23,619 - INFO - Top businesses requested: 100, found: 0 for 'Bath Essentials'
2026-09-16 11:41:23,619 - INFO - Starting Phase 2 Deep Enrichment Waterfall for top 0 businesses...
2026-09-16 11:41:23,653 - INFO - Closed Playwright browser session safely

>>>>>>>>>>>>>>>>>>>>>>>>>>>>>>>>>>>>>>>>
BATCH CATEGORY [76/108]: 'Bath Sets & Kits'
URL: https://www.amazon.in/s?k=Bath+Sets+%26+Kits
>>>>>>>>>>>>>>>>>>>>>>>>>>>>>>>>>>>>>>>>

2026-09-16 11:41:23,669 - INFO - Target Category: 'Bath Sets & Kits'
2026-09-16 11:41:23,669 - INFO - Target URL: 'https://www.amazon.in/s?k=Bath+Sets+%26+Kits'
2026-09-16 11:41:24,073 - INFO - Created Amazon browser context generation 1
2026-09-16 11:41:24,073 - INFO - Started Playwright Chromium session (headless=True, timeout=30000ms, downloads=enabled)
2026-09-16 11:41:24,073 - INFO - Discovering products for category 'Bath Sets & Kits' from https://www.amazon.in/s?k=Bath+Sets+%26+Kits...
2026-09-16 11:41:24,115 - INFO - Navigating to Amazon search page 1: https://www.amazon.in/s?k=Bath+Sets+%26+Kits
Opening Amazon...
Attempt: 1/3
Amazon page loaded
2026-09-16 11:41:25,285 - INFO - Found 0 raw product links on page 1
Products discovered: 0
2026-09-16 11:41:25,285 - INFO - Discovered 0 total unique product URLs so far
2026-09-16 11:41:25,289 - INFO - Discovered 0 products for category 'Bath Sets & Kits'
2026-09-16 11:41:25,289 - INFO - Top businesses requested: 100, found: 0 for 'Bath Sets & Kits'
2026-09-16 11:41:25,289 - INFO - Starting Phase 2 Deep Enrichment Waterfall for top 0 businesses...
2026-09-16 11:41:25,329 - INFO - Closed Playwright browser session safely

>>>>>>>>>>>>>>>>>>>>>>>>>>>>>>>>>>>>>>>>
BATCH CATEGORY [77/108]: 'Body Scrubs'
URL: https://www.amazon.in/s?k=Body+Scrubs
>>>>>>>>>>>>>>>>>>>>>>>>>>>>>>>>>>>>>>>>

2026-09-16 11:41:25,346 - INFO - Target Category: 'Body Scrubs'
2026-09-16 11:41:25,346 - INFO - Target URL: 'https://www.amazon.in/s?k=Body+Scrubs'
2026-09-16 11:41:25,746 - INFO - Created Amazon browser context generation 1
2026-09-16 11:41:25,746 - INFO - Started Playwright Chromium session (headless=True, timeout=30000ms, downloads=enabled)
2026-09-16 11:41:25,746 - INFO - Discovering products for category 'Body Scrubs' from https://www.amazon.in/s?k=Body+Scrubs...
2026-09-16 11:41:25,794 - INFO - Navigating to Amazon search page 1: https://www.amazon.in/s?k=Body+Scrubs
Opening Amazon...
Attempt: 1/3
Amazon page loaded
2026-09-16 11:41:26,940 - INFO - Found 0 raw product links on page 1
Products discovered: 0
2026-09-16 11:41:26,940 - INFO - Discovered 0 total unique product URLs so far
2026-09-16 11:41:26,944 - INFO - Discovered 0 products for category 'Body Scrubs'
2026-09-16 11:41:26,944 - INFO - Top businesses requested: 100, found: 0 for 'Body Scrubs'
2026-09-16 11:41:26,944 - INFO - Starting Phase 2 Deep Enrichment Waterfall for top 0 businesses...
2026-09-16 11:41:26,980 - INFO - Closed Playwright browser session safely

>>>>>>>>>>>>>>>>>>>>>>>>>>>>>>>>>>>>>>>>
BATCH CATEGORY [78/108]: 'Body Washes'
URL: https://www.amazon.in/s?k=Body+Washes
>>>>>>>>>>>>>>>>>>>>>>>>>>>>>>>>>>>>>>>>

2026-09-16 11:41:26,997 - INFO - Target Category: 'Body Washes'
2026-09-16 11:41:26,997 - INFO - Target URL: 'https://www.amazon.in/s?k=Body+Washes'
2026-09-16 11:41:27,389 - INFO - Created Amazon browser context generation 1
2026-09-16 11:41:27,389 - INFO - Started Playwright Chromium session (headless=True, timeout=30000ms, downloads=enabled)
2026-09-16 11:41:27,389 - INFO - Discovering products for category 'Body Washes' from https://www.amazon.in/s?k=Body+Washes...
2026-09-16 11:41:27,438 - INFO - Navigating to Amazon search page 1: https://www.amazon.in/s?k=Body+Washes
Opening Amazon...
Attempt: 1/3
Amazon page loaded
2026-09-16 11:41:28,593 - INFO - Found 0 raw product links on page 1
Products discovered: 0
2026-09-16 11:41:28,593 - INFO - Discovered 0 total unique product URLs so far
2026-09-16 11:41:28,597 - INFO - Discovered 0 products for category 'Body Washes'
2026-09-16 11:41:28,597 - INFO - Top businesses requested: 100, found: 0 for 'Body Washes'
2026-09-16 11:41:28,597 - INFO - Starting Phase 2 Deep Enrichment Waterfall for top 0 businesses...
2026-09-16 11:41:28,633 - INFO - Closed Playwright browser session safely

>>>>>>>>>>>>>>>>>>>>>>>>>>>>>>>>>>>>>>>>
BATCH CATEGORY [79/108]: 'Cleansers'
URL: https://www.amazon.in/s?k=Cleansers
>>>>>>>>>>>>>>>>>>>>>>>>>>>>>>>>>>>>>>>>

2026-09-16 11:41:28,650 - INFO - Target Category: 'Cleansers'
2026-09-16 11:41:28,650 - INFO - Target URL: 'https://www.amazon.in/s?k=Cleansers'
2026-09-16 11:41:29,049 - INFO - Created Amazon browser context generation 1
2026-09-16 11:41:29,049 - INFO - Started Playwright Chromium session (headless=True, timeout=30000ms, downloads=enabled)
2026-09-16 11:41:29,049 - INFO - Discovering products for category 'Cleansers' from https://www.amazon.in/s?k=Cleansers...
2026-09-16 11:41:29,087 - INFO - Navigating to Amazon search page 1: https://www.amazon.in/s?k=Cleansers
Opening Amazon...
Attempt: 1/3
Amazon page loaded
2026-09-16 11:41:30,201 - INFO - Found 0 raw product links on page 1
Products discovered: 0
2026-09-16 11:41:30,201 - INFO - Discovered 0 total unique product URLs so far
2026-09-16 11:41:30,205 - INFO - Discovered 0 products for category 'Cleansers'
2026-09-16 11:41:30,205 - INFO - Top businesses requested: 100, found: 0 for 'Cleansers'
2026-09-16 11:41:30,205 - INFO - Starting Phase 2 Deep Enrichment Waterfall for top 0 businesses...
2026-09-16 11:41:30,241 - INFO - Closed Playwright browser session safely

>>>>>>>>>>>>>>>>>>>>>>>>>>>>>>>>>>>>>>>>
BATCH CATEGORY [80/108]: 'Deodorants & Antiperspirants'
URL: https://www.amazon.in/s?k=Deodorants+%26+Antiperspirants
>>>>>>>>>>>>>>>>>>>>>>>>>>>>>>>>>>>>>>>>

2026-09-16 11:41:30,258 - INFO - Target Category: 'Deodorants & Antiperspirants'
2026-09-16 11:41:30,258 - INFO - Target URL: 'https://www.amazon.in/s?k=Deodorants+%26+Antiperspirants'
2026-09-16 11:41:30,652 - INFO - Created Amazon browser context generation 1
2026-09-16 11:41:30,652 - INFO - Started Playwright Chromium session (headless=True, timeout=30000ms, downloads=enabled)
2026-09-16 11:41:30,652 - INFO - Discovering products for category 'Deodorants & Antiperspirants' from https://www.amazon.in/s?k=Deodorants+%26+Antiperspirants...
2026-09-16 11:41:30,698 - INFO - Navigating to Amazon search page 1: https://www.amazon.in/s?k=Deodorants+%26+Antiperspirants
Opening Amazon...
Attempt: 1/3
Amazon page loaded
2026-09-16 11:41:31,808 - INFO - Found 0 raw product links on page 1
Products discovered: 0
2026-09-16 11:41:31,809 - INFO - Discovered 0 total unique product URLs so far
2026-09-16 11:41:31,813 - INFO - Discovered 0 products for category 'Deodorants & Antiperspirants'
2026-09-16 11:41:31,813 - INFO - Top businesses requested: 100, found: 0 for 'Deodorants & Antiperspirants'
2026-09-16 11:41:31,813 - INFO - Starting Phase 2 Deep Enrichment Waterfall for top 0 businesses...
2026-09-16 11:41:31,852 - INFO - Closed Playwright browser session safely

>>>>>>>>>>>>>>>>>>>>>>>>>>>>>>>>>>>>>>>>
BATCH CATEGORY [81/108]: 'Eau de Toilette'
URL: https://www.amazon.in/s?k=Eau+de+Toilette
>>>>>>>>>>>>>>>>>>>>>>>>>>>>>>>>>>>>>>>>

2026-09-16 11:41:31,870 - INFO - Target Category: 'Eau de Toilette'
2026-09-16 11:41:31,870 - INFO - Target URL: 'https://www.amazon.in/s?k=Eau+de+Toilette'
2026-09-16 11:41:32,268 - INFO - Created Amazon browser context generation 1
2026-09-16 11:41:32,268 - INFO - Started Playwright Chromium session (headless=True, timeout=30000ms, downloads=enabled)
2026-09-16 11:41:32,268 - INFO - Discovering products for category 'Eau de Toilette' from https://www.amazon.in/s?k=Eau+de+Toilette...
2026-09-16 11:41:32,314 - INFO - Navigating to Amazon search page 1: https://www.amazon.in/s?k=Eau+de+Toilette
Opening Amazon...
Attempt: 1/3
Amazon page loaded
2026-09-16 11:41:33,446 - INFO - Found 0 raw product links on page 1
Products discovered: 0
2026-09-16 11:41:33,446 - INFO - Discovered 0 total unique product URLs so far
2026-09-16 11:41:33,451 - INFO - Discovered 0 products for category 'Eau de Toilette'
2026-09-16 11:41:33,451 - INFO - Top businesses requested: 100, found: 0 for 'Eau de Toilette'
2026-09-16 11:41:33,451 - INFO - Starting Phase 2 Deep Enrichment Waterfall for top 0 businesses...
2026-09-16 11:41:33,486 - INFO - Closed Playwright browser session safely

>>>>>>>>>>>>>>>>>>>>>>>>>>>>>>>>>>>>>>>>
BATCH CATEGORY [82/108]: 'Eau de Parfum'
URL: https://www.amazon.in/s?k=Eau+de+Parfum
>>>>>>>>>>>>>>>>>>>>>>>>>>>>>>>>>>>>>>>>

2026-09-16 11:41:33,503 - INFO - Target Category: 'Eau de Parfum'
2026-09-16 11:41:33,503 - INFO - Target URL: 'https://www.amazon.in/s?k=Eau+de+Parfum'
2026-09-16 11:41:33,903 - INFO - Created Amazon browser context generation 1
2026-09-16 11:41:33,903 - INFO - Started Playwright Chromium session (headless=True, timeout=30000ms, downloads=enabled)
2026-09-16 11:41:33,903 - INFO - Discovering products for category 'Eau de Parfum' from https://www.amazon.in/s?k=Eau+de+Parfum...
2026-09-16 11:41:33,945 - INFO - Navigating to Amazon search page 1: https://www.amazon.in/s?k=Eau+de+Parfum
Opening Amazon...
Attempt: 1/3
Amazon page loaded
2026-09-16 11:41:35,104 - INFO - Found 0 raw product links on page 1
Products discovered: 0
2026-09-16 11:41:35,104 - INFO - Discovered 0 total unique product URLs so far
2026-09-16 11:41:35,108 - INFO - Discovered 0 products for category 'Eau de Parfum'
2026-09-16 11:41:35,108 - INFO - Top businesses requested: 100, found: 0 for 'Eau de Parfum'
2026-09-16 11:41:35,108 - INFO - Starting Phase 2 Deep Enrichment Waterfall for top 0 businesses...
2026-09-16 11:41:35,146 - INFO - Closed Playwright browser session safely

>>>>>>>>>>>>>>>>>>>>>>>>>>>>>>>>>>>>>>>>
BATCH CATEGORY [83/108]: 'Eau de Cologne'
URL: https://www.amazon.in/s?k=Eau+de+Cologne
>>>>>>>>>>>>>>>>>>>>>>>>>>>>>>>>>>>>>>>>

2026-09-16 11:41:35,163 - INFO - Target Category: 'Eau de Cologne'
2026-09-16 11:41:35,163 - INFO - Target URL: 'https://www.amazon.in/s?k=Eau+de+Cologne'
2026-09-16 11:41:35,562 - INFO - Created Amazon browser context generation 1
2026-09-16 11:41:35,562 - INFO - Started Playwright Chromium session (headless=True, timeout=30000ms, downloads=enabled)
2026-09-16 11:41:35,562 - INFO - Discovering products for category 'Eau de Cologne' from https://www.amazon.in/s?k=Eau+de+Cologne...
2026-09-16 11:41:35,601 - INFO - Navigating to Amazon search page 1: https://www.amazon.in/s?k=Eau+de+Cologne
Opening Amazon...
Attempt: 1/3
Amazon page loaded
2026-09-16 11:41:36,760 - INFO - Found 0 raw product links on page 1
Products discovered: 0
2026-09-16 11:41:36,760 - INFO - Discovered 0 total unique product URLs so far
2026-09-16 11:41:36,763 - INFO - Discovered 0 products for category 'Eau de Cologne'
2026-09-16 11:41:36,764 - INFO - Top businesses requested: 100, found: 0 for 'Eau de Cologne'
2026-09-16 11:41:36,764 - INFO - Starting Phase 2 Deep Enrichment Waterfall for top 0 businesses...
2026-09-16 11:41:36,801 - INFO - Closed Playwright browser session safely

>>>>>>>>>>>>>>>>>>>>>>>>>>>>>>>>>>>>>>>>
BATCH CATEGORY [84/108]: 'Perfume'
URL: https://www.amazon.in/s?k=Perfume
>>>>>>>>>>>>>>>>>>>>>>>>>>>>>>>>>>>>>>>>

2026-09-16 11:41:36,819 - INFO - Target Category: 'Perfume'
2026-09-16 11:41:36,819 - INFO - Target URL: 'https://www.amazon.in/s?k=Perfume'
2026-09-16 11:41:37,226 - INFO - Created Amazon browser context generation 1
2026-09-16 11:41:37,226 - INFO - Started Playwright Chromium session (headless=True, timeout=30000ms, downloads=enabled)
2026-09-16 11:41:37,226 - INFO - Discovering products for category 'Perfume' from https://www.amazon.in/s?k=Perfume...
2026-09-16 11:41:37,264 - INFO - Navigating to Amazon search page 1: https://www.amazon.in/s?k=Perfume
Opening Amazon...
Attempt: 1/3
Amazon page loaded
2026-09-16 11:41:38,379 - INFO - Found 0 raw product links on page 1
Products discovered: 0
2026-09-16 11:41:38,379 - INFO - Discovered 0 total unique product URLs so far
2026-09-16 11:41:38,384 - INFO - Discovered 0 products for category 'Perfume'
2026-09-16 11:41:38,384 - INFO - Top businesses requested: 100, found: 0 for 'Perfume'
2026-09-16 11:41:38,384 - INFO - Starting Phase 2 Deep Enrichment Waterfall for top 0 businesses...
2026-09-16 11:41:38,422 - INFO - Closed Playwright browser session safely

>>>>>>>>>>>>>>>>>>>>>>>>>>>>>>>>>>>>>>>>
BATCH CATEGORY [85/108]: 'Attar'
URL: https://www.amazon.in/s?k=Attar
>>>>>>>>>>>>>>>>>>>>>>>>>>>>>>>>>>>>>>>>

2026-09-16 11:41:38,438 - INFO - Target Category: 'Attar'
2026-09-16 11:41:38,438 - INFO - Target URL: 'https://www.amazon.in/s?k=Attar'
2026-09-16 11:41:38,837 - INFO - Created Amazon browser context generation 1
2026-09-16 11:41:38,837 - INFO - Started Playwright Chromium session (headless=True, timeout=30000ms, downloads=enabled)
2026-09-16 11:41:38,837 - INFO - Discovering products for category 'Attar' from https://www.amazon.in/s?k=Attar...
2026-09-16 11:41:38,878 - INFO - Navigating to Amazon search page 1: https://www.amazon.in/s?k=Attar
Opening Amazon...
Attempt: 1/3
Amazon page loaded
2026-09-16 11:41:40,025 - INFO - Found 0 raw product links on page 1
Products discovered: 0
2026-09-16 11:41:40,025 - INFO - Discovered 0 total unique product URLs so far
2026-09-16 11:41:40,029 - INFO - Discovered 0 products for category 'Attar'
2026-09-16 11:41:40,029 - INFO - Top businesses requested: 100, found: 0 for 'Attar'
2026-09-16 11:41:40,029 - INFO - Starting Phase 2 Deep Enrichment Waterfall for top 0 businesses...
2026-09-16 11:41:40,063 - INFO - Closed Playwright browser session safely

>>>>>>>>>>>>>>>>>>>>>>>>>>>>>>>>>>>>>>>>
BATCH CATEGORY [86/108]: 'Body Sprays & Mists'
URL: https://www.amazon.in/s?k=Body+Sprays+%26+Mists
>>>>>>>>>>>>>>>>>>>>>>>>>>>>>>>>>>>>>>>>

2026-09-16 11:41:40,081 - INFO - Target Category: 'Body Sprays & Mists'
2026-09-16 11:41:40,081 - INFO - Target URL: 'https://www.amazon.in/s?k=Body+Sprays+%26+Mists'
2026-09-16 11:41:40,481 - INFO - Created Amazon browser context generation 1
2026-09-16 11:41:40,481 - INFO - Started Playwright Chromium session (headless=True, timeout=30000ms, downloads=enabled)
2026-09-16 11:41:40,481 - INFO - Discovering products for category 'Body Sprays & Mists' from https://www.amazon.in/s?k=Body+Sprays+%26+Mists...
2026-09-16 11:41:40,537 - INFO - Navigating to Amazon search page 1: https://www.amazon.in/s?k=Body+Sprays+%26+Mists
Opening Amazon...
Attempt: 1/3
Amazon page loaded
2026-09-16 11:41:41,727 - INFO - Found 0 raw product links on page 1
Products discovered: 0
2026-09-16 11:41:41,727 - INFO - Discovered 0 total unique product URLs so far
2026-09-16 11:41:41,730 - INFO - Discovered 0 products for category 'Body Sprays & Mists'
2026-09-16 11:41:41,731 - INFO - Top businesses requested: 100, found: 0 for 'Body Sprays & Mists'
2026-09-16 11:41:41,731 - INFO - Starting Phase 2 Deep Enrichment Waterfall for top 0 businesses...
2026-09-16 11:41:41,770 - INFO - Closed Playwright browser session safely

>>>>>>>>>>>>>>>>>>>>>>>>>>>>>>>>>>>>>>>>
BATCH CATEGORY [87/108]: 'Sets'
URL: https://www.amazon.in/s?k=Sets
>>>>>>>>>>>>>>>>>>>>>>>>>>>>>>>>>>>>>>>>

2026-09-16 11:41:41,787 - INFO - Target Category: 'Sets'
2026-09-16 11:41:41,787 - INFO - Target URL: 'https://www.amazon.in/s?k=Sets'
2026-09-16 11:41:42,188 - INFO - Created Amazon browser context generation 1
2026-09-16 11:41:42,188 - INFO - Started Playwright Chromium session (headless=True, timeout=30000ms, downloads=enabled)
2026-09-16 11:41:42,188 - INFO - Discovering products for category 'Sets' from https://www.amazon.in/s?k=Sets...
2026-09-16 11:41:42,239 - INFO - Navigating to Amazon search page 1: https://www.amazon.in/s?k=Sets
Opening Amazon...
Attempt: 1/3
Amazon page loaded
2026-09-16 11:41:43,351 - INFO - Found 0 raw product links on page 1
Products discovered: 0
2026-09-16 11:41:43,351 - INFO - Discovered 0 total unique product URLs so far
2026-09-16 11:41:43,354 - INFO - Discovered 0 products for category 'Sets'
2026-09-16 11:41:43,354 - INFO - Top businesses requested: 100, found: 0 for 'Sets'
2026-09-16 11:41:43,354 - INFO - Starting Phase 2 Deep Enrichment Waterfall for top 0 businesses...
2026-09-16 11:41:43,395 - INFO - Closed Playwright browser session safely

>>>>>>>>>>>>>>>>>>>>>>>>>>>>>>>>>>>>>>>>
BATCH CATEGORY [88/108]: 'Detanglers'
URL: https://www.amazon.in/s?k=Detanglers
>>>>>>>>>>>>>>>>>>>>>>>>>>>>>>>>>>>>>>>>

2026-09-16 11:41:43,411 - INFO - Target Category: 'Detanglers'
2026-09-16 11:41:43,412 - INFO - Target URL: 'https://www.amazon.in/s?k=Detanglers'
2026-09-16 11:41:43,810 - INFO - Created Amazon browser context generation 1
2026-09-16 11:41:43,810 - INFO - Started Playwright Chromium session (headless=True, timeout=30000ms, downloads=enabled)
2026-09-16 11:41:43,810 - INFO - Discovering products for category 'Detanglers' from https://www.amazon.in/s?k=Detanglers...
2026-09-16 11:41:43,855 - INFO - Navigating to Amazon search page 1: https://www.amazon.in/s?k=Detanglers
Opening Amazon...
Attempt: 1/3
Amazon page loaded
2026-09-16 11:41:44,974 - INFO - Found 0 raw product links on page 1
Products discovered: 0
2026-09-16 11:41:44,974 - INFO - Discovered 0 total unique product URLs so far
2026-09-16 11:41:44,978 - INFO - Discovered 0 products for category 'Detanglers'
2026-09-16 11:41:44,978 - INFO - Top businesses requested: 100, found: 0 for 'Detanglers'
2026-09-16 11:41:44,978 - INFO - Starting Phase 2 Deep Enrichment Waterfall for top 0 businesses...
2026-09-16 11:41:45,018 - INFO - Closed Playwright browser session safely

>>>>>>>>>>>>>>>>>>>>>>>>>>>>>>>>>>>>>>>>
BATCH CATEGORY [89/108]: 'Hair Care sets'
URL: https://www.amazon.in/s?k=Hair+Care+sets
>>>>>>>>>>>>>>>>>>>>>>>>>>>>>>>>>>>>>>>>

2026-09-16 11:41:45,035 - INFO - Target Category: 'Hair Care sets'
2026-09-16 11:41:45,035 - INFO - Target URL: 'https://www.amazon.in/s?k=Hair+Care+sets'
2026-09-16 11:41:45,429 - INFO - Created Amazon browser context generation 1
2026-09-16 11:41:45,429 - INFO - Started Playwright Chromium session (headless=True, timeout=30000ms, downloads=enabled)
2026-09-16 11:41:45,429 - INFO - Discovering products for category 'Hair Care sets' from https://www.amazon.in/s?k=Hair+Care+sets...
2026-09-16 11:41:45,476 - INFO - Navigating to Amazon search page 1: https://www.amazon.in/s?k=Hair+Care+sets
Opening Amazon...
Attempt: 1/3
Amazon page loaded
2026-09-16 11:41:46,611 - INFO - Found 0 raw product links on page 1
Products discovered: 0
2026-09-16 11:41:46,611 - INFO - Discovered 0 total unique product URLs so far
2026-09-16 11:41:46,615 - INFO - Discovered 0 products for category 'Hair Care sets'
2026-09-16 11:41:46,615 - INFO - Top businesses requested: 100, found: 0 for 'Hair Care sets'
2026-09-16 11:41:46,615 - INFO - Starting Phase 2 Deep Enrichment Waterfall for top 0 businesses...
2026-09-16 11:41:46,652 - INFO - Closed Playwright browser session safely

>>>>>>>>>>>>>>>>>>>>>>>>>>>>>>>>>>>>>>>>
BATCH CATEGORY [90/108]: 'Hair Color'
URL: https://www.amazon.in/s?k=Hair+Color
>>>>>>>>>>>>>>>>>>>>>>>>>>>>>>>>>>>>>>>>

2026-09-16 11:41:46,669 - INFO - Target Category: 'Hair Color'
2026-09-16 11:41:46,669 - INFO - Target URL: 'https://www.amazon.in/s?k=Hair+Color'
2026-09-16 11:41:47,077 - INFO - Created Amazon browser context generation 1
2026-09-16 11:41:47,077 - INFO - Started Playwright Chromium session (headless=True, timeout=30000ms, downloads=enabled)
2026-09-16 11:41:47,077 - INFO - Discovering products for category 'Hair Color' from https://www.amazon.in/s?k=Hair+Color...
2026-09-16 11:41:47,118 - INFO - Navigating to Amazon search page 1: https://www.amazon.in/s?k=Hair+Color
Opening Amazon...
Attempt: 1/3
Amazon page loaded
2026-09-16 11:41:48,250 - INFO - Found 0 raw product links on page 1
Products discovered: 0
2026-09-16 11:41:48,250 - INFO - Discovered 0 total unique product URLs so far
2026-09-16 11:41:48,254 - INFO - Discovered 0 products for category 'Hair Color'
2026-09-16 11:41:48,254 - INFO - Top businesses requested: 100, found: 0 for 'Hair Color'
2026-09-16 11:41:48,254 - INFO - Starting Phase 2 Deep Enrichment Waterfall for top 0 businesses...
2026-09-16 11:41:48,293 - INFO - Closed Playwright browser session safely

>>>>>>>>>>>>>>>>>>>>>>>>>>>>>>>>>>>>>>>>
BATCH CATEGORY [91/108]: 'Hair Cutting Tools'
URL: https://www.amazon.in/s?k=Hair+Cutting+Tools
>>>>>>>>>>>>>>>>>>>>>>>>>>>>>>>>>>>>>>>>

2026-09-16 11:41:48,310 - INFO - Target Category: 'Hair Cutting Tools'
2026-09-16 11:41:48,310 - INFO - Target URL: 'https://www.amazon.in/s?k=Hair+Cutting+Tools'
2026-09-16 11:41:48,706 - INFO - Created Amazon browser context generation 1
2026-09-16 11:41:48,707 - INFO - Started Playwright Chromium session (headless=True, timeout=30000ms, downloads=enabled)
2026-09-16 11:41:48,707 - INFO - Discovering products for category 'Hair Cutting Tools' from https://www.amazon.in/s?k=Hair+Cutting+Tools...
2026-09-16 11:41:48,752 - INFO - Navigating to Amazon search page 1: https://www.amazon.in/s?k=Hair+Cutting+Tools
Opening Amazon...
Attempt: 1/3
Amazon page loaded
2026-09-16 11:41:49,923 - INFO - Found 0 raw product links on page 1
Products discovered: 0
2026-09-16 11:41:49,923 - INFO - Discovered 0 total unique product URLs so far
2026-09-16 11:41:49,927 - INFO - Discovered 0 products for category 'Hair Cutting Tools'
2026-09-16 11:41:49,927 - INFO - Top businesses requested: 100, found: 0 for 'Hair Cutting Tools'
2026-09-16 11:41:49,927 - INFO - Starting Phase 2 Deep Enrichment Waterfall for top 0 businesses...
2026-09-16 11:41:49,960 - INFO - Closed Playwright browser session safely

>>>>>>>>>>>>>>>>>>>>>>>>>>>>>>>>>>>>>>>>
BATCH CATEGORY [92/108]: 'Hair Extensions & Wigs'
URL: https://www.amazon.in/s?k=Hair+Extensions+%26+Wigs
>>>>>>>>>>>>>>>>>>>>>>>>>>>>>>>>>>>>>>>>

2026-09-16 11:41:49,977 - INFO - Target Category: 'Hair Extensions & Wigs'
2026-09-16 11:41:49,977 - INFO - Target URL: 'https://www.amazon.in/s?k=Hair+Extensions+%26+Wigs'
2026-09-16 11:41:50,383 - INFO - Created Amazon browser context generation 1
2026-09-16 11:41:50,383 - INFO - Started Playwright Chromium session (headless=True, timeout=30000ms, downloads=enabled)
2026-09-16 11:41:50,383 - INFO - Discovering products for category 'Hair Extensions & Wigs' from https://www.amazon.in/s?k=Hair+Extensions+%26+Wigs...
2026-09-16 11:41:50,422 - INFO - Navigating to Amazon search page 1: https://www.amazon.in/s?k=Hair+Extensions+%26+Wigs
Opening Amazon...
Attempt: 1/3
Amazon page loaded
2026-09-16 11:41:51,586 - INFO - Found 0 raw product links on page 1
Products discovered: 0
2026-09-16 11:41:51,586 - INFO - Discovered 0 total unique product URLs so far
2026-09-16 11:41:51,590 - INFO - Discovered 0 products for category 'Hair Extensions & Wigs'
2026-09-16 11:41:51,590 - INFO - Top businesses requested: 100, found: 0 for 'Hair Extensions & Wigs'
2026-09-16 11:41:51,590 - INFO - Starting Phase 2 Deep Enrichment Waterfall for top 0 businesses...
2026-09-16 11:41:51,628 - INFO - Closed Playwright browser session safely

>>>>>>>>>>>>>>>>>>>>>>>>>>>>>>>>>>>>>>>>
BATCH CATEGORY [93/108]: 'Hair Fragrances'
URL: https://www.amazon.in/s?k=Hair+Fragrances
>>>>>>>>>>>>>>>>>>>>>>>>>>>>>>>>>>>>>>>>

2026-09-16 11:41:51,645 - INFO - Target Category: 'Hair Fragrances'
2026-09-16 11:41:51,645 - INFO - Target URL: 'https://www.amazon.in/s?k=Hair+Fragrances'
2026-09-16 11:41:52,041 - INFO - Created Amazon browser context generation 1
2026-09-16 11:41:52,041 - INFO - Started Playwright Chromium session (headless=True, timeout=30000ms, downloads=enabled)
2026-09-16 11:41:52,041 - INFO - Discovering products for category 'Hair Fragrances' from https://www.amazon.in/s?k=Hair+Fragrances...
2026-09-16 11:41:52,082 - INFO - Navigating to Amazon search page 1: https://www.amazon.in/s?k=Hair+Fragrances
Opening Amazon...
Attempt: 1/3
Amazon page loaded
2026-09-16 11:41:53,186 - INFO - Found 0 raw product links on page 1
Products discovered: 0
2026-09-16 11:41:53,186 - INFO - Discovered 0 total unique product URLs so far
2026-09-16 11:41:53,190 - INFO - Discovered 0 products for category 'Hair Fragrances'
2026-09-16 11:41:53,190 - INFO - Top businesses requested: 100, found: 0 for 'Hair Fragrances'
2026-09-16 11:41:53,190 - INFO - Starting Phase 2 Deep Enrichment Waterfall for top 0 businesses...
2026-09-16 11:41:53,228 - INFO - Closed Playwright browser session safely

>>>>>>>>>>>>>>>>>>>>>>>>>>>>>>>>>>>>>>>>
BATCH CATEGORY [94/108]: 'Hair Loss Products'
URL: https://www.amazon.in/s?k=Hair+Loss+Products
>>>>>>>>>>>>>>>>>>>>>>>>>>>>>>>>>>>>>>>>

2026-09-16 11:41:53,245 - INFO - Target Category: 'Hair Loss Products'
2026-09-16 11:41:53,245 - INFO - Target URL: 'https://www.amazon.in/s?k=Hair+Loss+Products'
2026-09-16 11:41:53,654 - INFO - Created Amazon browser context generation 1
2026-09-16 11:41:53,654 - INFO - Started Playwright Chromium session (headless=True, timeout=30000ms, downloads=enabled)
2026-09-16 11:41:53,654 - INFO - Discovering products for category 'Hair Loss Products' from https://www.amazon.in/s?k=Hair+Loss+Products...
2026-09-16 11:41:53,696 - INFO - Navigating to Amazon search page 1: https://www.amazon.in/s?k=Hair+Loss+Products
Opening Amazon...
Attempt: 1/3
Amazon page loaded
2026-09-16 11:41:54,842 - INFO - Found 0 raw product links on page 1
Products discovered: 0
2026-09-16 11:41:54,842 - INFO - Discovered 0 total unique product URLs so far
2026-09-16 11:41:54,846 - INFO - Discovered 0 products for category 'Hair Loss Products'
2026-09-16 11:41:54,846 - INFO - Top businesses requested: 100, found: 0 for 'Hair Loss Products'
2026-09-16 11:41:54,846 - INFO - Starting Phase 2 Deep Enrichment Waterfall for top 0 businesses...
2026-09-16 11:41:54,883 - INFO - Closed Playwright browser session safely

>>>>>>>>>>>>>>>>>>>>>>>>>>>>>>>>>>>>>>>>
BATCH CATEGORY [95/108]: 'Hair Masks & Packs'
URL: https://www.amazon.in/s?k=Hair+Masks+%26+Packs
>>>>>>>>>>>>>>>>>>>>>>>>>>>>>>>>>>>>>>>>

2026-09-16 11:41:54,900 - INFO - Target Category: 'Hair Masks & Packs'
2026-09-16 11:41:54,900 - INFO - Target URL: 'https://www.amazon.in/s?k=Hair+Masks+%26+Packs'
2026-09-16 11:41:55,297 - INFO - Created Amazon browser context generation 1
2026-09-16 11:41:55,297 - INFO - Started Playwright Chromium session (headless=True, timeout=30000ms, downloads=enabled)
2026-09-16 11:41:55,297 - INFO - Discovering products for category 'Hair Masks & Packs' from https://www.amazon.in/s?k=Hair+Masks+%26+Packs...
2026-09-16 11:41:55,341 - INFO - Navigating to Amazon search page 1: https://www.amazon.in/s?k=Hair+Masks+%26+Packs
Opening Amazon...
Attempt: 1/3
Amazon page loaded
2026-09-16 11:41:56,459 - INFO - Found 0 raw product links on page 1
Products discovered: 0
2026-09-16 11:41:56,459 - INFO - Discovered 0 total unique product URLs so far
2026-09-16 11:41:56,465 - INFO - Discovered 0 products for category 'Hair Masks & Packs'
2026-09-16 11:41:56,465 - INFO - Top businesses requested: 100, found: 0 for 'Hair Masks & Packs'
2026-09-16 11:41:56,465 - INFO - Starting Phase 2 Deep Enrichment Waterfall for top 0 businesses...
2026-09-16 11:41:56,499 - INFO - Closed Playwright browser session safely

>>>>>>>>>>>>>>>>>>>>>>>>>>>>>>>>>>>>>>>>
BATCH CATEGORY [96/108]: 'Hair Oils'
URL: https://www.amazon.in/s?k=Hair+Oils
>>>>>>>>>>>>>>>>>>>>>>>>>>>>>>>>>>>>>>>>

2026-09-16 11:41:56,516 - INFO - Target Category: 'Hair Oils'
2026-09-16 11:41:56,516 - INFO - Target URL: 'https://www.amazon.in/s?k=Hair+Oils'
2026-09-16 11:41:56,922 - INFO - Created Amazon browser context generation 1
2026-09-16 11:41:56,922 - INFO - Started Playwright Chromium session (headless=True, timeout=30000ms, downloads=enabled)
2026-09-16 11:41:56,922 - INFO - Discovering products for category 'Hair Oils' from https://www.amazon.in/s?k=Hair+Oils...
2026-09-16 11:41:56,963 - INFO - Navigating to Amazon search page 1: https://www.amazon.in/s?k=Hair+Oils
Opening Amazon...
Attempt: 1/3
2026-09-16 11:41:57,170 - WARNING - Direct navigation triggered download trap for 'Hair Oils'. Trying UI search fallback...
Amazon navigation error (attempt 1/3): Page.goto: Navigation to "https://www.amazon.in/" is interrupted by another navigation to "chrome-error://chromewebdata/"
Call log:
  - navigating to "https://www.amazon.in/", waiting until "domcontentloaded"

2026-09-16 11:41:57,287 - WARNING - Error opening Amazon search page (attempt 1): https://www.amazon.in/s?k=Hair+Oils: Page.goto: Navigation to "https://www.amazon.in/" is interrupted by another navigation to "chrome-error://chromewebdata/"
Call log:
  - navigating to "https://www.amazon.in/", waiting until "domcontentloaded"

Retrying in 2s...
Opening Amazon...
Attempt: 2/3
2026-09-16 11:41:59,444 - WARNING - Direct navigation triggered download trap for 'Hair Oils'. Trying UI search fallback...
Amazon navigation error (attempt 2/3): Page.goto: Navigation to "https://www.amazon.in/" is interrupted by another navigation to "chrome-error://chromewebdata/"
Call log:
  - navigating to "https://www.amazon.in/", waiting until "domcontentloaded"

2026-09-16 11:41:59,558 - WARNING - Error opening Amazon search page (attempt 2): https://www.amazon.in/s?k=Hair+Oils: Page.goto: Navigation to "https://www.amazon.in/" is interrupted by another navigation to "chrome-error://chromewebdata/"
Call log:
  - navigating to "https://www.amazon.in/", waiting until "domcontentloaded"

Retrying in 5s...
Opening Amazon...
Attempt: 3/3
2026-09-16 11:42:04,710 - WARNING - Direct navigation triggered download trap for 'Hair Oils'. Trying UI search fallback...
Amazon navigation error (attempt 3/3): Page.goto: Navigation to "https://www.amazon.in/" is interrupted by another navigation to "chrome-error://chromewebdata/"
Call log:
  - navigating to "https://www.amazon.in/", waiting until "domcontentloaded"

2026-09-16 11:42:04,829 - WARNING - Error opening Amazon search page (attempt 3): https://www.amazon.in/s?k=Hair+Oils: Page.goto: Navigation to "https://www.amazon.in/" is interrupted by another navigation to "chrome-error://chromewebdata/"
Call log:
  - navigating to "https://www.amazon.in/", waiting until "domcontentloaded"

2026-09-16 11:42:04,831 - ERROR - Category 'Hair Oils' BLOCKED by Amazon: Amazon blocked or unavailable (Navigation Error: Page.goto: Navigation to "https://www.amazon.in/" is interrupted by another navigation to "chrome-error://chromewebdata/"
Call log:
  - navigating to "https://www.amazon.in/", waiting until "domcontentloaded"
) at https://www.amazon.in/s?k=Hair+Oils
2026-09-16 11:42:04,872 - INFO - Closed Playwright browser session safely

>>>>>>>>>>>>>>>>>>>>>>>>>>>>>>>>>>>>>>>>
BATCH CATEGORY [97/108]: 'Hair Perms & Texturizers'
URL: https://www.amazon.in/s?k=Hair+Perms+%26+Texturizers
>>>>>>>>>>>>>>>>>>>>>>>>>>>>>>>>>>>>>>>>

2026-09-16 11:42:04,873 - INFO - Target Category: 'Hair Perms & Texturizers'
2026-09-16 11:42:04,873 - INFO - Target URL: 'https://www.amazon.in/s?k=Hair+Perms+%26+Texturizers'
2026-09-16 11:42:05,270 - INFO - Created Amazon browser context generation 1
2026-09-16 11:42:05,270 - INFO - Started Playwright Chromium session (headless=True, timeout=30000ms, downloads=enabled)
2026-09-16 11:42:05,270 - INFO - Discovering products for category 'Hair Perms & Texturizers' from https://www.amazon.in/s?k=Hair+Perms+%26+Texturizers...
2026-09-16 11:42:05,314 - INFO - Navigating to Amazon search page 1: https://www.amazon.in/s?k=Hair+Perms+%26+Texturizers
Opening Amazon...
Attempt: 1/3
2026-09-16 11:42:05,456 - WARNING - Direct navigation triggered download trap for 'Hair Perms & Texturizers'. Trying UI search fallback...
Amazon navigation error (attempt 1/3): Page.goto: Navigation to "https://www.amazon.in/" is interrupted by another navigation to "chrome-error://chromewebdata/"
Call log:
  - navigating to "https://www.amazon.in/", waiting until "domcontentloaded"

2026-09-16 11:42:05,575 - WARNING - Error opening Amazon search page (attempt 1): https://www.amazon.in/s?k=Hair+Perms+%26+Texturizers: Page.goto: Navigation to "https://www.amazon.in/" is interrupted by another navigation to "chrome-error://chromewebdata/"
Call log:
  - navigating to "https://www.amazon.in/", waiting until "domcontentloaded"

Retrying in 2s...
Opening Amazon...
Attempt: 2/3
Amazon page loaded
2026-09-16 11:42:09,932 - INFO - Found 174 raw product links on page 1
Products discovered: 20
2026-09-16 11:42:10,216 - INFO - Discovered 20 total unique product URLs so far
2026-09-16 11:42:10,216 - INFO - Discovered 20 products for category 'Hair Perms & Texturizers'
2026-09-16 11:42:10,216 - INFO - [1/20] Processing product ASIN: B0H592P531
2026-09-16 11:42:10,249 - INFO - Opening Amazon product page for multi-seller extraction: https://www.amazon.in/dp/B0H592P531
2026-09-16 11:42:10,382 - WARNING - Amazon product page blocked (Robot Check / CAPTCHA) on attempt 1/3: https://www.amazon.in/dp/B0H592P531
2026-09-16 11:42:13,370 - INFO - PRODUCT: BHARATGAURAV Hair Accessories Cold Wave Hair Perm Rods Set for Women & Men | Salon Plastic Hair Curlers Rollers for Short, Medium & Long Hair | Hairdressing Styling Tool Pack of 36
2026-09-16 11:42:13,370 - INFO - ASIN: B0H592P531

PRODUCT: BHARATGAURAV Hair Accessories Cold Wave Hair Perm Rods Set for Women & Men | Salon Plastic Hair Curlers Rollers for Short, Medium & Long Hair | Hairdressing Styling Tool Pack of 36
ASIN: B0H592P531
2026-09-16 11:42:13,396 - INFO - BUY BOX SELLER: Bharatgaurav Enterprises
BUY BOX SELLER: Bharatgaurav Enterprises
2026-09-16 11:42:13,396 - INFO - AOD: Opening All Offers...
AOD: Opening All Offers...
2026-09-16 11:42:13,432 - INFO - AOD: Initial offers found: 0
AOD: Initial offers found: 0
2026-09-16 11:42:13,457 - INFO - Clicking offer load-more control: a:has-text('See more')
2026-09-16 11:42:15,008 - INFO - AOD: No new sellers found (attempt 1/3)
AOD: No new sellers found (attempt 1/3)
2026-09-16 11:42:15,030 - INFO - Clicking offer load-more control: a:has-text('See more')
2026-09-16 11:42:16,555 - INFO - AOD: No new sellers found (attempt 2/3)
AOD: No new sellers found (attempt 2/3)
2026-09-16 11:42:16,576 - INFO - Clicking offer load-more control: a:has-text('See more')
2026-09-16 11:42:18,106 - INFO - AOD: No new sellers found (attempt 3/3)
AOD: No new sellers found (attempt 3/3)
2026-09-16 11:42:18,120 - INFO - Clicking offer load-more control: a:has-text('See more')
2026-09-16 11:42:19,672 - INFO - Clicking offer load-more control: a:has-text('See more')
2026-09-16 11:42:21,204 - INFO - AOD: No new sellers found (attempt 1/3)
AOD: No new sellers found (attempt 1/3)
2026-09-16 11:42:21,226 - INFO - Clicking offer load-more control: a:has-text('See more')
2026-09-16 11:42:22,770 - INFO - AOD: No new sellers found (attempt 2/3)
AOD: No new sellers found (attempt 2/3)
2026-09-16 11:42:22,792 - INFO - Clicking offer load-more control: a:has-text('See more')
2026-09-16 11:42:24,322 - INFO - AOD: No new sellers found (attempt 3/3)
AOD: No new sellers found (attempt 3/3)
2026-09-16 11:42:24,337 - INFO - Clicking offer load-more control: a:has-text('See more')
2026-09-16 11:42:25,888 - INFO - Clicking offer load-more control: a:has-text('See more')
2026-09-16 11:42:27,422 - INFO - AOD: No new sellers found (attempt 1/3)
AOD: No new sellers found (attempt 1/3)
2026-09-16 11:42:27,443 - INFO - Clicking offer load-more control: a:has-text('See more')
2026-09-16 11:42:28,971 - INFO - AOD: No new sellers found (attempt 2/3)
AOD: No new sellers found (attempt 2/3)
2026-09-16 11:42:28,993 - INFO - Clicking offer load-more control: a:has-text('See more')
2026-09-16 11:42:30,521 - INFO - AOD: No new sellers found (attempt 3/3)
AOD: No new sellers found (attempt 3/3)
2026-09-16 11:42:30,536 - INFO - Clicking offer load-more control: a:has-text('See more')
2026-09-16 11:42:32,089 - INFO - Clicking offer load-more control: a:has-text('See more')
2026-09-16 11:42:33,621 - INFO - AOD: No new sellers found (attempt 1/3)
AOD: No new sellers found (attempt 1/3)
2026-09-16 11:42:33,644 - INFO - Clicking offer load-more control: a:has-text('See more')
2026-09-16 11:42:35,172 - INFO - AOD: No new sellers found (attempt 2/3)
AOD: No new sellers found (attempt 2/3)
2026-09-16 11:42:35,193 - INFO - Clicking offer load-more control: a:has-text('See more')
2026-09-16 11:42:36,720 - INFO - AOD: No new sellers found (attempt 3/3)
AOD: No new sellers found (attempt 3/3)
2026-09-16 11:42:36,734 - INFO - Clicking offer load-more control: a:has-text('See more')
2026-09-16 11:42:38,271 - INFO - Clicking offer load-more control: a:has-text('See more')
2026-09-16 11:42:39,821 - INFO - AOD: No new sellers found (attempt 1/3)
AOD: No new sellers found (attempt 1/3)
2026-09-16 11:42:39,842 - INFO - Clicking offer load-more control: a:has-text('See more')
2026-09-16 11:42:41,371 - INFO - AOD: No new sellers found (attempt 2/3)
AOD: No new sellers found (attempt 2/3)
2026-09-16 11:42:41,400 - INFO - Clicking offer load-more control: a:has-text('See more')
2026-09-16 11:42:42,921 - INFO - AOD: No new sellers found (attempt 3/3)
AOD: No new sellers found (attempt 3/3)
2026-09-16 11:42:42,935 - INFO - Clicking offer load-more control: a:has-text('See more')
2026-09-16 11:42:44,488 - INFO - Clicking offer load-more control: a:has-text('See more')
2026-09-16 11:42:46,020 - INFO - AOD: No new sellers found (attempt 1/3)
AOD: No new sellers found (attempt 1/3)
2026-09-16 11:42:46,042 - INFO - Clicking offer load-more control: a:has-text('See more')
2026-09-16 11:42:47,571 - INFO - AOD: No new sellers found (attempt 2/3)
AOD: No new sellers found (attempt 2/3)
2026-09-16 11:42:47,594 - INFO - Clicking offer load-more control: a:has-text('See more')
2026-09-16 11:42:49,121 - INFO - AOD: No new sellers found (attempt 3/3)
AOD: No new sellers found (attempt 3/3)
2026-09-16 11:42:49,135 - INFO - Clicking offer load-more control: a:has-text('See more')
2026-09-16 11:42:50,690 - INFO - Clicking offer load-more control: a:has-text('See more')
2026-09-16 11:42:52,221 - INFO - AOD: No new sellers found (attempt 1/3)
AOD: No new sellers found (attempt 1/3)
2026-09-16 11:42:52,243 - INFO - Clicking offer load-more control: a:has-text('See more')
2026-09-16 11:42:53,771 - INFO - AOD: No new sellers found (attempt 2/3)
AOD: No new sellers found (attempt 2/3)
2026-09-16 11:42:53,792 - INFO - Clicking offer load-more control: a:has-text('See more')
2026-09-16 11:42:55,336 - INFO - AOD: No new sellers found (attempt 3/3)
AOD: No new sellers found (attempt 3/3)
2026-09-16 11:42:55,350 - INFO - Clicking offer load-more control: a:has-text('See more')
2026-09-16 11:42:56,886 - INFO - Clicking offer load-more control: a:has-text('See more')
2026-09-16 11:42:58,421 - INFO - AOD: No new sellers found (attempt 1/3)
AOD: No new sellers found (attempt 1/3)
2026-09-16 11:42:58,444 - INFO - Clicking offer load-more control: a:has-text('See more')
2026-09-16 11:42:59,970 - INFO - AOD: No new sellers found (attempt 2/3)
AOD: No new sellers found (attempt 2/3)
2026-09-16 11:42:59,998 - INFO - Clicking offer load-more control: a:has-text('See more')
2026-09-16 11:43:01,519 - INFO - AOD: No new sellers found (attempt 3/3)
AOD: No new sellers found (attempt 3/3)
2026-09-16 11:43:01,535 - INFO - Clicking offer load-more control: a:has-text('See more')
2026-09-16 11:43:03,086 - INFO - Clicking offer load-more control: a:has-text('See more')
2026-09-16 11:43:04,620 - INFO - AOD: No new sellers found (attempt 1/3)
AOD: No new sellers found (attempt 1/3)
2026-09-16 11:43:04,640 - INFO - Clicking offer load-more control: a:has-text('See more')
2026-09-16 11:43:06,170 - INFO - AOD: No new sellers found (attempt 2/3)
AOD: No new sellers found (attempt 2/3)
2026-09-16 11:43:06,191 - INFO - Clicking offer load-more control: a:has-text('See more')
2026-09-16 11:43:07,719 - INFO - AOD: No new sellers found (attempt 3/3)
AOD: No new sellers found (attempt 3/3)
2026-09-16 11:43:07,732 - INFO - Clicking offer load-more control: a:has-text('See more')
2026-09-16 11:43:09,271 - INFO - Clicking offer load-more control: a:has-text('See more')
2026-09-16 11:43:10,803 - INFO - AOD: No new sellers found (attempt 1/3)
AOD: No new sellers found (attempt 1/3)
2026-09-16 11:43:10,824 - INFO - Clicking offer load-more control: a:has-text('See more')
2026-09-16 11:43:12,369 - INFO - AOD: No new sellers found (attempt 2/3)
AOD: No new sellers found (attempt 2/3)
2026-09-16 11:43:12,391 - INFO - Clicking offer load-more control: a:has-text('See more')
2026-09-16 11:43:13,918 - INFO - AOD: No new sellers found (attempt 3/3)
AOD: No new sellers found (attempt 3/3)
2026-09-16 11:43:13,931 - INFO - Clicking offer load-more control: a:has-text('See more')
2026-09-16 11:43:15,468 - INFO - Clicking offer load-more control: a:has-text('See more')
2026-09-16 11:43:17,003 - INFO - AOD: No new sellers found (attempt 1/3)
AOD: No new sellers found (attempt 1/3)
2026-09-16 11:43:17,024 - INFO - Clicking offer load-more control: a:has-text('See more')
2026-09-16 11:43:18,551 - INFO - AOD: No new sellers found (attempt 2/3)
AOD: No new sellers found (attempt 2/3)
2026-09-16 11:43:18,571 - INFO - Clicking offer load-more control: a:has-text('See more')
2026-09-16 11:43:20,101 - INFO - AOD: No new sellers found (attempt 3/3)
AOD: No new sellers found (attempt 3/3)
2026-09-16 11:43:20,114 - INFO - Clicking offer load-more control: a:has-text('See more')
2026-09-16 11:43:21,651 - INFO - Clicking offer load-more control: a:has-text('See more')
2026-09-16 11:43:23,186 - INFO - AOD: No new sellers found (attempt 1/3)
AOD: No new sellers found (attempt 1/3)
2026-09-16 11:43:23,207 - INFO - Clicking offer load-more control: a:has-text('See more')
2026-09-16 11:43:24,735 - INFO - AOD: No new sellers found (attempt 2/3)
AOD: No new sellers found (attempt 2/3)
2026-09-16 11:43:24,756 - INFO - Clicking offer load-more control: a:has-text('See more')
2026-09-16 11:43:26,283 - INFO - AOD: No new sellers found (attempt 3/3)
AOD: No new sellers found (attempt 3/3)
2026-09-16 11:43:26,296 - INFO - Clicking offer load-more control: a:has-text('See more')
2026-09-16 11:43:27,834 - INFO - Clicking offer load-more control: a:has-text('See more')
2026-09-16 11:43:29,368 - INFO - AOD: No new sellers found (attempt 1/3)
AOD: No new sellers found (attempt 1/3)
2026-09-16 11:43:29,388 - INFO - Clicking offer load-more control: a:has-text('See more')
2026-09-16 11:43:30,918 - INFO - AOD: No new sellers found (attempt 2/3)
AOD: No new sellers found (attempt 2/3)
2026-09-16 11:43:30,939 - INFO - Clicking offer load-more control: a:has-text('See more')
2026-09-16 11:43:32,468 - INFO - AOD: No new sellers found (attempt 3/3)
AOD: No new sellers found (attempt 3/3)
2026-09-16 11:43:32,482 - INFO - Clicking offer load-more control: a:has-text('See more')
2026-09-16 11:43:34,016 - INFO - Clicking offer load-more control: a:has-text('See more')
2026-09-16 11:43:35,550 - INFO - AOD: No new sellers found (attempt 1/3)
AOD: No new sellers found (attempt 1/3)
2026-09-16 11:43:35,555 - INFO - AOD EXTRACTION COMPLETE | ASIN: B0H592P531 | TOTAL UNIQUE SELLERS: 1

AOD EXTRACTION COMPLETE
ASIN: B0H592P531
TOTAL UNIQUE SELLERS: 1

2026-09-16 11:43:35,555 - INFO - Opening Amazon seller profile page: https://www.amazon.in/gp/help/seller/at-a-glance.html/ref=dp_merchant_link?ie=UTF8&seller=A3BMYFYIR00HDG&asin=B0H592P531&ref_=dp_merchant_link
2026-09-16 11:43:39,443 - INFO - [2/20] Processing product ASIN: B08MWJN42H
2026-09-16 11:43:39,481 - INFO - Opening Amazon product page for multi-seller extraction: https://www.amazon.in/dp/B08MWJN42H
2026-09-16 11:43:40,090 - INFO - PRODUCT: Amazon Product B08MWJN42H
2026-09-16 11:43:40,091 - INFO - ASIN: B08MWJN42H

PRODUCT: Amazon Product B08MWJN42H
ASIN: B08MWJN42H
2026-09-16 11:43:40,099 - INFO - BUY BOX SELLER: None
BUY BOX SELLER: None
2026-09-16 11:43:40,100 - INFO - AOD: Opening All Offers...
AOD: Opening All Offers...
2026-09-16 11:43:40,126 - WARNING - WARNING: AOD offer container not found. FALLBACK: Existing seller extraction
2026-09-16 11:43:40,129 - INFO - AOD EXTRACTION COMPLETE | ASIN: B08MWJN42H | TOTAL UNIQUE SELLERS: 0

AOD EXTRACTION COMPLETE
ASIN: B08MWJN42H
TOTAL UNIQUE SELLERS: 0

2026-09-16 11:43:40,167 - INFO - Visible seller fallback found no seller for B08MWJN42H
2026-09-16 11:43:40,180 - INFO - [3/20] Processing product ASIN: B0FH6DPQM9
2026-09-16 11:43:40,214 - INFO - Opening Amazon product page for multi-seller extraction: https://www.amazon.in/dp/B0FH6DPQM9
2026-09-16 11:43:40,864 - INFO - PRODUCT: Amazon Product B0FH6DPQM9
2026-09-16 11:43:40,864 - INFO - ASIN: B0FH6DPQM9

PRODUCT: Amazon Product B0FH6DPQM9
ASIN: B0FH6DPQM9
2026-09-16 11:43:40,872 - INFO - BUY BOX SELLER: None
BUY BOX SELLER: None
2026-09-16 11:43:40,872 - INFO - AOD: Opening All Offers...
AOD: Opening All Offers...
2026-09-16 11:43:40,894 - WARNING - WARNING: AOD offer container not found. FALLBACK: Existing seller extraction
2026-09-16 11:43:40,897 - INFO - AOD EXTRACTION COMPLETE | ASIN: B0FH6DPQM9 | TOTAL UNIQUE SELLERS: 0

AOD EXTRACTION COMPLETE
ASIN: B0FH6DPQM9
TOTAL UNIQUE SELLERS: 0

2026-09-16 11:43:40,934 - INFO - Visible seller fallback found no seller for B0FH6DPQM9
2026-09-16 11:43:40,949 - INFO - [4/20] Processing product ASIN: B01BERC45G
2026-09-16 11:43:40,980 - INFO - Opening Amazon product page for multi-seller extraction: https://www.amazon.in/dp/B01BERC45G
2026-09-16 11:43:41,574 - INFO - PRODUCT: Amazon Product B01BERC45G
2026-09-16 11:43:41,574 - INFO - ASIN: B01BERC45G

PRODUCT: Amazon Product B01BERC45G
ASIN: B01BERC45G
2026-09-16 11:43:41,587 - INFO - BUY BOX SELLER: None
BUY BOX SELLER: None
2026-09-16 11:43:41,587 - INFO - AOD: Opening All Offers...
AOD: Opening All Offers...
2026-09-16 11:43:41,610 - WARNING - WARNING: AOD offer container not found. FALLBACK: Existing seller extraction
2026-09-16 11:43:41,613 - INFO - AOD EXTRACTION COMPLETE | ASIN: B01BERC45G | TOTAL UNIQUE SELLERS: 0

AOD EXTRACTION COMPLETE
ASIN: B01BERC45G
TOTAL UNIQUE SELLERS: 0

2026-09-16 11:43:41,650 - INFO - Visible seller fallback found no seller for B01BERC45G
2026-09-16 11:43:41,664 - INFO - [5/20] Processing product ASIN: B0DCZJXNBR
2026-09-16 11:43:41,694 - INFO - Opening Amazon product page for multi-seller extraction: https://www.amazon.in/dp/B0DCZJXNBR
2026-09-16 11:43:42,153 - INFO - PRODUCT: Amazon Product B0DCZJXNBR
2026-09-16 11:43:42,153 - INFO - ASIN: B0DCZJXNBR

PRODUCT: Amazon Product B0DCZJXNBR
ASIN: B0DCZJXNBR
2026-09-16 11:43:42,162 - INFO - BUY BOX SELLER: None
BUY BOX SELLER: None
2026-09-16 11:43:42,162 - INFO - AOD: Opening All Offers...
AOD: Opening All Offers...
2026-09-16 11:43:42,184 - WARNING - WARNING: AOD offer container not found. FALLBACK: Existing seller extraction
2026-09-16 11:43:42,187 - INFO - AOD EXTRACTION COMPLETE | ASIN: B0DCZJXNBR | TOTAL UNIQUE SELLERS: 0

AOD EXTRACTION COMPLETE
ASIN: B0DCZJXNBR
TOTAL UNIQUE SELLERS: 0

2026-09-16 11:43:42,224 - INFO - Visible seller fallback found no seller for B0DCZJXNBR
2026-09-16 11:43:42,235 - INFO - [6/20] Processing product ASIN: B0C43KRMY5
2026-09-16 11:43:42,267 - INFO - Opening Amazon product page for multi-seller extraction: https://www.amazon.in/dp/B0C43KRMY5
2026-09-16 11:43:42,744 - INFO - PRODUCT: Amazon Product B0C43KRMY5
2026-09-16 11:43:42,744 - INFO - ASIN: B0C43KRMY5

PRODUCT: Amazon Product B0C43KRMY5
ASIN: B0C43KRMY5
2026-09-16 11:43:42,753 - INFO - BUY BOX SELLER: None
BUY BOX SELLER: None
2026-09-16 11:43:42,753 - INFO - AOD: Opening All Offers...
AOD: Opening All Offers...
2026-09-16 11:43:42,775 - WARNING - WARNING: AOD offer container not found. FALLBACK: Existing seller extraction
2026-09-16 11:43:42,778 - INFO - AOD EXTRACTION COMPLETE | ASIN: B0C43KRMY5 | TOTAL UNIQUE SELLERS: 0

AOD EXTRACTION COMPLETE
ASIN: B0C43KRMY5
TOTAL UNIQUE SELLERS: 0

2026-09-16 11:43:42,815 - INFO - Visible seller fallback found no seller for B0C43KRMY5
2026-09-16 11:43:42,828 - INFO - [7/20] Processing product ASIN: B0FQ631HKJ
2026-09-16 11:43:42,861 - INFO - Opening Amazon product page for multi-seller extraction: https://www.amazon.in/dp/B0FQ631HKJ
2026-09-16 11:43:43,353 - INFO - PRODUCT: Amazon Product B0FQ631HKJ
2026-09-16 11:43:43,353 - INFO - ASIN: B0FQ631HKJ

PRODUCT: Amazon Product B0FQ631HKJ
ASIN: B0FQ631HKJ
2026-09-16 11:43:43,362 - INFO - BUY BOX SELLER: None
BUY BOX SELLER: None
2026-09-16 11:43:43,362 - INFO - AOD: Opening All Offers...
AOD: Opening All Offers...
2026-09-16 11:43:43,383 - WARNING - WARNING: AOD offer container not found. FALLBACK: Existing seller extraction
2026-09-16 11:43:43,387 - INFO - AOD EXTRACTION COMPLETE | ASIN: B0FQ631HKJ | TOTAL UNIQUE SELLERS: 0

AOD EXTRACTION COMPLETE
ASIN: B0FQ631HKJ
TOTAL UNIQUE SELLERS: 0

2026-09-16 11:43:43,424 - INFO - Visible seller fallback found no seller for B0FQ631HKJ
2026-09-16 11:43:43,437 - INFO - [8/20] Processing product ASIN: B0HGMFG6F2
2026-09-16 11:43:43,468 - INFO - Opening Amazon product page for multi-seller extraction: https://www.amazon.in/dp/B0HGMFG6F2
2026-09-16 11:43:43,960 - INFO - PRODUCT: Amazon Product B0HGMFG6F2
2026-09-16 11:43:43,960 - INFO - ASIN: B0HGMFG6F2

PRODUCT: Amazon Product B0HGMFG6F2
ASIN: B0HGMFG6F2
2026-09-16 11:43:43,968 - INFO - BUY BOX SELLER: None
BUY BOX SELLER: None
2026-09-16 11:43:43,969 - INFO - AOD: Opening All Offers...
AOD: Opening All Offers...
2026-09-16 11:43:43,991 - WARNING - WARNING: AOD offer container not found. FALLBACK: Existing seller extraction
2026-09-16 11:43:43,994 - INFO - AOD EXTRACTION COMPLETE | ASIN: B0HGMFG6F2 | TOTAL UNIQUE SELLERS: 0

AOD EXTRACTION COMPLETE
ASIN: B0HGMFG6F2
TOTAL UNIQUE SELLERS: 0

2026-09-16 11:43:44,032 - INFO - Visible seller fallback found no seller for B0HGMFG6F2
2026-09-16 11:43:44,045 - INFO - [9/20] Processing product ASIN: B085VP6MJ5
2026-09-16 11:43:44,077 - INFO - Opening Amazon product page for multi-seller extraction: https://www.amazon.in/dp/B085VP6MJ5
2026-09-16 11:43:44,554 - INFO - PRODUCT: Amazon Product B085VP6MJ5
2026-09-16 11:43:44,554 - INFO - ASIN: B085VP6MJ5

PRODUCT: Amazon Product B085VP6MJ5
ASIN: B085VP6MJ5
2026-09-16 11:43:44,563 - INFO - BUY BOX SELLER: None
BUY BOX SELLER: None
2026-09-16 11:43:44,563 - INFO - AOD: Opening All Offers...
AOD: Opening All Offers...
2026-09-16 11:43:44,585 - WARNING - WARNING: AOD offer container not found. FALLBACK: Existing seller extraction
2026-09-16 11:43:44,589 - INFO - AOD EXTRACTION COMPLETE | ASIN: B085VP6MJ5 | TOTAL UNIQUE SELLERS: 0

AOD EXTRACTION COMPLETE
ASIN: B085VP6MJ5
TOTAL UNIQUE SELLERS: 0

2026-09-16 11:43:44,627 - INFO - Visible seller fallback found no seller for B085VP6MJ5
2026-09-16 11:43:44,639 - INFO - [10/20] Processing product ASIN: B0FXXFNBY8
2026-09-16 11:43:44,670 - INFO - Opening Amazon product page for multi-seller extraction: https://www.amazon.in/dp/B0FXXFNBY8
2026-09-16 11:43:45,148 - INFO - PRODUCT: Amazon Product B0FXXFNBY8
2026-09-16 11:43:45,148 - INFO - ASIN: B0FXXFNBY8

PRODUCT: Amazon Product B0FXXFNBY8
ASIN: B0FXXFNBY8
2026-09-16 11:43:45,156 - INFO - BUY BOX SELLER: None
BUY BOX SELLER: None
2026-09-16 11:43:45,156 - INFO - AOD: Opening All Offers...
AOD: Opening All Offers...
2026-09-16 11:43:45,177 - WARNING - WARNING: AOD offer container not found. FALLBACK: Existing seller extraction
2026-09-16 11:43:45,180 - INFO - AOD EXTRACTION COMPLETE | ASIN: B0FXXFNBY8 | TOTAL UNIQUE SELLERS: 0

AOD EXTRACTION COMPLETE
ASIN: B0FXXFNBY8
TOTAL UNIQUE SELLERS: 0

2026-09-16 11:43:45,217 - INFO - Visible seller fallback found no seller for B0FXXFNBY8
2026-09-16 11:43:45,229 - INFO - [11/20] Processing product ASIN: B0G1TFMRGZ
2026-09-16 11:43:45,261 - INFO - Opening Amazon product page for multi-seller extraction: https://www.amazon.in/dp/B0G1TFMRGZ
2026-09-16 11:43:45,958 - INFO - PRODUCT: Amazon Product B0G1TFMRGZ
2026-09-16 11:43:45,958 - INFO - ASIN: B0G1TFMRGZ

PRODUCT: Amazon Product B0G1TFMRGZ
ASIN: B0G1TFMRGZ
2026-09-16 11:43:45,966 - INFO - BUY BOX SELLER: None
BUY BOX SELLER: None
2026-09-16 11:43:45,966 - INFO - AOD: Opening All Offers...
AOD: Opening All Offers...
2026-09-16 11:43:45,988 - WARNING - WARNING: AOD offer container not found. FALLBACK: Existing seller extraction
2026-09-16 11:43:45,991 - INFO - AOD EXTRACTION COMPLETE | ASIN: B0G1TFMRGZ | TOTAL UNIQUE SELLERS: 0

AOD EXTRACTION COMPLETE
ASIN: B0G1TFMRGZ
TOTAL UNIQUE SELLERS: 0

2026-09-16 11:43:46,029 - INFO - Visible seller fallback found no seller for B0G1TFMRGZ
2026-09-16 11:43:46,042 - INFO - [12/20] Processing product ASIN: B0B6JF8779
2026-09-16 11:43:46,072 - INFO - Opening Amazon product page for multi-seller extraction: https://www.amazon.in/dp/B0B6JF8779
2026-09-16 11:43:46,716 - INFO - PRODUCT: Amazon Product B0B6JF8779
2026-09-16 11:43:46,716 - INFO - ASIN: B0B6JF8779

PRODUCT: Amazon Product B0B6JF8779
ASIN: B0B6JF8779
2026-09-16 11:43:46,725 - INFO - BUY BOX SELLER: None
BUY BOX SELLER: None
2026-09-16 11:43:46,725 - INFO - AOD: Opening All Offers...
AOD: Opening All Offers...
2026-09-16 11:43:46,747 - WARNING - WARNING: AOD offer container not found. FALLBACK: Existing seller extraction
2026-09-16 11:43:46,749 - INFO - AOD EXTRACTION COMPLETE | ASIN: B0B6JF8779 | TOTAL UNIQUE SELLERS: 0

AOD EXTRACTION COMPLETE
ASIN: B0B6JF8779
TOTAL UNIQUE SELLERS: 0

2026-09-16 11:43:46,786 - INFO - Visible seller fallback found no seller for B0B6JF8779
2026-09-16 11:43:46,799 - INFO - [13/20] Processing product ASIN: B00NZVKHZ4
2026-09-16 11:43:46,827 - INFO - Opening Amazon product page for multi-seller extraction: https://www.amazon.in/dp/B00NZVKHZ4
2026-09-16 11:43:47,362 - INFO - PRODUCT: Amazon Product B00NZVKHZ4
2026-09-16 11:43:47,362 - INFO - ASIN: B00NZVKHZ4

PRODUCT: Amazon Product B00NZVKHZ4
ASIN: B00NZVKHZ4
2026-09-16 11:43:47,370 - INFO - BUY BOX SELLER: None
BUY BOX SELLER: None
2026-09-16 11:43:47,370 - INFO - AOD: Opening All Offers...
AOD: Opening All Offers...
2026-09-16 11:43:47,392 - WARNING - WARNING: AOD offer container not found. FALLBACK: Existing seller extraction
2026-09-16 11:43:47,395 - INFO - AOD EXTRACTION COMPLETE | ASIN: B00NZVKHZ4 | TOTAL UNIQUE SELLERS: 0

AOD EXTRACTION COMPLETE
ASIN: B00NZVKHZ4
TOTAL UNIQUE SELLERS: 0

2026-09-16 11:43:47,431 - INFO - Visible seller fallback found no seller for B00NZVKHZ4
2026-09-16 11:43:47,443 - INFO - [14/20] Processing product ASIN: B0HHF7QJZK
2026-09-16 11:43:47,472 - INFO - Opening Amazon product page for multi-seller extraction: https://www.amazon.in/dp/B0HHF7QJZK
2026-09-16 11:43:48,134 - INFO - PRODUCT: Amazon Product B0HHF7QJZK
2026-09-16 11:43:48,134 - INFO - ASIN: B0HHF7QJZK

PRODUCT: Amazon Product B0HHF7QJZK
ASIN: B0HHF7QJZK
2026-09-16 11:43:48,143 - INFO - BUY BOX SELLER: None
BUY BOX SELLER: None
2026-09-16 11:43:48,143 - INFO - AOD: Opening All Offers...
AOD: Opening All Offers...
2026-09-16 11:43:48,164 - WARNING - WARNING: AOD offer container not found. FALLBACK: Existing seller extraction
2026-09-16 11:43:48,167 - INFO - AOD EXTRACTION COMPLETE | ASIN: B0HHF7QJZK | TOTAL UNIQUE SELLERS: 0

AOD EXTRACTION COMPLETE
ASIN: B0HHF7QJZK
TOTAL UNIQUE SELLERS: 0

2026-09-16 11:43:48,205 - INFO - Visible seller fallback found no seller for B0HHF7QJZK
2026-09-16 11:43:48,217 - INFO - [15/20] Processing product ASIN: B0C345WJ6T
2026-09-16 11:43:48,248 - INFO - Opening Amazon product page for multi-seller extraction: https://www.amazon.in/dp/B0C345WJ6T
2026-09-16 11:43:48,763 - INFO - PRODUCT: Amazon Product B0C345WJ6T
2026-09-16 11:43:48,763 - INFO - ASIN: B0C345WJ6T

PRODUCT: Amazon Product B0C345WJ6T
ASIN: B0C345WJ6T
2026-09-16 11:43:48,771 - INFO - BUY BOX SELLER: None
BUY BOX SELLER: None
2026-09-16 11:43:48,771 - INFO - AOD: Opening All Offers...
AOD: Opening All Offers...
2026-09-16 11:43:48,793 - WARNING - WARNING: AOD offer container not found. FALLBACK: Existing seller extraction
2026-09-16 11:43:48,796 - INFO - AOD EXTRACTION COMPLETE | ASIN: B0C345WJ6T | TOTAL UNIQUE SELLERS: 0

AOD EXTRACTION COMPLETE
ASIN: B0C345WJ6T
TOTAL UNIQUE SELLERS: 0

2026-09-16 11:43:48,833 - INFO - Visible seller fallback found no seller for B0C345WJ6T
2026-09-16 11:43:48,844 - INFO - [16/20] Processing product ASIN: B0F3VYTHP4
2026-09-16 11:43:48,878 - INFO - Opening Amazon product page for multi-seller extraction: https://www.amazon.in/dp/B0F3VYTHP4
2026-09-16 11:43:49,374 - INFO - PRODUCT: Amazon Product B0F3VYTHP4
2026-09-16 11:43:49,374 - INFO - ASIN: B0F3VYTHP4

PRODUCT: Amazon Product B0F3VYTHP4
ASIN: B0F3VYTHP4
2026-09-16 11:43:49,382 - INFO - BUY BOX SELLER: None
BUY BOX SELLER: None
2026-09-16 11:43:49,383 - INFO - AOD: Opening All Offers...
AOD: Opening All Offers...
2026-09-16 11:43:49,404 - WARNING - WARNING: AOD offer container not found. FALLBACK: Existing seller extraction
2026-09-16 11:43:49,407 - INFO - AOD EXTRACTION COMPLETE | ASIN: B0F3VYTHP4 | TOTAL UNIQUE SELLERS: 0

AOD EXTRACTION COMPLETE
ASIN: B0F3VYTHP4
TOTAL UNIQUE SELLERS: 0

2026-09-16 11:43:49,445 - INFO - Visible seller fallback found no seller for B0F3VYTHP4
2026-09-16 11:43:49,457 - INFO - [17/20] Processing product ASIN: B0GS2SHPND
2026-09-16 11:43:49,489 - INFO - Opening Amazon product page for multi-seller extraction: https://www.amazon.in/dp/B0GS2SHPND
2026-09-16 11:43:49,976 - INFO - PRODUCT: Amazon Product B0GS2SHPND
2026-09-16 11:43:49,976 - INFO - ASIN: B0GS2SHPND

PRODUCT: Amazon Product B0GS2SHPND
ASIN: B0GS2SHPND
2026-09-16 11:43:49,984 - INFO - BUY BOX SELLER: None
BUY BOX SELLER: None
2026-09-16 11:43:49,984 - INFO - AOD: Opening All Offers...
AOD: Opening All Offers...
2026-09-16 11:43:50,007 - WARNING - WARNING: AOD offer container not found. FALLBACK: Existing seller extraction
2026-09-16 11:43:50,010 - INFO - AOD EXTRACTION COMPLETE | ASIN: B0GS2SHPND | TOTAL UNIQUE SELLERS: 0

AOD EXTRACTION COMPLETE
ASIN: B0GS2SHPND
TOTAL UNIQUE SELLERS: 0

2026-09-16 11:43:50,046 - INFO - Visible seller fallback found no seller for B0GS2SHPND
2026-09-16 11:43:50,058 - INFO - [18/20] Processing product ASIN: B0DZDB2VJX
2026-09-16 11:43:50,090 - INFO - Opening Amazon product page for multi-seller extraction: https://www.amazon.in/dp/B0DZDB2VJX
2026-09-16 11:43:50,668 - INFO - PRODUCT: Amazon Product B0DZDB2VJX
2026-09-16 11:43:50,668 - INFO - ASIN: B0DZDB2VJX

PRODUCT: Amazon Product B0DZDB2VJX
ASIN: B0DZDB2VJX
2026-09-16 11:43:50,676 - INFO - BUY BOX SELLER: None
BUY BOX SELLER: None
2026-09-16 11:43:50,676 - INFO - AOD: Opening All Offers...
AOD: Opening All Offers...
2026-09-16 11:43:50,697 - WARNING - WARNING: AOD offer container not found. FALLBACK: Existing seller extraction
2026-09-16 11:43:50,700 - INFO - AOD EXTRACTION COMPLETE | ASIN: B0DZDB2VJX | TOTAL UNIQUE SELLERS: 0

AOD EXTRACTION COMPLETE
ASIN: B0DZDB2VJX
TOTAL UNIQUE SELLERS: 0

2026-09-16 11:43:50,736 - INFO - Visible seller fallback found no seller for B0DZDB2VJX
2026-09-16 11:43:50,748 - INFO - [19/20] Processing product ASIN: B0GVBVNBCL
2026-09-16 11:43:50,778 - INFO - Opening Amazon product page for multi-seller extraction: https://www.amazon.in/dp/B0GVBVNBCL
2026-09-16 11:43:51,246 - INFO - PRODUCT: Amazon Product B0GVBVNBCL
2026-09-16 11:43:51,246 - INFO - ASIN: B0GVBVNBCL

PRODUCT: Amazon Product B0GVBVNBCL
ASIN: B0GVBVNBCL
2026-09-16 11:43:51,254 - INFO - BUY BOX SELLER: None
BUY BOX SELLER: None
2026-09-16 11:43:51,254 - INFO - AOD: Opening All Offers...
AOD: Opening All Offers...
2026-09-16 11:43:51,275 - WARNING - WARNING: AOD offer container not found. FALLBACK: Existing seller extraction
2026-09-16 11:43:51,278 - INFO - AOD EXTRACTION COMPLETE | ASIN: B0GVBVNBCL | TOTAL UNIQUE SELLERS: 0

AOD EXTRACTION COMPLETE
ASIN: B0GVBVNBCL
TOTAL UNIQUE SELLERS: 0

2026-09-16 11:43:51,316 - INFO - Visible seller fallback found no seller for B0GVBVNBCL
2026-09-16 11:43:51,328 - INFO - [20/20] Processing product ASIN: B0HDPT36NB
2026-09-16 11:43:51,361 - INFO - Opening Amazon product page for multi-seller extraction: https://www.amazon.in/dp/B0HDPT36NB
2026-09-16 11:43:52,025 - INFO - PRODUCT: Amazon Product B0HDPT36NB
2026-09-16 11:43:52,025 - INFO - ASIN: B0HDPT36NB

PRODUCT: Amazon Product B0HDPT36NB
ASIN: B0HDPT36NB
2026-09-16 11:43:52,034 - INFO - BUY BOX SELLER: None
BUY BOX SELLER: None
2026-09-16 11:43:52,034 - INFO - AOD: Opening All Offers...
AOD: Opening All Offers...
2026-09-16 11:43:52,055 - WARNING - WARNING: AOD offer container not found. FALLBACK: Existing seller extraction
2026-09-16 11:43:52,059 - INFO - AOD EXTRACTION COMPLETE | ASIN: B0HDPT36NB | TOTAL UNIQUE SELLERS: 0

AOD EXTRACTION COMPLETE
ASIN: B0HDPT36NB
TOTAL UNIQUE SELLERS: 0

2026-09-16 11:43:52,097 - INFO - Visible seller fallback found no seller for B0HDPT36NB
2026-09-16 11:43:52,109 - INFO - Top businesses requested: 100, found: 1 for 'Hair Perms & Texturizers'
2026-09-16 11:43:52,109 - INFO - Starting Phase 2 Deep Enrichment Waterfall for top 1 businesses...

========================================
ENRICHING SELLER
========================================
Category:
Hair Perms & Texturizers

Seller:
Bharatgaurav Enterprises

Seller:
1 / 1

Elapsed:
107 seconds
========================================

2026-09-16 11:43:52,110 - INFO - Starting Public Enrichment Waterfall for business 'Bharatgaurav Enterprises'...
2026-09-16 11:43:52,141 - INFO - [ENRICH] Searching web: "Bharatgaurav Enterprises" email
2026-09-16 11:44:03,472 - WARNING - [ENRICH] Error during email search for 'Bharatgaurav Enterprises': HTTPSConnectionPool(host='html.duckduckgo.com', port=443): Max retries exceeded with url: /html/ (Caused by ConnectTimeoutError(<HTTPSConnection(host='html.duckduckgo.com', port=443) at 0x7f9e1645ccd0>, 'Connection to html.duckduckgo.com timed out. (connect timeout=10)'))

ENRICHMENT HEARTBEAT:
Seller = Bharatgaurav Enterprises
Elapsed = 11s
Current field = Official Website

2026-09-16 11:44:03,472 - INFO - ENRICHMENT HEARTBEAT: Seller = Bharatgaurav Enterprises, Elapsed = 11s, Current field = Official Website
2026-09-16 11:44:06,981 - WARNING - DuckDuckGo returned status 0 (length: 0). Triggering immediate failover within 1.5s.

----------------------------------------
SEARCH DIAGNOSTICS
SEARCH QUERY: Bharatgaurav Enterprises official website
SEARCH ENGINE: DuckDuckGo
HTTP STATUS: 0
RESULT PAGE TITLE: 
RESULT URL: https://html.duckduckgo.com/html/?q=Bharatgaurav+Enterprises+official+website
RESULT HTML LENGTH: 0
EXTRACTED URL COUNT: 0
----------------------------------------
SEARCH RESULT: 0 usable URLs returned from DuckDuckGo
Switching to Fallback Provider (Yahoo)...

----------------------------------------
FALLBACK SEARCH DIAGNOSTICS
SEARCH QUERY: Bharatgaurav Enterprises official website
SEARCH ENGINE: Yahoo
HTTP STATUS: 200
RESULT PAGE TITLE: Bharatgaurav Enterprises official website - Yahoo Search Results
RESULT URL: https://search.yahoo.com/search?p=Bharatgaurav+Enterprises+official+website
RESULT HTML LENGTH: 161382
EXTRACTED URL COUNT: 2
----------------------------------------
SEARCH RESULT: 2 usable URLs discovered from Yahoo
2026-09-16 11:46:19,847 - WARNING - SELLER ENRICHMENT TIME LIMIT REACHED (120s). Aborting remaining fields for 'Bharatgaurav Enterprises'.
2026-09-16 11:46:19,849 - INFO - [INFO] Scraped 'Bharatgaurav Enterprises' -> GST: NO | Phone: NO | Address: NO | Email: NO | PAN: NO | Website: NO

SELLER ENRICHMENT COMPLETE

Seller:
Bharatgaurav Enterprises

Fields found:
Phone: NO
Email: NO
GST: NO
PAN: NO
Address: NO
Website: NO

Continuing to next seller...

2026-09-16 11:46:19,907 - INFO - Closed Playwright browser session safely
2026-09-16 11:46:19,908 - INFO - Read 1 final verified records from SQLite for 'Hair Perms & Texturizers'

========================================
BACKUP VALIDATION
=================
Backup:
/home/runner/work/Amazon-Scrapper/Amazon-Scrapper/output/backups/Amazon_Seller_Master_Data_20260916_114620_backup.xlsx

Source rows:
415

Backup rows:
415

Source size:
62086 bytes

Backup size:
62086 bytes

Backup XLSX:
VALID

Worksheet:
Amazon Sellers

First sellers:
1. Campusactivewear
2. Cocoblu Retail
3. Cocoblu Retail
4. BansalEnterprises
5. APPOO TRADING

BACKUP VERIFIED SUCCESSFULLY
========================================

2026-09-16 11:46:20,124 - INFO - Created safety backup of master Excel at /home/runner/work/Amazon-Scrapper/Amazon-Scrapper/output/backups/Amazon_Seller_Master_Data_20260916_114620_backup.xlsx

========================================
FINAL MASTER EXCEL VALIDATION
=============================

File:
/home/runner/work/Amazon-Scrapper/Amazon-Scrapper/output/Amazon_Seller_Master_Data.xlsx

File size:
62200 bytes

Excel rows including header:
416

Seller records:
415

Categories:
- Accessories
- American Football
- Bag Accessories
- Bags & Backpacks
- Bar Tables
- Baseball
- Basketball
- Bathroom Cabinets
- Bathroom Mirrors
- Bathroom Stools
- Bedroom Sets
- Beds
- Beds, Frames & Bases
- Belts
- Benches
- Bodysuits
- Boots
- Bowling
- Box Springs
- Cabinets & Sideboards
- Canvas & Beach Tote Bags
- Cheerleading
- Christening Wear
- Clothing Accessories
- Clothing Sets
- Competitive Swimwear
- Corner Shelves
- Cricket
- Cutting Boards
- Cycling
- Dance
- Dining Room Sets
- Disposable Spoons
- Dresses
- Dresses & Jumpsuits
- Dressing Tables
- Dungarees
- Equestrian Sports
- Ethnic Wear
- Fabrics
- Finger Guards
- Footboards
- Footies
- Garment Covers
- Golf
- Gym Bags
- Gymnastics
- Hair Perms & Texturizers
- Handbags & Clutches
- Hiking & Outdoor Recreation
- Hockey
- Ice Hockey
- Ice Skating
- Innerwear
- Jeans
- Jumpsuits & Dungarees
- Key Chains
- Lacrosse
- Laptop Bags
- Leggings
- Lehenga Cholis
- Luggage
- Martial Arts
- Maternity Wear
- Men'S Casual Shoes
- Men'S Clogs
- Men'S Ethnic Shoes
- Men'S Formal Shoes
- Men'S Sandals & Floaters
- Men'S Sports Shoes
- Men's Shoes
- Messenger & Sling Bags
- Netball
- Overalls
- Pants
- Pumps
- Rainwear
- Rompers
- Rugby
- Safety Shoe
- School Bags & Sets
- School Shoes
- School Uniforms
- Serving Sets
- Shirts
- Shopping Bags & Baskets
- Shorts
- Shrugs
- Skiing
- Skirts & Shorts
- Sleepwear
- Slipper Racks
- Sneakers
- Snowboarding
- Soccer
- Softball
- Sportswear
- Suits & Blazers
- Sunglasses & Spectacle Frames
- Swimwear
- T-Shirts & Polos
- Thong Sandals
- Tights & Leggings
- Tops, T-Shirts & Shirts
- Towel Holder
- Towel Racks
- Trackpants & Joggers
- Travel Accessories
- Unstitched Fabrics
- Vanity Units
- Volleyball
- Wallets, Card Cases
- Western Wear
- Winter Wear
- Women'S Ballerinas
- Women'S Casual Shoes
- Women'S Clogs
- Women'S Ethnic Shoes
- Women'S Flats
- Women'S Flats Amazon
- Women'S Formals
- Women'S Heels
- Women'S Slippers & Flip Flops
- Women'S Sports Sandals
- Women'S Sports Shoes
- Women's Flats Amazon
- Yoga

Hair Perms & Texturizers rows:
1

First 5 Hair Perms & Texturizers sellers:
1. Bharatgaurav Enterprises

Excel validation:
PASSED
========================================

2026-09-16 11:46:20,454 - INFO - Master Excel updated: Added 1 rows for category 'Hair Perms & Texturizers'. Total seller records=415

>>>>>>>>>>>>>>>>>>>>>>>>>>>>>>>>>>>>>>>>
BATCH CATEGORY [98/108]: 'Hair Styling Accessories'
URL: https://www.amazon.in/s?k=Hair+Styling+Accessories
>>>>>>>>>>>>>>>>>>>>>>>>>>>>>>>>>>>>>>>>

2026-09-16 11:46:20,471 - INFO - Target Category: 'Hair Styling Accessories'
2026-09-16 11:46:20,471 - INFO - Target URL: 'https://www.amazon.in/s?k=Hair+Styling+Accessories'
2026-09-16 11:46:20,861 - INFO - Created Amazon browser context generation 1
2026-09-16 11:46:20,861 - INFO - Started Playwright Chromium session (headless=True, timeout=30000ms, downloads=enabled)
2026-09-16 11:46:20,861 - INFO - Discovering products for category 'Hair Styling Accessories' from https://www.amazon.in/s?k=Hair+Styling+Accessories...
2026-09-16 11:46:20,910 - INFO - Navigating to Amazon search page 1: https://www.amazon.in/s?k=Hair+Styling+Accessories
Opening Amazon...
Attempt: 1/3
2026-09-16 11:46:21,059 - WARNING - Direct navigation triggered download trap for 'Hair Styling Accessories'. Trying UI search fallback...
Amazon navigation error (attempt 1/3): Page.goto: Navigation to "https://www.amazon.in/" is interrupted by another navigation to "chrome-error://chromewebdata/"
Call log:
  - navigating to "https://www.amazon.in/", waiting until "domcontentloaded"

2026-09-16 11:46:21,176 - WARNING - Error opening Amazon search page (attempt 1): https://www.amazon.in/s?k=Hair+Styling+Accessories: Page.goto: Navigation to "https://www.amazon.in/" is interrupted by another navigation to "chrome-error://chromewebdata/"
Call log:
  - navigating to "https://www.amazon.in/", waiting until "domcontentloaded"

Retrying in 2s...
Opening Amazon...
Attempt: 2/3
2026-09-16 11:46:23,334 - WARNING - Direct navigation triggered download trap for 'Hair Styling Accessories'. Trying UI search fallback...
Amazon navigation error (attempt 2/3): Page.goto: Navigation to "https://www.amazon.in/" is interrupted by another navigation to "chrome-error://chromewebdata/"
Call log:
  - navigating to "https://www.amazon.in/", waiting until "domcontentloaded"

2026-09-16 11:46:23,458 - WARNING - Error opening Amazon search page (attempt 2): https://www.amazon.in/s?k=Hair+Styling+Accessories: Page.goto: Navigation to "https://www.amazon.in/" is interrupted by another navigation to "chrome-error://chromewebdata/"
Call log:
  - navigating to "https://www.amazon.in/", waiting until "domcontentloaded"

Retrying in 5s...
Opening Amazon...
Attempt: 3/3
2026-09-16 11:46:28,614 - WARNING - Direct navigation triggered download trap for 'Hair Styling Accessories'. Trying UI search fallback...
Amazon navigation error (attempt 3/3): Page.goto: Navigation to "https://www.amazon.in/" is interrupted by another navigation to "chrome-error://chromewebdata/"
Call log:
  - navigating to "https://www.amazon.in/", waiting until "domcontentloaded"

2026-09-16 11:46:28,736 - WARNING - Error opening Amazon search page (attempt 3): https://www.amazon.in/s?k=Hair+Styling+Accessories: Page.goto: Navigation to "https://www.amazon.in/" is interrupted by another navigation to "chrome-error://chromewebdata/"
Call log:
  - navigating to "https://www.amazon.in/", waiting until "domcontentloaded"

2026-09-16 11:46:28,739 - ERROR - Category 'Hair Styling Accessories' BLOCKED by Amazon: Amazon blocked or unavailable (Navigation Error: Page.goto: Navigation to "https://www.amazon.in/" is interrupted by another navigation to "chrome-error://chromewebdata/"
Call log:
  - navigating to "https://www.amazon.in/", waiting until "domcontentloaded"
) at https://www.amazon.in/s?k=Hair+Styling+Accessories
2026-09-16 11:46:28,784 - INFO - Closed Playwright browser session safely

>>>>>>>>>>>>>>>>>>>>>>>>>>>>>>>>>>>>>>>>
BATCH CATEGORY [99/108]: 'Hair Accessory'
URL: https://www.amazon.in/s?k=Hair+Accessory
>>>>>>>>>>>>>>>>>>>>>>>>>>>>>>>>>>>>>>>>

2026-09-16 11:46:28,786 - INFO - Target Category: 'Hair Accessory'
2026-09-16 11:46:28,786 - INFO - Target URL: 'https://www.amazon.in/s?k=Hair+Accessory'
2026-09-16 11:46:29,175 - INFO - Created Amazon browser context generation 1
2026-09-16 11:46:29,175 - INFO - Started Playwright Chromium session (headless=True, timeout=30000ms, downloads=enabled)
2026-09-16 11:46:29,175 - INFO - Discovering products for category 'Hair Accessory' from https://www.amazon.in/s?k=Hair+Accessory...
2026-09-16 11:46:29,217 - INFO - Navigating to Amazon search page 1: https://www.amazon.in/s?k=Hair+Accessory
Opening Amazon...
Attempt: 1/3
2026-09-16 11:46:29,365 - WARNING - Direct navigation triggered download trap for 'Hair Accessory'. Trying UI search fallback...
Amazon navigation error (attempt 1/3): Page.goto: Navigation to "https://www.amazon.in/" is interrupted by another navigation to "chrome-error://chromewebdata/"
Call log:
  - navigating to "https://www.amazon.in/", waiting until "domcontentloaded"

2026-09-16 11:46:29,489 - WARNING - Error opening Amazon search page (attempt 1): https://www.amazon.in/s?k=Hair+Accessory: Page.goto: Navigation to "https://www.amazon.in/" is interrupted by another navigation to "chrome-error://chromewebdata/"
Call log:
  - navigating to "https://www.amazon.in/", waiting until "domcontentloaded"

Retrying in 2s...
Opening Amazon...
Attempt: 2/3
2026-09-16 11:46:31,658 - WARNING - Direct navigation triggered download trap for 'Hair Accessory'. Trying UI search fallback...
Amazon navigation error (attempt 2/3): Page.goto: Navigation to "https://www.amazon.in/" is interrupted by another navigation to "chrome-error://chromewebdata/"
Call log:
  - navigating to "https://www.amazon.in/", waiting until "domcontentloaded"

2026-09-16 11:46:31,780 - WARNING - Error opening Amazon search page (attempt 2): https://www.amazon.in/s?k=Hair+Accessory: Page.goto: Navigation to "https://www.amazon.in/" is interrupted by another navigation to "chrome-error://chromewebdata/"
Call log:
  - navigating to "https://www.amazon.in/", waiting until "domcontentloaded"

Retrying in 5s...
Opening Amazon...
Attempt: 3/3
2026-09-16 11:46:36,942 - WARNING - Direct navigation triggered download trap for 'Hair Accessory'. Trying UI search fallback...
Amazon navigation error (attempt 3/3): Page.goto: Navigation to "https://www.amazon.in/" is interrupted by another navigation to "chrome-error://chromewebdata/"
Call log:
  - navigating to "https://www.amazon.in/", waiting until "domcontentloaded"

2026-09-16 11:46:37,060 - WARNING - Error opening Amazon search page (attempt 3): https://www.amazon.in/s?k=Hair+Accessory: Page.goto: Navigation to "https://www.amazon.in/" is interrupted by another navigation to "chrome-error://chromewebdata/"
Call log:
  - navigating to "https://www.amazon.in/", waiting until "domcontentloaded"

2026-09-16 11:46:37,063 - ERROR - Category 'Hair Accessory' BLOCKED by Amazon: Amazon blocked or unavailable (Navigation Error: Page.goto: Navigation to "https://www.amazon.in/" is interrupted by another navigation to "chrome-error://chromewebdata/"
Call log:
  - navigating to "https://www.amazon.in/", waiting until "domcontentloaded"
) at https://www.amazon.in/s?k=Hair+Accessory
2026-09-16 11:46:37,111 - INFO - Closed Playwright browser session safely

>>>>>>>>>>>>>>>>>>>>>>>>>>>>>>>>>>>>>>>>
BATCH CATEGORY [100/108]: 'Hair Styling Tools'
URL: https://www.amazon.in/s?k=Hair+Styling+Tools
>>>>>>>>>>>>>>>>>>>>>>>>>>>>>>>>>>>>>>>>

2026-09-16 11:46:37,113 - INFO - Target Category: 'Hair Styling Tools'
2026-09-16 11:46:37,113 - INFO - Target URL: 'https://www.amazon.in/s?k=Hair+Styling+Tools'
2026-09-16 11:46:37,510 - INFO - Created Amazon browser context generation 1
2026-09-16 11:46:37,510 - INFO - Started Playwright Chromium session (headless=True, timeout=30000ms, downloads=enabled)
2026-09-16 11:46:37,510 - INFO - Discovering products for category 'Hair Styling Tools' from https://www.amazon.in/s?k=Hair+Styling+Tools...
2026-09-16 11:46:37,550 - INFO - Navigating to Amazon search page 1: https://www.amazon.in/s?k=Hair+Styling+Tools
Opening Amazon...
Attempt: 1/3
2026-09-16 11:46:37,688 - WARNING - Direct navigation triggered download trap for 'Hair Styling Tools'. Trying UI search fallback...
Amazon navigation error (attempt 1/3): Page.goto: Navigation to "https://www.amazon.in/" is interrupted by another navigation to "chrome-error://chromewebdata/"
Call log:
  - navigating to "https://www.amazon.in/", waiting until "domcontentloaded"

2026-09-16 11:46:37,812 - WARNING - Error opening Amazon search page (attempt 1): https://www.amazon.in/s?k=Hair+Styling+Tools: Page.goto: Navigation to "https://www.amazon.in/" is interrupted by another navigation to "chrome-error://chromewebdata/"
Call log:
  - navigating to "https://www.amazon.in/", waiting until "domcontentloaded"

Retrying in 2s...
Opening Amazon...
Attempt: 2/3
2026-09-16 11:46:39,974 - WARNING - Direct navigation triggered download trap for 'Hair Styling Tools'. Trying UI search fallback...
Amazon navigation error (attempt 2/3): Page.goto: Navigation to "https://www.amazon.in/" is interrupted by another navigation to "chrome-error://chromewebdata/"
Call log:
  - navigating to "https://www.amazon.in/", waiting until "domcontentloaded"

2026-09-16 11:46:40,129 - WARNING - Error opening Amazon search page (attempt 2): https://www.amazon.in/s?k=Hair+Styling+Tools: Page.goto: Navigation to "https://www.amazon.in/" is interrupted by another navigation to "chrome-error://chromewebdata/"
Call log:
  - navigating to "https://www.amazon.in/", waiting until "domcontentloaded"

Retrying in 5s...
Opening Amazon...
Attempt: 3/3
Amazon page loaded
2026-09-16 11:46:47,660 - INFO - Found 207 raw product links on page 1
Products discovered: 20
2026-09-16 11:46:47,962 - INFO - Discovered 20 total unique product URLs so far
2026-09-16 11:46:47,962 - INFO - Discovered 20 products for category 'Hair Styling Tools'
2026-09-16 11:46:47,962 - INFO - [1/20] Processing product ASIN: B0GNM66RYF
2026-09-16 11:46:47,992 - INFO - Opening Amazon product page for multi-seller extraction: https://www.amazon.in/dp/B0GNM66RYF
2026-09-16 11:46:50,228 - INFO - PRODUCT: Add to your order
2026-09-16 11:46:50,228 - INFO - ASIN: B0GNM66RYF

PRODUCT: Add to your order
ASIN: B0GNM66RYF
2026-09-16 11:46:50,255 - INFO - BUY BOX SELLER: SHREE ENTERPRIS..
BUY BOX SELLER: SHREE ENTERPRIS..
2026-09-16 11:46:50,255 - INFO - AOD: Opening All Offers...
AOD: Opening All Offers...
2026-09-16 11:46:56,696 - INFO - AOD: Initial offers found: 0
AOD: Initial offers found: 0
2026-09-16 11:46:56,752 - INFO - Clicking offer load-more control: a:has-text('See more')
2026-09-16 11:46:58,316 - INFO - AOD: No new sellers found (attempt 1/3)
AOD: No new sellers found (attempt 1/3)
2026-09-16 11:46:58,359 - INFO - Clicking offer load-more control: a:has-text('See more')
2026-09-16 11:46:59,921 - INFO - AOD: No new sellers found (attempt 2/3)
AOD: No new sellers found (attempt 2/3)
2026-09-16 11:46:59,957 - INFO - Clicking offer load-more control: a:has-text('See more')
2026-09-16 11:47:01,482 - INFO - AOD: No new sellers found (attempt 3/3)
AOD: No new sellers found (attempt 3/3)
2026-09-16 11:47:01,511 - INFO - Clicking offer load-more control: a:has-text('See more')
2026-09-16 11:47:03,076 - INFO - Clicking offer load-more control: a:has-text('See more')
2026-09-16 11:47:04,631 - INFO - AOD: No new sellers found (attempt 1/3)
AOD: No new sellers found (attempt 1/3)
2026-09-16 11:47:04,672 - INFO - Clicking offer load-more control: a:has-text('See more')
2026-09-16 11:47:06,216 - INFO - AOD: No new sellers found (attempt 2/3)
AOD: No new sellers found (attempt 2/3)
2026-09-16 11:47:06,261 - INFO - Clicking offer load-more control: a:has-text('See more')
2026-09-16 11:47:07,816 - INFO - AOD: No new sellers found (attempt 3/3)
AOD: No new sellers found (attempt 3/3)
2026-09-16 11:47:07,839 - INFO - Clicking offer load-more control: a:has-text('See more')
2026-09-16 11:47:09,392 - INFO - Clicking offer load-more control: a:has-text('See more')
2026-09-16 11:47:10,948 - INFO - AOD: No new sellers found (attempt 1/3)
AOD: No new sellers found (attempt 1/3)
2026-09-16 11:47:10,983 - INFO - Clicking offer load-more control: a:has-text('See more')
2026-09-16 11:47:12,533 - INFO - AOD: No new sellers found (attempt 2/3)
AOD: No new sellers found (attempt 2/3)
2026-09-16 11:47:12,566 - INFO - Clicking offer load-more control: a:has-text('See more')
2026-09-16 11:47:14,100 - INFO - AOD: No new sellers found (attempt 3/3)
AOD: No new sellers found (attempt 3/3)
2026-09-16 11:47:14,122 - INFO - Clicking offer load-more control: a:has-text('See more')
2026-09-16 11:47:15,673 - INFO - Clicking offer load-more control: a:has-text('See more')
2026-09-16 11:47:17,199 - INFO - AOD: No new sellers found (attempt 1/3)
AOD: No new sellers found (attempt 1/3)
2026-09-16 11:47:17,235 - INFO - Clicking offer load-more control: a:has-text('See more')
2026-09-16 11:47:18,780 - INFO - AOD: No new sellers found (attempt 2/3)
AOD: No new sellers found (attempt 2/3)
2026-09-16 11:47:18,813 - INFO - Clicking offer load-more control: a:has-text('See more')
2026-09-16 11:47:20,365 - INFO - AOD: No new sellers found (attempt 3/3)
AOD: No new sellers found (attempt 3/3)
2026-09-16 11:47:20,386 - INFO - Clicking offer load-more control: a:has-text('See more')
2026-09-16 11:47:21,942 - INFO - Clicking offer load-more control: a:has-text('See more')
2026-09-16 11:47:23,498 - INFO - AOD: No new sellers found (attempt 1/3)
AOD: No new sellers found (attempt 1/3)
2026-09-16 11:47:23,531 - INFO - Clicking offer load-more control: a:has-text('See more')
2026-09-16 11:47:25,064 - INFO - AOD: No new sellers found (attempt 2/3)
AOD: No new sellers found (attempt 2/3)
2026-09-16 11:47:25,097 - INFO - Clicking offer load-more control: a:has-text('See more')
2026-09-16 11:47:26,649 - INFO - AOD: No new sellers found (attempt 3/3)
AOD: No new sellers found (attempt 3/3)
2026-09-16 11:47:26,672 - INFO - Clicking offer load-more control: a:has-text('See more')
2026-09-16 11:47:28,223 - INFO - Clicking offer load-more control: a:has-text('See more')
2026-09-16 11:47:29,748 - INFO - AOD: No new sellers found (attempt 1/3)
AOD: No new sellers found (attempt 1/3)
2026-09-16 11:47:29,784 - INFO - Clicking offer load-more control: a:has-text('See more')
2026-09-16 11:47:31,332 - INFO - AOD: No new sellers found (attempt 2/3)
AOD: No new sellers found (attempt 2/3)
2026-09-16 11:47:31,374 - INFO - Clicking offer load-more control: a:has-text('See more')
2026-09-16 11:47:32,897 - INFO - AOD: No new sellers found (attempt 3/3)
AOD: No new sellers found (attempt 3/3)
2026-09-16 11:47:32,918 - INFO - Clicking offer load-more control: a:has-text('See more')
2026-09-16 11:47:34,471 - INFO - Clicking offer load-more control: a:has-text('See more')
2026-09-16 11:47:35,998 - INFO - AOD: No new sellers found (attempt 1/3)
AOD: No new sellers found (attempt 1/3)
2026-09-16 11:47:36,033 - INFO - Clicking offer load-more control: a:has-text('See more')
2026-09-16 11:47:37,566 - INFO - AOD: No new sellers found (attempt 2/3)
AOD: No new sellers found (attempt 2/3)
2026-09-16 11:47:37,600 - INFO - Clicking offer load-more control: a:has-text('See more')
2026-09-16 11:47:39,130 - INFO - AOD: No new sellers found (attempt 3/3)
AOD: No new sellers found (attempt 3/3)
2026-09-16 11:47:39,153 - INFO - Clicking offer load-more control: a:has-text('See more')
2026-09-16 11:47:40,704 - INFO - Clicking offer load-more control: a:has-text('See more')
2026-09-16 11:47:42,231 - INFO - AOD: No new sellers found (attempt 1/3)
AOD: No new sellers found (attempt 1/3)
2026-09-16 11:47:42,268 - INFO - Clicking offer load-more control: a:has-text('See more')
2026-09-16 11:47:43,797 - INFO - AOD: No new sellers found (attempt 2/3)
AOD: No new sellers found (attempt 2/3)
2026-09-16 11:47:43,832 - INFO - Clicking offer load-more control: a:has-text('See more')
2026-09-16 11:47:45,366 - INFO - AOD: No new sellers found (attempt 3/3)
AOD: No new sellers found (attempt 3/3)
2026-09-16 11:47:45,389 - INFO - Clicking offer load-more control: a:has-text('See more')
2026-09-16 11:47:46,940 - INFO - Clicking offer load-more control: a:has-text('See more')
2026-09-16 11:47:48,465 - INFO - AOD: No new sellers found (attempt 1/3)
AOD: No new sellers found (attempt 1/3)
2026-09-16 11:47:48,501 - INFO - Clicking offer load-more control: a:has-text('See more')
2026-09-16 11:47:50,031 - INFO - AOD: No new sellers found (attempt 2/3)
AOD: No new sellers found (attempt 2/3)
2026-09-16 11:47:50,076 - INFO - Clicking offer load-more control: a:has-text('See more')
2026-09-16 11:47:51,630 - INFO - AOD: No new sellers found (attempt 3/3)
AOD: No new sellers found (attempt 3/3)
2026-09-16 11:47:51,651 - INFO - Clicking offer load-more control: a:has-text('See more')
2026-09-16 11:47:53,205 - INFO - Clicking offer load-more control: a:has-text('See more')
2026-09-16 11:47:54,731 - INFO - AOD: No new sellers found (attempt 1/3)
AOD: No new sellers found (attempt 1/3)
2026-09-16 11:47:54,765 - INFO - Clicking offer load-more control: a:has-text('See more')
2026-09-16 11:47:56,297 - INFO - AOD: No new sellers found (attempt 2/3)
AOD: No new sellers found (attempt 2/3)
2026-09-16 11:47:56,340 - INFO - Clicking offer load-more control: a:has-text('See more')
2026-09-16 11:47:57,880 - INFO - AOD: No new sellers found (attempt 3/3)
AOD: No new sellers found (attempt 3/3)
2026-09-16 11:47:57,902 - INFO - Clicking offer load-more control: a:has-text('See more')
2026-09-16 11:47:59,455 - INFO - Clicking offer load-more control: a:has-text('See more')
2026-09-16 11:48:00,979 - INFO - AOD: No new sellers found (attempt 1/3)
AOD: No new sellers found (attempt 1/3)
2026-09-16 11:48:01,013 - INFO - Clicking offer load-more control: a:has-text('See more')
2026-09-16 11:48:02,564 - INFO - AOD: No new sellers found (attempt 2/3)
AOD: No new sellers found (attempt 2/3)
2026-09-16 11:48:02,600 - INFO - Clicking offer load-more control: a:has-text('See more')
2026-09-16 11:48:04,130 - INFO - AOD: No new sellers found (attempt 3/3)
AOD: No new sellers found (attempt 3/3)
2026-09-16 11:48:04,150 - INFO - Clicking offer load-more control: a:has-text('See more')
2026-09-16 11:48:05,702 - INFO - Clicking offer load-more control: a:has-text('See more')
2026-09-16 11:48:07,228 - INFO - AOD: No new sellers found (attempt 1/3)
AOD: No new sellers found (attempt 1/3)
2026-09-16 11:48:07,271 - INFO - Clicking offer load-more control: a:has-text('See more')
2026-09-16 11:48:08,814 - INFO - AOD: No new sellers found (attempt 2/3)
AOD: No new sellers found (attempt 2/3)
2026-09-16 11:48:08,847 - INFO - Clicking offer load-more control: a:has-text('See more')
2026-09-16 11:48:10,397 - INFO - AOD: No new sellers found (attempt 3/3)
AOD: No new sellers found (attempt 3/3)
2026-09-16 11:48:10,419 - INFO - Clicking offer load-more control: a:has-text('See more')
2026-09-16 11:48:11,988 - INFO - Clicking offer load-more control: a:has-text('See more')
2026-09-16 11:48:13,513 - INFO - AOD: No new sellers found (attempt 1/3)
AOD: No new sellers found (attempt 1/3)
2026-09-16 11:48:13,547 - INFO - Clicking offer load-more control: a:has-text('See more')
2026-09-16 11:48:15,079 - INFO - AOD: No new sellers found (attempt 2/3)
AOD: No new sellers found (attempt 2/3)
2026-09-16 11:48:15,124 - INFO - Clicking offer load-more control: a:has-text('See more')
2026-09-16 11:48:16,662 - INFO - AOD: No new sellers found (attempt 3/3)
AOD: No new sellers found (attempt 3/3)
2026-09-16 11:48:16,683 - INFO - Clicking offer load-more control: a:has-text('See more')
2026-09-16 11:48:18,201 - WARNING - OFFER EXTRACTION TIMEOUT
ASIN: B0GNM66RYF
SELLERS COLLECTED: 1
STATUS: Continuing with collected sellers

OFFER EXTRACTION TIMEOUT
ASIN: B0GNM66RYF
SELLERS COLLECTED: 1
STATUS: Continuing with collected sellers

2026-09-16 11:48:18,201 - INFO - AOD EXTRACTION COMPLETE | ASIN: B0GNM66RYF | TOTAL UNIQUE SELLERS: 1

AOD EXTRACTION COMPLETE
ASIN: B0GNM66RYF
TOTAL UNIQUE SELLERS: 1

2026-09-16 11:48:18,201 - INFO - Opening Amazon seller profile page: https://www.amazon.in/gp/help/seller/at-a-glance.html/ref=dp_merchant_link?ie=UTF8&seller=A2RH37WK5IP6MV&asin=B0GNM66RYF&ref_=dp_merchant_link
2026-09-16 11:48:21,784 - INFO - [2/20] Processing product ASIN: B0BZ4WQLZV
2026-09-16 11:48:21,820 - INFO - Opening Amazon product page for multi-seller extraction: https://www.amazon.in/dp/B0BZ4WQLZV
2026-09-16 11:48:24,136 - INFO - PRODUCT: Add to your order
2026-09-16 11:48:24,136 - INFO - ASIN: B0BZ4WQLZV

PRODUCT: Add to your order
ASIN: B0BZ4WQLZV
2026-09-16 11:48:24,162 - INFO - BUY BOX SELLER: GlobalBees Health
BUY BOX SELLER: GlobalBees Health
2026-09-16 11:48:24,163 - INFO - AOD: Opening All Offers...
AOD: Opening All Offers...
2026-09-16 11:48:30,606 - INFO - AOD: Initial offers found: 0
AOD: Initial offers found: 0
2026-09-16 11:48:30,662 - INFO - Clicking offer load-more control: a:has-text('See more')
2026-09-16 11:48:32,221 - INFO - AOD: No new sellers found (attempt 1/3)
AOD: No new sellers found (attempt 1/3)
2026-09-16 11:48:32,262 - INFO - Clicking offer load-more control: a:has-text('See more')
2026-09-16 11:48:33,796 - INFO - AOD: No new sellers found (attempt 2/3)
AOD: No new sellers found (attempt 2/3)
2026-09-16 11:48:33,842 - INFO - Clicking offer load-more control: a:has-text('See more')
2026-09-16 11:48:35,397 - INFO - AOD: No new sellers found (attempt 3/3)
AOD: No new sellers found (attempt 3/3)
2026-09-16 11:48:35,419 - INFO - Clicking offer load-more control: a:has-text('See more')
2026-09-16 11:48:36,976 - INFO - Clicking offer load-more control: a:has-text('See more')
2026-09-16 11:48:38,530 - INFO - AOD: No new sellers found (attempt 1/3)
AOD: No new sellers found (attempt 1/3)
2026-09-16 11:48:38,581 - INFO - Clicking offer load-more control: a:has-text('See more')
2026-09-16 11:48:40,130 - INFO - AOD: No new sellers found (attempt 2/3)
AOD: No new sellers found (attempt 2/3)
2026-09-16 11:48:40,166 - INFO - Clicking offer load-more control: a:has-text('See more')
2026-09-16 11:48:41,695 - INFO - AOD: No new sellers found (attempt 3/3)
AOD: No new sellers found (attempt 3/3)
2026-09-16 11:48:41,717 - INFO - Clicking offer load-more control: a:has-text('See more')
2026-09-16 11:48:43,272 - INFO - Clicking offer load-more control: a:has-text('See more')
2026-09-16 11:48:44,828 - INFO - AOD: No new sellers found (attempt 1/3)
AOD: No new sellers found (attempt 1/3)
2026-09-16 11:48:44,866 - INFO - Clicking offer load-more control: a:has-text('See more')
2026-09-16 11:48:46,396 - INFO - AOD: No new sellers found (attempt 2/3)
AOD: No new sellers found (attempt 2/3)
2026-09-16 11:48:46,435 - INFO - Clicking offer load-more control: a:has-text('See more')
2026-09-16 11:48:47,962 - INFO - AOD: No new sellers found (attempt 3/3)
AOD: No new sellers found (attempt 3/3)
2026-09-16 11:48:47,985 - INFO - Clicking offer load-more control: a:has-text('See more')
2026-09-16 11:48:49,544 - INFO - Clicking offer load-more control: a:has-text('See more')
2026-09-16 11:48:51,094 - INFO - AOD: No new sellers found (attempt 1/3)
AOD: No new sellers found (attempt 1/3)
2026-09-16 11:48:51,131 - INFO - Clicking offer load-more control: a:has-text('See more')
2026-09-16 11:48:52,663 - INFO - AOD: No new sellers found (attempt 2/3)
AOD: No new sellers found (attempt 2/3)
2026-09-16 11:48:52,700 - INFO - Clicking offer load-more control: a:has-text('See more')
2026-09-16 11:48:54,228 - INFO - AOD: No new sellers found (attempt 3/3)
AOD: No new sellers found (attempt 3/3)
2026-09-16 11:48:54,250 - INFO - Clicking offer load-more control: a:has-text('See more')
2026-09-16 11:48:55,806 - INFO - Clicking offer load-more control: a:has-text('See more')
2026-09-16 11:48:57,365 - INFO - AOD: No new sellers found (attempt 1/3)
AOD: No new sellers found (attempt 1/3)
2026-09-16 11:48:57,403 - INFO - Clicking offer load-more control: a:has-text('See more')
2026-09-16 11:48:58,927 - INFO - AOD: No new sellers found (attempt 2/3)
AOD: No new sellers found (attempt 2/3)
2026-09-16 11:48:58,963 - INFO - Clicking offer load-more control: a:has-text('See more')
2026-09-16 11:49:00,496 - INFO - AOD: No new sellers found (attempt 3/3)
AOD: No new sellers found (attempt 3/3)
2026-09-16 11:49:00,520 - INFO - Clicking offer load-more control: a:has-text('See more')
2026-09-16 11:49:02,074 - INFO - Clicking offer load-more control: a:has-text('See more')
2026-09-16 11:49:03,611 - INFO - AOD: No new sellers found (attempt 1/3)
AOD: No new sellers found (attempt 1/3)
2026-09-16 11:49:03,648 - INFO - Clicking offer load-more control: a:has-text('See more')
2026-09-16 11:49:05,178 - INFO - AOD: No new sellers found (attempt 2/3)
AOD: No new sellers found (attempt 2/3)
2026-09-16 11:49:05,214 - INFO - Clicking offer load-more control: a:has-text('See more')
2026-09-16 11:49:06,746 - INFO - AOD: No new sellers found (attempt 3/3)
AOD: No new sellers found (attempt 3/3)
2026-09-16 11:49:06,776 - INFO - Clicking offer load-more control: a:has-text('See more')
2026-09-16 11:49:08,340 - INFO - Clicking offer load-more control: a:has-text('See more')
2026-09-16 11:49:09,895 - INFO - AOD: No new sellers found (attempt 1/3)
AOD: No new sellers found (attempt 1/3)
2026-09-16 11:49:09,932 - INFO - Clicking offer load-more control: a:has-text('See more')
2026-09-16 11:49:11,460 - INFO - AOD: No new sellers found (attempt 2/3)
AOD: No new sellers found (attempt 2/3)
2026-09-16 11:49:11,500 - INFO - Clicking offer load-more control: a:has-text('See more')
2026-09-16 11:49:13,028 - INFO - AOD: No new sellers found (attempt 3/3)
AOD: No new sellers found (attempt 3/3)
2026-09-16 11:49:13,050 - INFO - Clicking offer load-more control: a:has-text('See more')
2026-09-16 11:49:14,603 - INFO - Clicking offer load-more control: a:has-text('See more')
2026-09-16 11:49:16,162 - INFO - AOD: No new sellers found (attempt 1/3)
AOD: No new sellers found (attempt 1/3)
2026-09-16 11:49:16,208 - INFO - Clicking offer load-more control: a:has-text('See more')
2026-09-16 11:49:17,760 - INFO - AOD: No new sellers found (attempt 2/3)
AOD: No new sellers found (attempt 2/3)
2026-09-16 11:49:17,795 - INFO - Clicking offer load-more control: a:has-text('See more')
2026-09-16 11:49:19,343 - INFO - AOD: No new sellers found (attempt 3/3)
AOD: No new sellers found (attempt 3/3)
2026-09-16 11:49:19,364 - INFO - Clicking offer load-more control: a:has-text('See more')
2026-09-16 11:49:20,918 - INFO - Clicking offer load-more control: a:has-text('See more')
2026-09-16 11:49:22,443 - INFO - AOD: No new sellers found (attempt 1/3)
AOD: No new sellers found (attempt 1/3)
2026-09-16 11:49:22,480 - INFO - Clicking offer load-more control: a:has-text('See more')
2026-09-16 11:49:24,011 - INFO - AOD: No new sellers found (attempt 2/3)
AOD: No new sellers found (attempt 2/3)
2026-09-16 11:49:24,046 - INFO - Clicking offer load-more control: a:has-text('See more')
2026-09-16 11:49:25,576 - INFO - AOD: No new sellers found (attempt 3/3)
AOD: No new sellers found (attempt 3/3)
2026-09-16 11:49:25,597 - INFO - Clicking offer load-more control: a:has-text('See more')
2026-09-16 11:49:27,155 - INFO - Clicking offer load-more control: a:has-text('See more')
2026-09-16 11:49:28,710 - INFO - AOD: No new sellers found (attempt 1/3)
AOD: No new sellers found (attempt 1/3)
2026-09-16 11:49:28,747 - INFO - Clicking offer load-more control: a:has-text('See more')
2026-09-16 11:49:30,276 - INFO - AOD: No new sellers found (attempt 2/3)
AOD: No new sellers found (attempt 2/3)
2026-09-16 11:49:30,315 - INFO - Clicking offer load-more control: a:has-text('See more')
2026-09-16 11:49:31,859 - INFO - AOD: No new sellers found (attempt 3/3)
AOD: No new sellers found (attempt 3/3)
2026-09-16 11:49:31,881 - INFO - Clicking offer load-more control: a:has-text('See more')
2026-09-16 11:49:33,448 - INFO - Clicking offer load-more control: a:has-text('See more')
2026-09-16 11:49:34,992 - INFO - AOD: No new sellers found (attempt 1/3)
AOD: No new sellers found (attempt 1/3)
2026-09-16 11:49:35,028 - INFO - Clicking offer load-more control: a:has-text('See more')
2026-09-16 11:49:36,558 - INFO - AOD: No new sellers found (attempt 2/3)
AOD: No new sellers found (attempt 2/3)
2026-09-16 11:49:36,593 - INFO - Clicking offer load-more control: a:has-text('See more')
2026-09-16 11:49:38,124 - INFO - AOD: No new sellers found (attempt 3/3)
AOD: No new sellers found (attempt 3/3)
2026-09-16 11:49:38,147 - INFO - Clicking offer load-more control: a:has-text('See more')
2026-09-16 11:49:39,703 - INFO - Clicking offer load-more control: a:has-text('See more')
2026-09-16 11:49:41,259 - INFO - AOD: No new sellers found (attempt 1/3)
AOD: No new sellers found (attempt 1/3)
2026-09-16 11:49:41,295 - INFO - Clicking offer load-more control: a:has-text('See more')
2026-09-16 11:49:42,825 - INFO - AOD: No new sellers found (attempt 2/3)
AOD: No new sellers found (attempt 2/3)
2026-09-16 11:49:42,866 - INFO - Clicking offer load-more control: a:has-text('See more')
2026-09-16 11:49:44,409 - INFO - AOD: No new sellers found (attempt 3/3)
AOD: No new sellers found (attempt 3/3)
2026-09-16 11:49:44,430 - INFO - Clicking offer load-more control: a:has-text('See more')
2026-09-16 11:49:45,987 - INFO - Clicking offer load-more control: a:has-text('See more')
2026-09-16 11:49:47,542 - INFO - AOD: No new sellers found (attempt 1/3)
AOD: No new sellers found (attempt 1/3)
2026-09-16 11:49:47,579 - INFO - Clicking offer load-more control: a:has-text('See more')
2026-09-16 11:49:49,109 - INFO - AOD: No new sellers found (attempt 2/3)
AOD: No new sellers found (attempt 2/3)
2026-09-16 11:49:49,144 - INFO - Clicking offer load-more control: a:has-text('See more')
2026-09-16 11:49:50,676 - INFO - AOD: No new sellers found (attempt 3/3)
AOD: No new sellers found (attempt 3/3)
2026-09-16 11:49:50,697 - INFO - Clicking offer load-more control: a:has-text('See more')
2026-09-16 11:49:52,213 - WARNING - OFFER EXTRACTION TIMEOUT
ASIN: B0BZ4WQLZV
SELLERS COLLECTED: 1
STATUS: Continuing with collected sellers

OFFER EXTRACTION TIMEOUT
ASIN: B0BZ4WQLZV
SELLERS COLLECTED: 1
STATUS: Continuing with collected sellers

2026-09-16 11:49:52,213 - INFO - AOD EXTRACTION COMPLETE | ASIN: B0BZ4WQLZV | TOTAL UNIQUE SELLERS: 1

AOD EXTRACTION COMPLETE
ASIN: B0BZ4WQLZV
TOTAL UNIQUE SELLERS: 1

2026-09-16 11:49:52,213 - INFO - Opening Amazon seller profile page: https://www.amazon.in/gp/help/seller/at-a-glance.html/ref=dp_merchant_link?ie=UTF8&seller=A34IIKDE0CKQVF&asin=B0BZ4WQLZV&ref_=dp_merchant_link&isAmazonFulfilled=1
2026-09-16 11:49:56,261 - INFO - [3/20] Processing product ASIN: B0H3F8SWT4
2026-09-16 11:49:56,296 - INFO - Opening Amazon product page for multi-seller extraction: https://www.amazon.in/dp/B0H3F8SWT4
2026-09-16 11:49:58,520 - INFO - PRODUCT: Add to your order
2026-09-16 11:49:58,520 - INFO - ASIN: B0H3F8SWT4

PRODUCT: Add to your order
ASIN: B0H3F8SWT4
2026-09-16 11:49:58,544 - INFO - BUY BOX SELLER: VD BROTHER
BUY BOX SELLER: VD BROTHER
2026-09-16 11:49:58,544 - INFO - AOD: Opening All Offers...
AOD: Opening All Offers...
2026-09-16 11:49:58,628 - INFO - AOD: Initial offers found: 0
AOD: Initial offers found: 0
2026-09-16 11:49:58,667 - INFO - Clicking offer load-more control: a:has-text('See more')
2026-09-16 11:50:00,213 - INFO - AOD: No new sellers found (attempt 1/3)
AOD: No new sellers found (attempt 1/3)
2026-09-16 11:50:00,248 - INFO - Clicking offer load-more control: a:has-text('See more')
2026-09-16 11:50:01,775 - INFO - AOD: No new sellers found (attempt 2/3)
AOD: No new sellers found (attempt 2/3)
2026-09-16 11:50:01,810 - INFO - Clicking offer load-more control: a:has-text('See more')
2026-09-16 11:50:03,341 - INFO - AOD: No new sellers found (attempt 3/3)
AOD: No new sellers found (attempt 3/3)
2026-09-16 11:50:03,362 - INFO - Clicking offer load-more control: a:has-text('See more')
2026-09-16 11:50:04,916 - INFO - Clicking offer load-more control: a:has-text('See more')
2026-09-16 11:50:06,439 - INFO - AOD: No new sellers found (attempt 1/3)
AOD: No new sellers found (attempt 1/3)
2026-09-16 11:50:06,473 - INFO - Clicking offer load-more control: a:has-text('See more')
2026-09-16 11:50:08,059 - INFO - AOD: No new sellers found (attempt 2/3)
AOD: No new sellers found (attempt 2/3)
2026-09-16 11:50:08,092 - INFO - Clicking offer load-more control: a:has-text('See more')
2026-09-16 11:50:09,624 - INFO - AOD: No new sellers found (attempt 3/3)
AOD: No new sellers found (attempt 3/3)
2026-09-16 11:50:09,646 - INFO - Clicking offer load-more control: a:has-text('See more')
2026-09-16 11:50:11,198 - INFO - Clicking offer load-more control: a:has-text('See more')
2026-09-16 11:50:12,742 - INFO - AOD: No new sellers found (attempt 1/3)
AOD: No new sellers found (attempt 1/3)
2026-09-16 11:50:12,773 - INFO - Clicking offer load-more control: a:has-text('See more')
2026-09-16 11:50:14,323 - INFO - AOD: No new sellers found (attempt 2/3)
AOD: No new sellers found (attempt 2/3)
2026-09-16 11:50:14,356 - INFO - Clicking offer load-more control: a:has-text('See more')
2026-09-16 11:50:15,907 - INFO - AOD: No new sellers found (attempt 3/3)
AOD: No new sellers found (attempt 3/3)
2026-09-16 11:50:15,928 - INFO - Clicking offer load-more control: a:has-text('See more')
2026-09-16 11:50:17,482 - INFO - Clicking offer load-more control: a:has-text('See more')
2026-09-16 11:50:19,007 - INFO - AOD: No new sellers found (attempt 1/3)
AOD: No new sellers found (attempt 1/3)
2026-09-16 11:50:19,039 - INFO - Clicking offer load-more control: a:has-text('See more')
2026-09-16 11:50:20,591 - INFO - AOD: No new sellers found (attempt 2/3)
AOD: No new sellers found (attempt 2/3)
2026-09-16 11:50:20,624 - INFO - Clicking offer load-more control: a:has-text('See more')
2026-09-16 11:50:22,173 - INFO - AOD: No new sellers found (attempt 3/3)
AOD: No new sellers found (attempt 3/3)
2026-09-16 11:50:22,193 - INFO - Clicking offer load-more control: a:has-text('See more')
2026-09-16 11:50:23,756 - INFO - Clicking offer load-more control: a:has-text('See more')
2026-09-16 11:50:25,306 - INFO - AOD: No new sellers found (attempt 1/3)
AOD: No new sellers found (attempt 1/3)
2026-09-16 11:50:25,338 - INFO - Clicking offer load-more control: a:has-text('See more')
2026-09-16 11:50:26,890 - INFO - AOD: No new sellers found (attempt 2/3)
AOD: No new sellers found (attempt 2/3)
2026-09-16 11:50:26,922 - INFO - Clicking offer load-more control: a:has-text('See more')
2026-09-16 11:50:28,473 - INFO - AOD: No new sellers found (attempt 3/3)
AOD: No new sellers found (attempt 3/3)
2026-09-16 11:50:28,493 - INFO - Clicking offer load-more control: a:has-text('See more')
2026-09-16 11:50:30,047 - INFO - Clicking offer load-more control: a:has-text('See more')
2026-09-16 11:50:31,572 - INFO - AOD: No new sellers found (attempt 1/3)
AOD: No new sellers found (attempt 1/3)
2026-09-16 11:50:31,604 - INFO - Clicking offer load-more control: a:has-text('See more')
2026-09-16 11:50:33,159 - INFO - AOD: No new sellers found (attempt 2/3)
AOD: No new sellers found (attempt 2/3)
2026-09-16 11:50:33,193 - INFO - Clicking offer load-more control: a:has-text('See more')
2026-09-16 11:50:34,723 - INFO - AOD: No new sellers found (attempt 3/3)
AOD: No new sellers found (attempt 3/3)
2026-09-16 11:50:34,744 - INFO - Clicking offer load-more control: a:has-text('See more')
2026-09-16 11:50:36,312 - INFO - Clicking offer load-more control: a:has-text('See more')
2026-09-16 11:50:37,839 - INFO - AOD: No new sellers found (attempt 1/3)
AOD: No new sellers found (attempt 1/3)
2026-09-16 11:50:37,878 - INFO - Clicking offer load-more control: a:has-text('See more')
2026-09-16 11:50:39,422 - INFO - AOD: No new sellers found (attempt 2/3)
AOD: No new sellers found (attempt 2/3)
2026-09-16 11:50:39,453 - INFO - Clicking offer load-more control: a:has-text('See more')
2026-09-16 11:50:41,007 - INFO - AOD: No new sellers found (attempt 3/3)
AOD: No new sellers found (attempt 3/3)
2026-09-16 11:50:41,026 - INFO - Clicking offer load-more control: a:has-text('See more')
2026-09-16 11:50:42,580 - INFO - Clicking offer load-more control: a:has-text('See more')
2026-09-16 11:50:44,104 - INFO - AOD: No new sellers found (attempt 1/3)
AOD: No new sellers found (attempt 1/3)
2026-09-16 11:50:44,140 - INFO - Clicking offer load-more control: a:has-text('See more')
2026-09-16 11:50:45,693 - INFO - AOD: No new sellers found (attempt 2/3)
AOD: No new sellers found (attempt 2/3)
2026-09-16 11:50:45,727 - INFO - Clicking offer load-more control: a:has-text('See more')
2026-09-16 11:50:47,255 - INFO - AOD: No new sellers found (attempt 3/3)
AOD: No new sellers found (attempt 3/3)
2026-09-16 11:50:47,276 - INFO - Clicking offer load-more control: a:has-text('See more')
2026-09-16 11:50:48,843 - INFO - Clicking offer load-more control: a:has-text('See more')
2026-09-16 11:50:50,373 - INFO - AOD: No new sellers found (attempt 1/3)
AOD: No new sellers found (attempt 1/3)
2026-09-16 11:50:50,406 - INFO - Clicking offer load-more control: a:has-text('See more')
2026-09-16 11:50:51,956 - INFO - AOD: No new sellers found (attempt 2/3)
AOD: No new sellers found (attempt 2/3)
2026-09-16 11:50:51,987 - INFO - Clicking offer load-more control: a:has-text('See more')
2026-09-16 11:50:53,537 - INFO - AOD: No new sellers found (attempt 3/3)
AOD: No new sellers found (attempt 3/3)
2026-09-16 11:50:53,556 - INFO - Clicking offer load-more control: a:has-text('See more')
2026-09-16 11:50:55,120 - INFO - Clicking offer load-more control: a:has-text('See more')
2026-09-16 11:50:56,670 - INFO - AOD: No new sellers found (attempt 1/3)
AOD: No new sellers found (attempt 1/3)
2026-09-16 11:50:56,701 - INFO - Clicking offer load-more control: a:has-text('See more')
2026-09-16 11:50:58,255 - INFO - AOD: No new sellers found (attempt 2/3)
AOD: No new sellers found (attempt 2/3)
2026-09-16 11:50:58,288 - INFO - Clicking offer load-more control: a:has-text('See more')
2026-09-16 11:50:59,838 - INFO - AOD: No new sellers found (attempt 3/3)
AOD: No new sellers found (attempt 3/3)
2026-09-16 11:50:59,858 - INFO - Clicking offer load-more control: a:has-text('See more')
2026-09-16 11:51:01,419 - INFO - Clicking offer load-more control: a:has-text('See more')
2026-09-16 11:51:02,971 - INFO - AOD: No new sellers found (attempt 1/3)
AOD: No new sellers found (attempt 1/3)
2026-09-16 11:51:03,002 - INFO - Clicking offer load-more control: a:has-text('See more')
2026-09-16 11:51:04,555 - INFO - AOD: No new sellers found (attempt 2/3)
AOD: No new sellers found (attempt 2/3)
2026-09-16 11:51:04,586 - INFO - Clicking offer load-more control: a:has-text('See more')
2026-09-16 11:51:06,138 - INFO - AOD: No new sellers found (attempt 3/3)
AOD: No new sellers found (attempt 3/3)
2026-09-16 11:51:06,159 - INFO - Clicking offer load-more control: a:has-text('See more')
2026-09-16 11:51:07,711 - INFO - Clicking offer load-more control: a:has-text('See more')
2026-09-16 11:51:09,238 - INFO - AOD: No new sellers found (attempt 1/3)
AOD: No new sellers found (attempt 1/3)
2026-09-16 11:51:09,272 - INFO - Clicking offer load-more control: a:has-text('See more')
2026-09-16 11:51:10,822 - INFO - AOD: No new sellers found (attempt 2/3)
AOD: No new sellers found (attempt 2/3)
2026-09-16 11:51:10,856 - INFO - Clicking offer load-more control: a:has-text('See more')
2026-09-16 11:51:12,389 - INFO - AOD: No new sellers found (attempt 3/3)
AOD: No new sellers found (attempt 3/3)
2026-09-16 11:51:12,410 - INFO - Clicking offer load-more control: a:has-text('See more')
2026-09-16 11:51:13,960 - INFO - Clicking offer load-more control: a:has-text('See more')
2026-09-16 11:51:15,487 - INFO - AOD: No new sellers found (attempt 1/3)
AOD: No new sellers found (attempt 1/3)
2026-09-16 11:51:15,517 - INFO - Clicking offer load-more control: a:has-text('See more')
2026-09-16 11:51:17,071 - INFO - AOD: No new sellers found (attempt 2/3)
AOD: No new sellers found (attempt 2/3)
2026-09-16 11:51:17,104 - INFO - Clicking offer load-more control: a:has-text('See more')
2026-09-16 11:51:18,654 - INFO - AOD: No new sellers found (attempt 3/3)
AOD: No new sellers found (attempt 3/3)
2026-09-16 11:51:18,674 - INFO - Clicking offer load-more control: a:has-text('See more')
2026-09-16 11:51:20,227 - INFO - Clicking offer load-more control: a:has-text('See more')
2026-09-16 11:51:21,752 - INFO - AOD: No new sellers found (attempt 1/3)
AOD: No new sellers found (attempt 1/3)
2026-09-16 11:51:21,760 - INFO - AOD EXTRACTION COMPLETE | ASIN: B0H3F8SWT4 | TOTAL UNIQUE SELLERS: 1

AOD EXTRACTION COMPLETE
ASIN: B0H3F8SWT4
TOTAL UNIQUE SELLERS: 1

2026-09-16 11:51:21,760 - INFO - Opening Amazon seller profile page: https://www.amazon.in/gp/help/seller/at-a-glance.html/ref=dp_merchant_link?ie=UTF8&seller=AGPW27XP28HGQ&asin=B0H3F8SWT4&ref_=dp_merchant_link
2026-09-16 11:51:25,839 - INFO - [4/20] Processing product ASIN: B0D73YK1P2
2026-09-16 11:51:25,873 - INFO - Opening Amazon product page for multi-seller extraction: https://www.amazon.in/dp/B0D73YK1P2
2026-09-16 11:51:28,176 - INFO - PRODUCT: Add to your order
2026-09-16 11:51:28,176 - INFO - ASIN: B0D73YK1P2

PRODUCT: Add to your order
ASIN: B0D73YK1P2
2026-09-16 11:51:28,212 - INFO - BUY BOX SELLER: OWNAIR LIFESTYLE PVT LTD
BUY BOX SELLER: OWNAIR LIFESTYLE PVT LTD
2026-09-16 11:51:28,212 - INFO - AOD: Opening All Offers...
AOD: Opening All Offers...
2026-09-16 11:51:28,299 - INFO - AOD: Initial offers found: 0
AOD: Initial offers found: 0
2026-09-16 11:51:28,340 - INFO - Clicking offer load-more control: a:has-text('See more')
2026-09-16 11:51:29,892 - INFO - AOD: No new sellers found (attempt 1/3)
AOD: No new sellers found (attempt 1/3)
2026-09-16 11:51:29,927 - INFO - Clicking offer load-more control: a:has-text('See more')
2026-09-16 11:51:31,454 - INFO - AOD: No new sellers found (attempt 2/3)
AOD: No new sellers found (attempt 2/3)
2026-09-16 11:51:31,492 - INFO - Clicking offer load-more control: a:has-text('See more')
2026-09-16 11:51:33,024 - INFO - AOD: No new sellers found (attempt 3/3)
AOD: No new sellers found (attempt 3/3)
2026-09-16 11:51:33,047 - INFO - Clicking offer load-more control: a:has-text('See more')
2026-09-16 11:51:34,598 - INFO - Clicking offer load-more control: a:has-text('See more')
2026-09-16 11:51:36,154 - INFO - AOD: No new sellers found (attempt 1/3)
AOD: No new sellers found (attempt 1/3)
2026-09-16 11:51:36,191 - INFO - Clicking offer load-more control: a:has-text('See more')
2026-09-16 11:51:37,723 - INFO - AOD: No new sellers found (attempt 2/3)
AOD: No new sellers found (attempt 2/3)
2026-09-16 11:51:37,760 - INFO - Clicking offer load-more control: a:has-text('See more')
2026-09-16 11:51:39,305 - INFO - AOD: No new sellers found (attempt 3/3)
AOD: No new sellers found (attempt 3/3)
2026-09-16 11:51:39,327 - INFO - Clicking offer load-more control: a:has-text('See more')
2026-09-16 11:51:40,881 - INFO - Clicking offer load-more control: a:has-text('See more')
2026-09-16 11:51:42,440 - INFO - AOD: No new sellers found (attempt 1/3)
AOD: No new sellers found (attempt 1/3)
2026-09-16 11:51:42,486 - INFO - Clicking offer load-more control: a:has-text('See more')
2026-09-16 11:51:44,038 - INFO - AOD: No new sellers found (attempt 2/3)
AOD: No new sellers found (attempt 2/3)
2026-09-16 11:51:44,073 - INFO - Clicking offer load-more control: a:has-text('See more')
2026-09-16 11:51:45,603 - INFO - AOD: No new sellers found (attempt 3/3)
AOD: No new sellers found (attempt 3/3)
2026-09-16 11:51:45,624 - INFO - Clicking offer load-more control: a:has-text('See more')
2026-09-16 11:51:47,180 - INFO - Clicking offer load-more control: a:has-text('See more')
2026-09-16 11:51:48,704 - INFO - AOD: No new sellers found (attempt 1/3)
AOD: No new sellers found (attempt 1/3)
2026-09-16 11:51:48,741 - INFO - Clicking offer load-more control: a:has-text('See more')
2026-09-16 11:51:50,271 - INFO - AOD: No new sellers found (attempt 2/3)
AOD: No new sellers found (attempt 2/3)
2026-09-16 11:51:50,307 - INFO - Clicking offer load-more control: a:has-text('See more')
2026-09-16 11:51:51,855 - INFO - AOD: No new sellers found (attempt 3/3)
AOD: No new sellers found (attempt 3/3)
2026-09-16 11:51:51,877 - INFO - Clicking offer load-more control: a:has-text('See more')
2026-09-16 11:51:53,427 - INFO - Clicking offer load-more control: a:has-text('See more')
2026-09-16 11:51:54,954 - INFO - AOD: No new sellers found (attempt 1/3)
AOD: No new sellers found (attempt 1/3)
2026-09-16 11:51:54,991 - INFO - Clicking offer load-more control: a:has-text('See more')
2026-09-16 11:51:56,520 - INFO - AOD: No new sellers found (attempt 2/3)
AOD: No new sellers found (attempt 2/3)
2026-09-16 11:51:56,558 - INFO - Clicking offer load-more control: a:has-text('See more')
2026-09-16 11:51:58,088 - INFO - AOD: No new sellers found (attempt 3/3)
AOD: No new sellers found (attempt 3/3)
2026-09-16 11:51:58,109 - INFO - Clicking offer load-more control: a:has-text('See more')
2026-09-16 11:51:59,678 - INFO - Clicking offer load-more control: a:has-text('See more')
2026-09-16 11:52:01,222 - INFO - AOD: No new sellers found (attempt 1/3)
AOD: No new sellers found (attempt 1/3)
2026-09-16 11:52:01,257 - INFO - Clicking offer load-more control: a:has-text('See more')
2026-09-16 11:52:02,789 - INFO - AOD: No new sellers found (attempt 2/3)
AOD: No new sellers found (attempt 2/3)
2026-09-16 11:52:02,827 - INFO - Clicking offer load-more control: a:has-text('See more')
2026-09-16 11:52:04,353 - INFO - AOD: No new sellers found (attempt 3/3)
AOD: No new sellers found (attempt 3/3)
2026-09-16 11:52:04,375 - INFO - Clicking offer load-more control: a:has-text('See more')
2026-09-16 11:52:05,932 - INFO - Clicking offer load-more control: a:has-text('See more')
2026-09-16 11:52:07,489 - INFO - AOD: No new sellers found (attempt 1/3)
AOD: No new sellers found (attempt 1/3)
2026-09-16 11:52:07,526 - INFO - Clicking offer load-more control: a:has-text('See more')
2026-09-16 11:52:09,053 - INFO - AOD: No new sellers found (attempt 2/3)
AOD: No new sellers found (attempt 2/3)
2026-09-16 11:52:09,091 - INFO - Clicking offer load-more control: a:has-text('See more')
2026-09-16 11:52:10,622 - INFO - AOD: No new sellers found (attempt 3/3)
AOD: No new sellers found (attempt 3/3)
2026-09-16 11:52:10,643 - INFO - Clicking offer load-more control: a:has-text('See more')
2026-09-16 11:52:12,209 - INFO - Clicking offer load-more control: a:has-text('See more')
2026-09-16 11:52:13,736 - INFO - AOD: No new sellers found (attempt 1/3)
AOD: No new sellers found (attempt 1/3)
2026-09-16 11:52:13,774 - INFO - Clicking offer load-more control: a:has-text('See more')
2026-09-16 11:52:15,304 - INFO - AOD: No new sellers found (attempt 2/3)
AOD: No new sellers found (attempt 2/3)
2026-09-16 11:52:15,339 - INFO - Clicking offer load-more control: a:has-text('See more')
2026-09-16 11:52:16,871 - INFO - AOD: No new sellers found (attempt 3/3)
AOD: No new sellers found (attempt 3/3)
2026-09-16 11:52:16,893 - INFO - Clicking offer load-more control: a:has-text('See more')
2026-09-16 11:52:18,463 - INFO - Clicking offer load-more control: a:has-text('See more')
2026-09-16 11:52:20,021 - INFO - AOD: No new sellers found (attempt 1/3)
AOD: No new sellers found (attempt 1/3)
2026-09-16 11:52:20,057 - INFO - Clicking offer load-more control: a:has-text('See more')
2026-09-16 11:52:21,587 - INFO - AOD: No new sellers found (attempt 2/3)
AOD: No new sellers found (attempt 2/3)
2026-09-16 11:52:21,622 - INFO - Clicking offer load-more control: a:has-text('See more')
2026-09-16 11:52:23,152 - INFO - AOD: No new sellers found (attempt 3/3)
AOD: No new sellers found (attempt 3/3)
2026-09-16 11:52:23,174 - INFO - Clicking offer load-more control: a:has-text('See more')
2026-09-16 11:52:24,728 - INFO - Clicking offer load-more control: a:has-text('See more')
2026-09-16 11:52:26,252 - INFO - AOD: No new sellers found (attempt 1/3)
AOD: No new sellers found (attempt 1/3)
2026-09-16 11:52:26,290 - INFO - Clicking offer load-more control: a:has-text('See more')
2026-09-16 11:52:27,820 - INFO - AOD: No new sellers found (attempt 2/3)
AOD: No new sellers found (attempt 2/3)
2026-09-16 11:52:27,866 - INFO - Clicking offer load-more control: a:has-text('See more')
2026-09-16 11:52:29,420 - INFO - AOD: No new sellers found (attempt 3/3)
AOD: No new sellers found (attempt 3/3)
2026-09-16 11:52:29,442 - INFO - Clicking offer load-more control: a:has-text('See more')
2026-09-16 11:52:31,016 - INFO - Clicking offer load-more control: a:has-text('See more')
2026-09-16 11:52:32,570 - INFO - AOD: No new sellers found (attempt 1/3)
AOD: No new sellers found (attempt 1/3)
2026-09-16 11:52:32,605 - INFO - Clicking offer load-more control: a:has-text('See more')
2026-09-16 11:52:34,136 - INFO - AOD: No new sellers found (attempt 2/3)
AOD: No new sellers found (attempt 2/3)
2026-09-16 11:52:34,173 - INFO - Clicking offer load-more control: a:has-text('See more')
2026-09-16 11:52:35,704 - INFO - AOD: No new sellers found (attempt 3/3)
AOD: No new sellers found (attempt 3/3)
2026-09-16 11:52:35,726 - INFO - Clicking offer load-more control: a:has-text('See more')
2026-09-16 11:52:37,288 - INFO - Clicking offer load-more control: a:has-text('See more')
2026-09-16 11:52:38,838 - INFO - AOD: No new sellers found (attempt 1/3)
AOD: No new sellers found (attempt 1/3)
2026-09-16 11:52:38,887 - INFO - Clicking offer load-more control: a:has-text('See more')
2026-09-16 11:52:40,436 - INFO - AOD: No new sellers found (attempt 2/3)
AOD: No new sellers found (attempt 2/3)
2026-09-16 11:52:40,472 - INFO - Clicking offer load-more control: a:has-text('See more')
2026-09-16 11:52:42,017 - INFO - AOD: No new sellers found (attempt 3/3)
AOD: No new sellers found (attempt 3/3)
2026-09-16 11:52:42,038 - INFO - Clicking offer load-more control: a:has-text('See more')
2026-09-16 11:52:43,611 - INFO - Clicking offer load-more control: a:has-text('See more')
2026-09-16 11:52:45,135 - INFO - AOD: No new sellers found (attempt 1/3)
AOD: No new sellers found (attempt 1/3)
2026-09-16 11:52:45,170 - INFO - Clicking offer load-more control: a:has-text('See more')
2026-09-16 11:52:46,703 - INFO - AOD: No new sellers found (attempt 2/3)
AOD: No new sellers found (attempt 2/3)
2026-09-16 11:52:46,739 - INFO - Clicking offer load-more control: a:has-text('See more')
2026-09-16 11:52:48,270 - INFO - AOD: No new sellers found (attempt 3/3)
AOD: No new sellers found (attempt 3/3)
2026-09-16 11:52:48,300 - INFO - Clicking offer load-more control: a:has-text('See more')
2026-09-16 11:52:49,863 - INFO - Clicking offer load-more control: a:has-text('See more')
2026-09-16 11:52:51,418 - INFO - AOD: No new sellers found (attempt 1/3)
AOD: No new sellers found (attempt 1/3)
2026-09-16 11:52:51,427 - INFO - AOD EXTRACTION COMPLETE | ASIN: B0D73YK1P2 | TOTAL UNIQUE SELLERS: 1

AOD EXTRACTION COMPLETE
ASIN: B0D73YK1P2
TOTAL UNIQUE SELLERS: 1

2026-09-16 11:52:51,428 - INFO - Opening Amazon seller profile page: https://www.amazon.in/gp/help/seller/at-a-glance.html/ref=dp_merchant_link?ie=UTF8&seller=AKEI8L9BW39RA&asin=B0D73YK1P2&ref_=dp_merchant_link&isAmazonFulfilled=1
2026-09-16 11:52:55,216 - INFO - [5/20] Processing product ASIN: B0DNK6R3MC
2026-09-16 11:52:55,252 - INFO - Opening Amazon product page for multi-seller extraction: https://www.amazon.in/dp/B0DNK6R3MC
2026-09-16 11:52:57,512 - INFO - PRODUCT: Add to your order
2026-09-16 11:52:57,512 - INFO - ASIN: B0DNK6R3MC

PRODUCT: Add to your order
ASIN: B0DNK6R3MC
2026-09-16 11:52:57,541 - INFO - BUY BOX SELLER: Kay Kay Overseas Corporation Store
BUY BOX SELLER: Kay Kay Overseas Corporation Store
2026-09-16 11:52:57,541 - INFO - AOD: Opening All Offers...
AOD: Opening All Offers...
2026-09-16 11:52:57,625 - INFO - AOD: Initial offers found: 0
AOD: Initial offers found: 0
2026-09-16 11:52:57,674 - INFO - Clicking offer load-more control: a:has-text('See more')
2026-09-16 11:52:59,223 - INFO - AOD: No new sellers found (attempt 1/3)
AOD: No new sellers found (attempt 1/3)
2026-09-16 11:52:59,263 - INFO - Clicking offer load-more control: a:has-text('See more')
2026-09-16 11:53:00,839 - INFO - AOD: No new sellers found (attempt 2/3)
AOD: No new sellers found (attempt 2/3)
2026-09-16 11:53:00,878 - INFO - Clicking offer load-more control: a:has-text('See more')
2026-09-16 11:53:02,435 - INFO - AOD: No new sellers found (attempt 3/3)
AOD: No new sellers found (attempt 3/3)
2026-09-16 11:53:02,458 - INFO - Clicking offer load-more control: a:has-text('See more')
2026-09-16 11:53:04,028 - INFO - Clicking offer load-more control: a:has-text('See more')
2026-09-16 11:53:05,568 - INFO - AOD: No new sellers found (attempt 1/3)
AOD: No new sellers found (attempt 1/3)
2026-09-16 11:53:05,604 - INFO - Clicking offer load-more control: a:has-text('See more')
2026-09-16 11:53:07,151 - INFO - AOD: No new sellers found (attempt 2/3)
AOD: No new sellers found (attempt 2/3)
2026-09-16 11:53:07,190 - INFO - Clicking offer load-more control: a:has-text('See more')
2026-09-16 11:53:08,716 - INFO - AOD: No new sellers found (attempt 3/3)
AOD: No new sellers found (attempt 3/3)
2026-09-16 11:53:08,740 - INFO - Clicking offer load-more control: a:has-text('See more')
2026-09-16 11:53:10,294 - INFO - Clicking offer load-more control: a:has-text('See more')
2026-09-16 11:53:11,852 - INFO - AOD: No new sellers found (attempt 1/3)
AOD: No new sellers found (attempt 1/3)
2026-09-16 11:53:11,890 - INFO - Clicking offer load-more control: a:has-text('See more')
2026-09-16 11:53:13,419 - INFO - AOD: No new sellers found (attempt 2/3)
AOD: No new sellers found (attempt 2/3)
2026-09-16 11:53:13,465 - INFO - Clicking offer load-more control: a:has-text('See more')
2026-09-16 11:53:15,018 - INFO - AOD: No new sellers found (attempt 3/3)
AOD: No new sellers found (attempt 3/3)
2026-09-16 11:53:15,039 - INFO - Clicking offer load-more control: a:has-text('See more')
2026-09-16 11:53:16,593 - INFO - Clicking offer load-more control: a:has-text('See more')
2026-09-16 11:53:18,118 - INFO - AOD: No new sellers found (attempt 1/3)
AOD: No new sellers found (attempt 1/3)
2026-09-16 11:53:18,158 - INFO - Clicking offer load-more control: a:has-text('See more')
2026-09-16 11:53:19,700 - INFO - AOD: No new sellers found (attempt 2/3)
AOD: No new sellers found (attempt 2/3)
2026-09-16 11:53:19,735 - INFO - Clicking offer load-more control: a:has-text('See more')
2026-09-16 11:53:21,268 - INFO - AOD: No new sellers found (attempt 3/3)
AOD: No new sellers found (attempt 3/3)
2026-09-16 11:53:21,290 - INFO - Clicking offer load-more control: a:has-text('See more')
2026-09-16 11:53:22,849 - INFO - Clicking offer load-more control: a:has-text('See more')
2026-09-16 11:53:24,403 - INFO - AOD: No new sellers found (attempt 1/3)
AOD: No new sellers found (attempt 1/3)
2026-09-16 11:53:24,440 - INFO - Clicking offer load-more control: a:has-text('See more')
2026-09-16 11:53:25,966 - INFO - AOD: No new sellers found (attempt 2/3)
AOD: No new sellers found (attempt 2/3)
2026-09-16 11:53:26,001 - INFO - Clicking offer load-more control: a:has-text('See more')
2026-09-16 11:53:27,532 - INFO - AOD: No new sellers found (attempt 3/3)
AOD: No new sellers found (attempt 3/3)
2026-09-16 11:53:27,554 - INFO - Clicking offer load-more control: a:has-text('See more')
2026-09-16 11:53:29,112 - INFO - Clicking offer load-more control: a:has-text('See more')
2026-09-16 11:53:30,670 - INFO - AOD: No new sellers found (attempt 1/3)
AOD: No new sellers found (attempt 1/3)
2026-09-16 11:53:30,705 - INFO - Clicking offer load-more control: a:has-text('See more')
2026-09-16 11:53:32,250 - INFO - AOD: No new sellers found (attempt 2/3)
AOD: No new sellers found (attempt 2/3)
2026-09-16 11:53:32,285 - INFO - Clicking offer load-more control: a:has-text('See more')
2026-09-16 11:53:33,819 - INFO - AOD: No new sellers found (attempt 3/3)
AOD: No new sellers found (attempt 3/3)
2026-09-16 11:53:33,840 - INFO - Clicking offer load-more control: a:has-text('See more')
2026-09-16 11:53:35,392 - INFO - Clicking offer load-more control: a:has-text('See more')
2026-09-16 11:53:36,933 - INFO - AOD: No new sellers found (attempt 1/3)
AOD: No new sellers found (attempt 1/3)
2026-09-16 11:53:36,971 - INFO - Clicking offer load-more control: a:has-text('See more')
2026-09-16 11:53:38,499 - INFO - AOD: No new sellers found (attempt 2/3)
AOD: No new sellers found (attempt 2/3)
2026-09-16 11:53:38,534 - INFO - Clicking offer load-more control: a:has-text('See more')
2026-09-16 11:53:40,065 - INFO - AOD: No new sellers found (attempt 3/3)
AOD: No new sellers found (attempt 3/3)
2026-09-16 11:53:40,088 - INFO - Clicking offer load-more control: a:has-text('See more')
2026-09-16 11:53:41,642 - INFO - Clicking offer load-more control: a:has-text('See more')
2026-09-16 11:53:43,166 - INFO - AOD: No new sellers found (attempt 1/3)
AOD: No new sellers found (attempt 1/3)
2026-09-16 11:53:43,206 - INFO - Clicking offer load-more control: a:has-text('See more')
2026-09-16 11:53:44,732 - INFO - AOD: No new sellers found (attempt 2/3)
AOD: No new sellers found (attempt 2/3)
2026-09-16 11:53:44,771 - INFO - Clicking offer load-more control: a:has-text('See more')
2026-09-16 11:53:46,300 - INFO - AOD: No new sellers found (attempt 3/3)
AOD: No new sellers found (attempt 3/3)
2026-09-16 11:53:46,321 - INFO - Clicking offer load-more control: a:has-text('See more')
2026-09-16 11:53:47,884 - INFO - Clicking offer load-more control: a:has-text('See more')
2026-09-16 11:53:49,433 - INFO - AOD: No new sellers found (attempt 1/3)
AOD: No new sellers found (attempt 1/3)
2026-09-16 11:53:49,468 - INFO - Clicking offer load-more control: a:has-text('See more')
2026-09-16 11:53:51,001 - INFO - AOD: No new sellers found (attempt 2/3)
AOD: No new sellers found (attempt 2/3)
2026-09-16 11:53:51,037 - INFO - Clicking offer load-more control: a:has-text('See more')
2026-09-16 11:53:52,566 - INFO - AOD: No new sellers found (attempt 3/3)
AOD: No new sellers found (attempt 3/3)
2026-09-16 11:53:52,588 - INFO - Clicking offer load-more control: a:has-text('See more')
2026-09-16 11:53:54,152 - INFO - Clicking offer load-more control: a:has-text('See more')
2026-09-16 11:53:55,700 - INFO - AOD: No new sellers found (attempt 1/3)
AOD: No new sellers found (attempt 1/3)
2026-09-16 11:53:55,736 - INFO - Clicking offer load-more control: a:has-text('See more')
2026-09-16 11:53:57,268 - INFO - AOD: No new sellers found (attempt 2/3)
AOD: No new sellers found (attempt 2/3)
2026-09-16 11:53:57,307 - INFO - Clicking offer load-more control: a:has-text('See more')
2026-09-16 11:53:58,833 - INFO - AOD: No new sellers found (attempt 3/3)
AOD: No new sellers found (attempt 3/3)
2026-09-16 11:53:58,855 - INFO - Clicking offer load-more control: a:has-text('See more')
2026-09-16 11:54:00,411 - INFO - Clicking offer load-more control: a:has-text('See more')
2026-09-16 11:54:01,966 - INFO - AOD: No new sellers found (attempt 1/3)
AOD: No new sellers found (attempt 1/3)
2026-09-16 11:54:02,003 - INFO - Clicking offer load-more control: a:has-text('See more')
2026-09-16 11:54:03,532 - INFO - AOD: No new sellers found (attempt 2/3)
AOD: No new sellers found (attempt 2/3)
2026-09-16 11:54:03,576 - INFO - Clicking offer load-more control: a:has-text('See more')
2026-09-16 11:54:05,132 - INFO - AOD: No new sellers found (attempt 3/3)
AOD: No new sellers found (attempt 3/3)
2026-09-16 11:54:05,154 - INFO - Clicking offer load-more control: a:has-text('See more')
2026-09-16 11:54:06,710 - INFO - Clicking offer load-more control: a:has-text('See more')
2026-09-16 11:54:08,265 - INFO - AOD: No new sellers found (attempt 1/3)
AOD: No new sellers found (attempt 1/3)
2026-09-16 11:54:08,302 - INFO - Clicking offer load-more control: a:has-text('See more')
2026-09-16 11:54:09,833 - INFO - AOD: No new sellers found (attempt 2/3)
AOD: No new sellers found (attempt 2/3)
2026-09-16 11:54:09,869 - INFO - Clicking offer load-more control: a:has-text('See more')
2026-09-16 11:54:11,400 - INFO - AOD: No new sellers found (attempt 3/3)
AOD: No new sellers found (attempt 3/3)
2026-09-16 11:54:11,421 - INFO - Clicking offer load-more control: a:has-text('See more')
2026-09-16 11:54:12,993 - INFO - Clicking offer load-more control: a:has-text('See more')
2026-09-16 11:54:14,547 - INFO - AOD: No new sellers found (attempt 1/3)
AOD: No new sellers found (attempt 1/3)
2026-09-16 11:54:14,585 - INFO - Clicking offer load-more control: a:has-text('See more')
2026-09-16 11:54:16,116 - INFO - AOD: No new sellers found (attempt 2/3)
AOD: No new sellers found (attempt 2/3)
2026-09-16 11:54:16,155 - INFO - Clicking offer load-more control: a:has-text('See more')
2026-09-16 11:54:17,680 - INFO - AOD: No new sellers found (attempt 3/3)
AOD: No new sellers found (attempt 3/3)
2026-09-16 11:54:17,701 - INFO - Clicking offer load-more control: a:has-text('See more')
2026-09-16 11:54:19,260 - INFO - Clicking offer load-more control: a:has-text('See more')
2026-09-16 11:54:20,817 - INFO - AOD: No new sellers found (attempt 1/3)
AOD: No new sellers found (attempt 1/3)
2026-09-16 11:54:20,827 - INFO - AOD EXTRACTION COMPLETE | ASIN: B0DNK6R3MC | TOTAL UNIQUE SELLERS: 1

AOD EXTRACTION COMPLETE
ASIN: B0DNK6R3MC
TOTAL UNIQUE SELLERS: 1

2026-09-16 11:54:20,827 - INFO - Opening Amazon seller profile page: https://www.amazon.in/gp/help/seller/at-a-glance.html/ref=dp_merchant_link?ie=UTF8&seller=A2GTG1HPYW8M2P&asin=B0DNK6R3MC&ref_=dp_merchant_link&isAmazonFulfilled=1
2026-09-16 11:54:24,691 - INFO - [6/20] Processing product ASIN: B0DKFW7LRC
2026-09-16 11:54:24,725 - INFO - Opening Amazon product page for multi-seller extraction: https://www.amazon.in/dp/B0DKFW7LRC
2026-09-16 11:54:27,099 - INFO - PRODUCT: Add to your order
2026-09-16 11:54:27,099 - INFO - ASIN: B0DKFW7LRC

PRODUCT: Add to your order
ASIN: B0DKFW7LRC
2026-09-16 11:54:27,124 - INFO - BUY BOX SELLER: Kay Kay Overseas Corporation Store
BUY BOX SELLER: Kay Kay Overseas Corporation Store
2026-09-16 11:54:27,124 - INFO - AOD: Opening All Offers...
AOD: Opening All Offers...
2026-09-16 11:54:33,574 - INFO - AOD: Initial offers found: 0
AOD: Initial offers found: 0
2026-09-16 11:54:33,628 - INFO - Clicking offer load-more control: a:has-text('See more')
2026-09-16 11:54:35,166 - INFO - AOD: No new sellers found (attempt 1/3)
AOD: No new sellers found (attempt 1/3)
2026-09-16 11:54:35,204 - INFO - Clicking offer load-more control: a:has-text('See more')
2026-09-16 11:54:36,731 - INFO - AOD: No new sellers found (attempt 2/3)
AOD: No new sellers found (attempt 2/3)
2026-09-16 11:54:36,780 - INFO - Clicking offer load-more control: a:has-text('See more')
2026-09-16 11:54:38,331 - INFO - AOD: No new sellers found (attempt 3/3)
AOD: No new sellers found (attempt 3/3)
2026-09-16 11:54:38,353 - INFO - Clicking offer load-more control: a:has-text('See more')
2026-09-16 11:54:39,908 - INFO - Clicking offer load-more control: a:has-text('See more')
2026-09-16 11:54:41,463 - INFO - AOD: No new sellers found (attempt 1/3)
AOD: No new sellers found (attempt 1/3)
2026-09-16 11:54:41,498 - INFO - Clicking offer load-more control: a:has-text('See more')
2026-09-16 11:54:43,032 - INFO - AOD: No new sellers found (attempt 2/3)
AOD: No new sellers found (attempt 2/3)
2026-09-16 11:54:43,066 - INFO - Clicking offer load-more control: a:has-text('See more')
2026-09-16 11:54:44,597 - INFO - AOD: No new sellers found (attempt 3/3)
AOD: No new sellers found (attempt 3/3)
2026-09-16 11:54:44,618 - INFO - Clicking offer load-more control: a:has-text('See more')
2026-09-16 11:54:46,180 - INFO - Clicking offer load-more control: a:has-text('See more')
2026-09-16 11:54:47,716 - INFO - AOD: No new sellers found (attempt 1/3)
AOD: No new sellers found (attempt 1/3)
2026-09-16 11:54:47,754 - INFO - Clicking offer load-more control: a:has-text('See more')
2026-09-16 11:54:49,281 - INFO - AOD: No new sellers found (attempt 2/3)
AOD: No new sellers found (attempt 2/3)
2026-09-16 11:54:49,318 - INFO - Clicking offer load-more control: a:has-text('See more')
2026-09-16 11:54:50,846 - INFO - AOD: No new sellers found (attempt 3/3)
AOD: No new sellers found (attempt 3/3)
2026-09-16 11:54:50,869 - INFO - Clicking offer load-more control: a:has-text('See more')
2026-09-16 11:54:52,422 - INFO - Clicking offer load-more control: a:has-text('See more')
2026-09-16 11:54:53,948 - INFO - AOD: No new sellers found (attempt 1/3)
AOD: No new sellers found (attempt 1/3)
2026-09-16 11:54:53,982 - INFO - Clicking offer load-more control: a:has-text('See more')
2026-09-16 11:54:55,516 - INFO - AOD: No new sellers found (attempt 2/3)
AOD: No new sellers found (attempt 2/3)
2026-09-16 11:54:55,555 - INFO - Clicking offer load-more control: a:has-text('See more')
2026-09-16 11:54:57,081 - INFO - AOD: No new sellers found (attempt 3/3)
AOD: No new sellers found (attempt 3/3)
2026-09-16 11:54:57,104 - INFO - Clicking offer load-more control: a:has-text('See more')
2026-09-16 11:54:58,658 - INFO - Clicking offer load-more control: a:has-text('See more')
2026-09-16 11:55:00,214 - INFO - AOD: No new sellers found (attempt 1/3)
AOD: No new sellers found (attempt 1/3)
2026-09-16 11:55:00,260 - INFO - Clicking offer load-more control: a:has-text('See more')
2026-09-16 11:55:01,798 - INFO - AOD: No new sellers found (attempt 2/3)
AOD: No new sellers found (attempt 2/3)
2026-09-16 11:55:01,836 - INFO - Clicking offer load-more control: a:has-text('See more')
2026-09-16 11:55:03,363 - INFO - AOD: No new sellers found (attempt 3/3)
AOD: No new sellers found (attempt 3/3)
2026-09-16 11:55:03,386 - INFO - Clicking offer load-more control: a:has-text('See more')
2026-09-16 11:55:04,938 - INFO - Clicking offer load-more control: a:has-text('See more')
2026-09-16 11:55:06,464 - INFO - AOD: No new sellers found (attempt 1/3)
AOD: No new sellers found (attempt 1/3)
2026-09-16 11:55:06,511 - INFO - Clicking offer load-more control: a:has-text('See more')
2026-09-16 11:55:08,062 - INFO - AOD: No new sellers found (attempt 2/3)
AOD: No new sellers found (attempt 2/3)
2026-09-16 11:55:08,102 - INFO - Clicking offer load-more control: a:has-text('See more')
2026-09-16 11:55:09,630 - INFO - AOD: No new sellers found (attempt 3/3)
AOD: No new sellers found (attempt 3/3)
2026-09-16 11:55:09,652 - INFO - Clicking offer load-more control: a:has-text('See more')
2026-09-16 11:55:11,207 - INFO - Clicking offer load-more control: a:has-text('See more')
2026-09-16 11:55:12,746 - INFO - AOD: No new sellers found (attempt 1/3)
AOD: No new sellers found (attempt 1/3)
2026-09-16 11:55:12,781 - INFO - Clicking offer load-more control: a:has-text('See more')
2026-09-16 11:55:14,312 - INFO - AOD: No new sellers found (attempt 2/3)
AOD: No new sellers found (attempt 2/3)
2026-09-16 11:55:14,359 - INFO - Clicking offer load-more control: a:has-text('See more')
2026-09-16 11:55:15,911 - INFO - AOD: No new sellers found (attempt 3/3)
AOD: No new sellers found (attempt 3/3)
2026-09-16 11:55:15,932 - INFO - Clicking offer load-more control: a:has-text('See more')
2026-09-16 11:55:17,491 - INFO - Clicking offer load-more control: a:has-text('See more')
2026-09-16 11:55:19,046 - INFO - AOD: No new sellers found (attempt 1/3)
AOD: No new sellers found (attempt 1/3)
2026-09-16 11:55:19,082 - INFO - Clicking offer load-more control: a:has-text('See more')
2026-09-16 11:55:20,612 - INFO - AOD: No new sellers found (attempt 2/3)
AOD: No new sellers found (attempt 2/3)
2026-09-16 11:55:20,648 - INFO - Clicking offer load-more control: a:has-text('See more')
2026-09-16 11:55:22,178 - INFO - AOD: No new sellers found (attempt 3/3)
AOD: No new sellers found (attempt 3/3)
2026-09-16 11:55:22,210 - INFO - Clicking offer load-more control: a:has-text('See more')
2026-09-16 11:55:23,771 - INFO - Clicking offer load-more control: a:has-text('See more')
2026-09-16 11:55:25,312 - INFO - AOD: No new sellers found (attempt 1/3)
AOD: No new sellers found (attempt 1/3)
2026-09-16 11:55:25,349 - INFO - Clicking offer load-more control: a:has-text('See more')
2026-09-16 11:55:26,880 - INFO - AOD: No new sellers found (attempt 2/3)
AOD: No new sellers found (attempt 2/3)
2026-09-16 11:55:26,921 - INFO - Clicking offer load-more control: a:has-text('See more')
2026-09-16 11:55:28,446 - INFO - AOD: No new sellers found (attempt 3/3)
AOD: No new sellers found (attempt 3/3)
2026-09-16 11:55:28,468 - INFO - Clicking offer load-more control: a:has-text('See more')
2026-09-16 11:55:30,023 - INFO - Clicking offer load-more control: a:has-text('See more')
2026-09-16 11:55:31,582 - INFO - AOD: No new sellers found (attempt 1/3)
AOD: No new sellers found (attempt 1/3)
2026-09-16 11:55:31,619 - INFO - Clicking offer load-more control: a:has-text('See more')
2026-09-16 11:55:33,145 - INFO - AOD: No new sellers found (attempt 2/3)
AOD: No new sellers found (attempt 2/3)
2026-09-16 11:55:33,183 - INFO - Clicking offer load-more control: a:has-text('See more')
2026-09-16 11:55:34,712 - INFO - AOD: No new sellers found (attempt 3/3)
AOD: No new sellers found (attempt 3/3)
2026-09-16 11:55:34,734 - INFO - Clicking offer load-more control: a:has-text('See more')
2026-09-16 11:55:36,299 - INFO - Clicking offer load-more control: a:has-text('See more')
2026-09-16 11:55:37,828 - INFO - AOD: No new sellers found (attempt 1/3)
AOD: No new sellers found (attempt 1/3)
2026-09-16 11:55:37,863 - INFO - Clicking offer load-more control: a:has-text('See more')
2026-09-16 11:55:39,394 - INFO - AOD: No new sellers found (attempt 2/3)
AOD: No new sellers found (attempt 2/3)
2026-09-16 11:55:39,431 - INFO - Clicking offer load-more control: a:has-text('See more')
2026-09-16 11:55:40,960 - INFO - AOD: No new sellers found (attempt 3/3)
AOD: No new sellers found (attempt 3/3)
2026-09-16 11:55:40,981 - INFO - Clicking offer load-more control: a:has-text('See more')
2026-09-16 11:55:42,547 - INFO - Clicking offer load-more control: a:has-text('See more')
2026-09-16 11:55:44,095 - INFO - AOD: No new sellers found (attempt 1/3)
AOD: No new sellers found (attempt 1/3)
2026-09-16 11:55:44,131 - INFO - Clicking offer load-more control: a:has-text('See more')
2026-09-16 11:55:45,661 - INFO - AOD: No new sellers found (attempt 2/3)
AOD: No new sellers found (attempt 2/3)
2026-09-16 11:55:45,699 - INFO - Clicking offer load-more control: a:has-text('See more')
2026-09-16 11:55:47,228 - INFO - AOD: No new sellers found (attempt 3/3)
AOD: No new sellers found (attempt 3/3)
2026-09-16 11:55:47,251 - INFO - Clicking offer load-more control: a:has-text('See more')
2026-09-16 11:55:48,802 - INFO - Clicking offer load-more control: a:has-text('See more')
2026-09-16 11:55:50,327 - INFO - AOD: No new sellers found (attempt 1/3)
AOD: No new sellers found (attempt 1/3)
2026-09-16 11:55:50,363 - INFO - Clicking offer load-more control: a:has-text('See more')
2026-09-16 11:55:51,911 - INFO - AOD: No new sellers found (attempt 2/3)
AOD: No new sellers found (attempt 2/3)
2026-09-16 11:55:51,948 - INFO - Clicking offer load-more control: a:has-text('See more')
2026-09-16 11:55:53,478 - INFO - AOD: No new sellers found (attempt 3/3)
AOD: No new sellers found (attempt 3/3)
2026-09-16 11:55:53,500 - INFO - Clicking offer load-more control: a:has-text('See more')
2026-09-16 11:55:55,016 - WARNING - OFFER EXTRACTION TIMEOUT
ASIN: B0DKFW7LRC
SELLERS COLLECTED: 1
STATUS: Continuing with collected sellers

OFFER EXTRACTION TIMEOUT
ASIN: B0DKFW7LRC
SELLERS COLLECTED: 1
STATUS: Continuing with collected sellers

2026-09-16 11:55:55,017 - INFO - AOD EXTRACTION COMPLETE | ASIN: B0DKFW7LRC | TOTAL UNIQUE SELLERS: 1

AOD EXTRACTION COMPLETE
ASIN: B0DKFW7LRC
TOTAL UNIQUE SELLERS: 1

2026-09-16 11:55:55,017 - INFO - Opening Amazon seller profile page: https://www.amazon.in/gp/help/seller/at-a-glance.html/ref=dp_merchant_link?ie=UTF8&seller=A2GTG1HPYW8M2P&asin=B0DKFW7LRC&ref_=dp_merchant_link&isAmazonFulfilled=1
2026-09-16 11:55:58,955 - INFO - [7/20] Processing product ASIN: B0GJ6DWB4S
2026-09-16 11:55:58,989 - INFO - Opening Amazon product page for multi-seller extraction: https://www.amazon.in/dp/B0GJ6DWB4S
2026-09-16 11:56:01,418 - INFO - PRODUCT: Add to your order
2026-09-16 11:56:01,418 - INFO - ASIN: B0GJ6DWB4S

PRODUCT: Add to your order
ASIN: B0GJ6DWB4S
2026-09-16 11:56:01,452 - INFO - BUY BOX SELLER: Kay Kay Overseas Corporation Store
BUY BOX SELLER: Kay Kay Overseas Corporation Store
2026-09-16 11:56:01,452 - INFO - AOD: Opening All Offers...
AOD: Opening All Offers...
2026-09-16 11:56:01,539 - INFO - AOD: Initial offers found: 0
AOD: Initial offers found: 0
2026-09-16 11:56:01,583 - INFO - Clicking offer load-more control: a:has-text('See more')
2026-09-16 11:56:03,135 - INFO - AOD: No new sellers found (attempt 1/3)
AOD: No new sellers found (attempt 1/3)
2026-09-16 11:56:03,171 - INFO - Clicking offer load-more control: a:has-text('See more')
2026-09-16 11:56:04,733 - INFO - AOD: No new sellers found (attempt 2/3)
AOD: No new sellers found (attempt 2/3)
2026-09-16 11:56:04,777 - INFO - Clicking offer load-more control: a:has-text('See more')
2026-09-16 11:56:06,326 - INFO - AOD: No new sellers found (attempt 3/3)
AOD: No new sellers found (attempt 3/3)
2026-09-16 11:56:06,365 - INFO - Clicking offer load-more control: a:has-text('See more')
2026-09-16 11:56:07,916 - INFO - Clicking offer load-more control: a:has-text('See more')
2026-09-16 11:56:09,442 - INFO - AOD: No new sellers found (attempt 1/3)
AOD: No new sellers found (attempt 1/3)
2026-09-16 11:56:09,475 - INFO - Clicking offer load-more control: a:has-text('See more')
2026-09-16 11:56:11,010 - INFO - AOD: No new sellers found (attempt 2/3)
AOD: No new sellers found (attempt 2/3)
2026-09-16 11:56:11,044 - INFO - Clicking offer load-more control: a:has-text('See more')
2026-09-16 11:56:12,575 - INFO - AOD: No new sellers found (attempt 3/3)
AOD: No new sellers found (attempt 3/3)
2026-09-16 11:56:12,595 - INFO - Clicking offer load-more control: a:has-text('See more')
2026-09-16 11:56:14,153 - INFO - Clicking offer load-more control: a:has-text('See more')
2026-09-16 11:56:15,677 - INFO - AOD: No new sellers found (attempt 1/3)
AOD: No new sellers found (attempt 1/3)
2026-09-16 11:56:15,725 - INFO - Clicking offer load-more control: a:has-text('See more')
2026-09-16 11:56:17,276 - INFO - AOD: No new sellers found (attempt 2/3)
AOD: No new sellers found (attempt 2/3)
2026-09-16 11:56:17,311 - INFO - Clicking offer load-more control: a:has-text('See more')
2026-09-16 11:56:18,843 - INFO - AOD: No new sellers found (attempt 3/3)
AOD: No new sellers found (attempt 3/3)
2026-09-16 11:56:18,863 - INFO - Clicking offer load-more control: a:has-text('See more')
2026-09-16 11:56:20,417 - INFO - Clicking offer load-more control: a:has-text('See more')
2026-09-16 11:56:21,942 - INFO - AOD: No new sellers found (attempt 1/3)
AOD: No new sellers found (attempt 1/3)
2026-09-16 11:56:21,978 - INFO - Clicking offer load-more control: a:has-text('See more')
2026-09-16 11:56:23,526 - INFO - AOD: No new sellers found (attempt 2/3)
AOD: No new sellers found (attempt 2/3)
2026-09-16 11:56:23,558 - INFO - Clicking offer load-more control: a:has-text('See more')
2026-09-16 11:56:25,093 - INFO - AOD: No new sellers found (attempt 3/3)
AOD: No new sellers found (attempt 3/3)
2026-09-16 11:56:25,113 - INFO - Clicking offer load-more control: a:has-text('See more')
2026-09-16 11:56:26,676 - INFO - Clicking offer load-more control: a:has-text('See more')
2026-09-16 11:56:28,226 - INFO - AOD: No new sellers found (attempt 1/3)
AOD: No new sellers found (attempt 1/3)
2026-09-16 11:56:28,261 - INFO - Clicking offer load-more control: a:has-text('See more')
2026-09-16 11:56:29,792 - INFO - AOD: No new sellers found (attempt 2/3)
AOD: No new sellers found (attempt 2/3)
2026-09-16 11:56:29,826 - INFO - Clicking offer load-more control: a:has-text('See more')
2026-09-16 11:56:31,376 - INFO - AOD: No new sellers found (attempt 3/3)
AOD: No new sellers found (attempt 3/3)
2026-09-16 11:56:31,396 - INFO - Clicking offer load-more control: a:has-text('See more')
2026-09-16 11:56:32,950 - INFO - Clicking offer load-more control: a:has-text('See more')
2026-09-16 11:56:34,474 - INFO - AOD: No new sellers found (attempt 1/3)
AOD: No new sellers found (attempt 1/3)
2026-09-16 11:56:34,508 - INFO - Clicking offer load-more control: a:has-text('See more')
2026-09-16 11:56:36,043 - INFO - AOD: No new sellers found (attempt 2/3)
AOD: No new sellers found (attempt 2/3)
2026-09-16 11:56:36,078 - INFO - Clicking offer load-more control: a:has-text('See more')
2026-09-16 11:56:37,607 - INFO - AOD: No new sellers found (attempt 3/3)
AOD: No new sellers found (attempt 3/3)
2026-09-16 11:56:37,628 - INFO - Clicking offer load-more control: a:has-text('See more')
2026-09-16 11:56:39,187 - INFO - Clicking offer load-more control: a:has-text('See more')
2026-09-16 11:56:40,742 - INFO - AOD: No new sellers found (attempt 1/3)
AOD: No new sellers found (attempt 1/3)
2026-09-16 11:56:40,777 - INFO - Clicking offer load-more control: a:has-text('See more')
2026-09-16 11:56:42,309 - INFO - AOD: No new sellers found (attempt 2/3)
AOD: No new sellers found (attempt 2/3)
2026-09-16 11:56:42,348 - INFO - Clicking offer load-more control: a:has-text('See more')
2026-09-16 11:56:43,874 - INFO - AOD: No new sellers found (attempt 3/3)
AOD: No new sellers found (attempt 3/3)
2026-09-16 11:56:43,895 - INFO - Clicking offer load-more control: a:has-text('See more')
2026-09-16 11:56:45,449 - INFO - Clicking offer load-more control: a:has-text('See more')
2026-09-16 11:56:46,973 - INFO - AOD: No new sellers found (attempt 1/3)
AOD: No new sellers found (attempt 1/3)
2026-09-16 11:56:47,006 - INFO - Clicking offer load-more control: a:has-text('See more')
2026-09-16 11:56:48,557 - INFO - AOD: No new sellers found (attempt 2/3)
AOD: No new sellers found (attempt 2/3)
2026-09-16 11:56:48,591 - INFO - Clicking offer load-more control: a:has-text('See more')
2026-09-16 11:56:50,125 - INFO - AOD: No new sellers found (attempt 3/3)
AOD: No new sellers found (attempt 3/3)
2026-09-16 11:56:50,144 - INFO - Clicking offer load-more control: a:has-text('See more')
2026-09-16 11:56:51,701 - INFO - Clicking offer load-more control: a:has-text('See more')
2026-09-16 11:56:53,224 - INFO - AOD: No new sellers found (attempt 1/3)
AOD: No new sellers found (attempt 1/3)
2026-09-16 11:56:53,259 - INFO - Clicking offer load-more control: a:has-text('See more')
2026-09-16 11:56:54,791 - INFO - AOD: No new sellers found (attempt 2/3)
AOD: No new sellers found (attempt 2/3)
2026-09-16 11:56:54,826 - INFO - Clicking offer load-more control: a:has-text('See more')
2026-09-16 11:56:56,357 - INFO - AOD: No new sellers found (attempt 3/3)
AOD: No new sellers found (attempt 3/3)
2026-09-16 11:56:56,377 - INFO - Clicking offer load-more control: a:has-text('See more')
2026-09-16 11:56:57,935 - INFO - Clicking offer load-more control: a:has-text('See more')
2026-09-16 11:56:59,492 - INFO - AOD: No new sellers found (attempt 1/3)
AOD: No new sellers found (attempt 1/3)
2026-09-16 11:56:59,538 - INFO - Clicking offer load-more control: a:has-text('See more')
2026-09-16 11:57:01,075 - INFO - AOD: No new sellers found (attempt 2/3)
AOD: No new sellers found (attempt 2/3)
2026-09-16 11:57:01,112 - INFO - Clicking offer load-more control: a:has-text('See more')
2026-09-16 11:57:02,641 - INFO - AOD: No new sellers found (attempt 3/3)
AOD: No new sellers found (attempt 3/3)
2026-09-16 11:57:02,661 - INFO - Clicking offer load-more control: a:has-text('See more')
2026-09-16 11:57:04,217 - INFO - Clicking offer load-more control: a:has-text('See more')
2026-09-16 11:57:05,740 - INFO - AOD: No new sellers found (attempt 1/3)
AOD: No new sellers found (attempt 1/3)
2026-09-16 11:57:05,774 - INFO - Clicking offer load-more control: a:has-text('See more')
2026-09-16 11:57:07,308 - INFO - AOD: No new sellers found (attempt 2/3)
AOD: No new sellers found (attempt 2/3)
2026-09-16 11:57:07,350 - INFO - Clicking offer load-more control: a:has-text('See more')
2026-09-16 11:57:08,874 - INFO - AOD: No new sellers found (attempt 3/3)
AOD: No new sellers found (attempt 3/3)
2026-09-16 11:57:08,894 - INFO - Clicking offer load-more control: a:has-text('See more')
2026-09-16 11:57:10,448 - INFO - Clicking offer load-more control: a:has-text('See more')
2026-09-16 11:57:11,974 - INFO - AOD: No new sellers found (attempt 1/3)
AOD: No new sellers found (attempt 1/3)
2026-09-16 11:57:12,011 - INFO - Clicking offer load-more control: a:has-text('See more')
2026-09-16 11:57:13,541 - INFO - AOD: No new sellers found (attempt 2/3)
AOD: No new sellers found (attempt 2/3)
2026-09-16 11:57:13,576 - INFO - Clicking offer load-more control: a:has-text('See more')
2026-09-16 11:57:15,122 - INFO - AOD: No new sellers found (attempt 3/3)
AOD: No new sellers found (attempt 3/3)
2026-09-16 11:57:15,141 - INFO - Clicking offer load-more control: a:has-text('See more')
2026-09-16 11:57:16,700 - INFO - Clicking offer load-more control: a:has-text('See more')
2026-09-16 11:57:18,222 - INFO - AOD: No new sellers found (attempt 1/3)
AOD: No new sellers found (attempt 1/3)
2026-09-16 11:57:18,257 - INFO - Clicking offer load-more control: a:has-text('See more')
2026-09-16 11:57:19,809 - INFO - AOD: No new sellers found (attempt 2/3)
AOD: No new sellers found (attempt 2/3)
2026-09-16 11:57:19,844 - INFO - Clicking offer load-more control: a:has-text('See more')
2026-09-16 11:57:21,373 - INFO - AOD: No new sellers found (attempt 3/3)
AOD: No new sellers found (attempt 3/3)
2026-09-16 11:57:21,392 - INFO - Clicking offer load-more control: a:has-text('See more')
2026-09-16 11:57:22,948 - INFO - Clicking offer load-more control: a:has-text('See more')
2026-09-16 11:57:24,472 - INFO - AOD: No new sellers found (attempt 1/3)
AOD: No new sellers found (attempt 1/3)
2026-09-16 11:57:24,481 - INFO - AOD EXTRACTION COMPLETE | ASIN: B0GJ6DWB4S | TOTAL UNIQUE SELLERS: 1

AOD EXTRACTION COMPLETE
ASIN: B0GJ6DWB4S
TOTAL UNIQUE SELLERS: 1

2026-09-16 11:57:24,481 - INFO - Opening Amazon seller profile page: https://www.amazon.in/gp/help/seller/at-a-glance.html/ref=dp_merchant_link?ie=UTF8&seller=A2GTG1HPYW8M2P&asin=B0GJ6DWB4S&ref_=dp_merchant_link&isAmazonFulfilled=1
2026-09-16 11:57:28,233 - WARNING - CATEGORY TIMEOUT reached during product processing for 'Hair Styling Tools' (Elapsed: 651.1s)
2026-09-16 11:57:28,233 - INFO - Top businesses requested: 100, found: 5 for 'Hair Styling Tools'
2026-09-16 11:57:28,233 - INFO - Starting Phase 2 Deep Enrichment Waterfall for top 5 businesses...
2026-09-16 11:57:28,233 - WARNING - CATEGORY TIMEOUT reached during seller enrichment for 'Hair Styling Tools' (Elapsed: 651.1s)
2026-09-16 11:57:28,291 - INFO - Closed Playwright browser session safely

>>>>>>>>>>>>>>>>>>>>>>>>>>>>>>>>>>>>>>>>
BATCH CATEGORY [101/108]: 'Hennas'
URL: https://www.amazon.in/s?k=Hennas
>>>>>>>>>>>>>>>>>>>>>>>>>>>>>>>>>>>>>>>>

2026-09-16 11:57:28,309 - INFO - Target Category: 'Hennas'
2026-09-16 11:57:28,309 - INFO - Target URL: 'https://www.amazon.in/s?k=Hennas'
2026-09-16 11:57:28,694 - INFO - Created Amazon browser context generation 1
2026-09-16 11:57:28,694 - INFO - Started Playwright Chromium session (headless=True, timeout=30000ms, downloads=enabled)
2026-09-16 11:57:28,694 - INFO - Discovering products for category 'Hennas' from https://www.amazon.in/s?k=Hennas...
2026-09-16 11:57:28,750 - INFO - Navigating to Amazon search page 1: https://www.amazon.in/s?k=Hennas
Opening Amazon...
Attempt: 1/3
2026-09-16 11:57:28,889 - WARNING - Direct navigation triggered download trap for 'Hennas'. Trying UI search fallback...
Amazon navigation error (attempt 1/3): Page.goto: Navigation to "https://www.amazon.in/" is interrupted by another navigation to "chrome-error://chromewebdata/"
Call log:
  - navigating to "https://www.amazon.in/", waiting until "domcontentloaded"

2026-09-16 11:57:29,013 - WARNING - Error opening Amazon search page (attempt 1): https://www.amazon.in/s?k=Hennas: Page.goto: Navigation to "https://www.amazon.in/" is interrupted by another navigation to "chrome-error://chromewebdata/"
Call log:
  - navigating to "https://www.amazon.in/", waiting until "domcontentloaded"

Retrying in 2s...
Opening Amazon...
Attempt: 2/3
2026-09-16 11:57:31,177 - WARNING - Direct navigation triggered download trap for 'Hennas'. Trying UI search fallback...
Amazon navigation error (attempt 2/3): Page.goto: Navigation to "https://www.amazon.in/" is interrupted by another navigation to "chrome-error://chromewebdata/"
Call log:
  - navigating to "https://www.amazon.in/", waiting until "domcontentloaded"

2026-09-16 11:57:31,299 - WARNING - Error opening Amazon search page (attempt 2): https://www.amazon.in/s?k=Hennas: Page.goto: Navigation to "https://www.amazon.in/" is interrupted by another navigation to "chrome-error://chromewebdata/"
Call log:
  - navigating to "https://www.amazon.in/", waiting until "domcontentloaded"

Retrying in 5s...
Opening Amazon...
Attempt: 3/3
2026-09-16 11:57:36,455 - WARNING - Direct navigation triggered download trap for 'Hennas'. Trying UI search fallback...
Amazon navigation error (attempt 3/3): Page.goto: Navigation to "https://www.amazon.in/" is interrupted by another navigation to "chrome-error://chromewebdata/"
Call log:
  - navigating to "https://www.amazon.in/", waiting until "domcontentloaded"

2026-09-16 11:57:36,663 - WARNING - Error opening Amazon search page (attempt 3): https://www.amazon.in/s?k=Hennas: Page.goto: Navigation to "https://www.amazon.in/" is interrupted by another navigation to "chrome-error://chromewebdata/"
Call log:
  - navigating to "https://www.amazon.in/", waiting until "domcontentloaded"

2026-09-16 11:57:36,665 - ERROR - Category 'Hennas' BLOCKED by Amazon: Amazon blocked or unavailable (Navigation Error: Page.goto: Navigation to "https://www.amazon.in/" is interrupted by another navigation to "chrome-error://chromewebdata/"
Call log:
  - navigating to "https://www.amazon.in/", waiting until "domcontentloaded"
) at https://www.amazon.in/s?k=Hennas
2026-09-16 11:57:36,712 - INFO - Closed Playwright browser session safely

>>>>>>>>>>>>>>>>>>>>>>>>>>>>>>>>>>>>>>>>
BATCH CATEGORY [102/108]: 'Scalp Treatments'
URL: https://www.amazon.in/s?k=Scalp+Treatments
>>>>>>>>>>>>>>>>>>>>>>>>>>>>>>>>>>>>>>>>

2026-09-16 11:57:36,713 - INFO - Target Category: 'Scalp Treatments'
2026-09-16 11:57:36,714 - INFO - Target URL: 'https://www.amazon.in/s?k=Scalp+Treatments'
2026-09-16 11:57:37,097 - INFO - Created Amazon browser context generation 1
2026-09-16 11:57:37,097 - INFO - Started Playwright Chromium session (headless=True, timeout=30000ms, downloads=enabled)
2026-09-16 11:57:37,098 - INFO - Discovering products for category 'Scalp Treatments' from https://www.amazon.in/s?k=Scalp+Treatments...
2026-09-16 11:57:37,141 - INFO - Navigating to Amazon search page 1: https://www.amazon.in/s?k=Scalp+Treatments
Opening Amazon...
Attempt: 1/3
2026-09-16 11:57:37,277 - WARNING - Direct navigation triggered download trap for 'Scalp Treatments'. Trying UI search fallback...
Amazon navigation error (attempt 1/3): Page.goto: Navigation to "https://www.amazon.in/" is interrupted by another navigation to "chrome-error://chromewebdata/"
Call log:
  - navigating to "https://www.amazon.in/", waiting until "domcontentloaded"

2026-09-16 11:57:37,397 - WARNING - Error opening Amazon search page (attempt 1): https://www.amazon.in/s?k=Scalp+Treatments: Page.goto: Navigation to "https://www.amazon.in/" is interrupted by another navigation to "chrome-error://chromewebdata/"
Call log:
  - navigating to "https://www.amazon.in/", waiting until "domcontentloaded"

Retrying in 2s...
Opening Amazon...
Attempt: 2/3
2026-09-16 11:57:39,559 - WARNING - Direct navigation triggered download trap for 'Scalp Treatments'. Trying UI search fallback...
Amazon navigation error (attempt 2/3): Page.goto: Navigation to "https://www.amazon.in/" is interrupted by another navigation to "chrome-error://chromewebdata/"
Call log:
  - navigating to "https://www.amazon.in/", waiting until "domcontentloaded"

2026-09-16 11:57:39,678 - WARNING - Error opening Amazon search page (attempt 2): https://www.amazon.in/s?k=Scalp+Treatments: Page.goto: Navigation to "https://www.amazon.in/" is interrupted by another navigation to "chrome-error://chromewebdata/"
Call log:
  - navigating to "https://www.amazon.in/", waiting until "domcontentloaded"

Retrying in 5s...
Opening Amazon...
Attempt: 3/3
2026-09-16 11:57:44,836 - WARNING - Direct navigation triggered download trap for 'Scalp Treatments'. Trying UI search fallback...
Amazon navigation error (attempt 3/3): Page.goto: Navigation to "https://www.amazon.in/" is interrupted by another navigation to "chrome-error://chromewebdata/"
Call log:
  - navigating to "https://www.amazon.in/", waiting until "domcontentloaded"

2026-09-16 11:57:44,958 - WARNING - Error opening Amazon search page (attempt 3): https://www.amazon.in/s?k=Scalp+Treatments: Page.goto: Navigation to "https://www.amazon.in/" is interrupted by another navigation to "chrome-error://chromewebdata/"
Call log:
  - navigating to "https://www.amazon.in/", waiting until "domcontentloaded"

2026-09-16 11:57:44,959 - ERROR - Category 'Scalp Treatments' BLOCKED by Amazon: Amazon blocked or unavailable (Navigation Error: Page.goto: Navigation to "https://www.amazon.in/" is interrupted by another navigation to "chrome-error://chromewebdata/"
Call log:
  - navigating to "https://www.amazon.in/", waiting until "domcontentloaded"
) at https://www.amazon.in/s?k=Scalp+Treatments
2026-09-16 11:57:45,003 - INFO - Closed Playwright browser session safely

>>>>>>>>>>>>>>>>>>>>>>>>>>>>>>>>>>>>>>>>
BATCH CATEGORY [103/108]: 'Shampoo & Conditioner'
URL: https://www.amazon.in/s?k=Shampoo+%26+Conditioner
>>>>>>>>>>>>>>>>>>>>>>>>>>>>>>>>>>>>>>>>

2026-09-16 11:57:45,004 - INFO - Target Category: 'Shampoo & Conditioner'
2026-09-16 11:57:45,004 - INFO - Target URL: 'https://www.amazon.in/s?k=Shampoo+%26+Conditioner'
2026-09-16 11:57:45,399 - INFO - Created Amazon browser context generation 1
2026-09-16 11:57:45,399 - INFO - Started Playwright Chromium session (headless=True, timeout=30000ms, downloads=enabled)
2026-09-16 11:57:45,399 - INFO - Discovering products for category 'Shampoo & Conditioner' from https://www.amazon.in/s?k=Shampoo+%26+Conditioner...
2026-09-16 11:57:45,454 - INFO - Navigating to Amazon search page 1: https://www.amazon.in/s?k=Shampoo+%26+Conditioner
Opening Amazon...
Attempt: 1/3
2026-09-16 11:57:45,588 - WARNING - Direct navigation triggered download trap for 'Shampoo & Conditioner'. Trying UI search fallback...
Amazon navigation error (attempt 1/3): Page.goto: Navigation to "https://www.amazon.in/" is interrupted by another navigation to "chrome-error://chromewebdata/"
Call log:
  - navigating to "https://www.amazon.in/", waiting until "domcontentloaded"

2026-09-16 11:57:45,711 - WARNING - Error opening Amazon search page (attempt 1): https://www.amazon.in/s?k=Shampoo+%26+Conditioner: Page.goto: Navigation to "https://www.amazon.in/" is interrupted by another navigation to "chrome-error://chromewebdata/"
Call log:
  - navigating to "https://www.amazon.in/", waiting until "domcontentloaded"

Retrying in 2s...
Opening Amazon...
Attempt: 2/3
2026-09-16 11:57:47,873 - WARNING - Direct navigation triggered download trap for 'Shampoo & Conditioner'. Trying UI search fallback...
Amazon navigation error (attempt 2/3): Page.goto: Navigation to "https://www.amazon.in/" is interrupted by another navigation to "chrome-error://chromewebdata/"
Call log:
  - navigating to "https://www.amazon.in/", waiting until "domcontentloaded"

2026-09-16 11:57:47,994 - WARNING - Error opening Amazon search page (attempt 2): https://www.amazon.in/s?k=Shampoo+%26+Conditioner: Page.goto: Navigation to "https://www.amazon.in/" is interrupted by another navigation to "chrome-error://chromewebdata/"
Call log:
  - navigating to "https://www.amazon.in/", waiting until "domcontentloaded"

Retrying in 5s...
Opening Amazon...
Attempt: 3/3
2026-09-16 11:57:53,155 - WARNING - Direct navigation triggered download trap for 'Shampoo & Conditioner'. Trying UI search fallback...
Amazon navigation error (attempt 3/3): Page.goto: Navigation to "https://www.amazon.in/" is interrupted by another navigation to "chrome-error://chromewebdata/"
Call log:
  - navigating to "https://www.amazon.in/", waiting until "domcontentloaded"

2026-09-16 11:57:53,279 - WARNING - Error opening Amazon search page (attempt 3): https://www.amazon.in/s?k=Shampoo+%26+Conditioner: Page.goto: Navigation to "https://www.amazon.in/" is interrupted by another navigation to "chrome-error://chromewebdata/"
Call log:
  - navigating to "https://www.amazon.in/", waiting until "domcontentloaded"

2026-09-16 11:57:53,281 - ERROR - Category 'Shampoo & Conditioner' BLOCKED by Amazon: Amazon blocked or unavailable (Navigation Error: Page.goto: Navigation to "https://www.amazon.in/" is interrupted by another navigation to "chrome-error://chromewebdata/"
Call log:
  - navigating to "https://www.amazon.in/", waiting until "domcontentloaded"
) at https://www.amazon.in/s?k=Shampoo+%26+Conditioner
2026-09-16 11:57:53,324 - INFO - Closed Playwright browser session safely

>>>>>>>>>>>>>>>>>>>>>>>>>>>>>>>>>>>>>>>>
BATCH CATEGORY [104/108]: 'Styling'
URL: https://www.amazon.in/s?k=Styling
>>>>>>>>>>>>>>>>>>>>>>>>>>>>>>>>>>>>>>>>

2026-09-16 11:57:53,325 - INFO - Target Category: 'Styling'
2026-09-16 11:57:53,326 - INFO - Target URL: 'https://www.amazon.in/s?k=Styling'
2026-09-16 11:57:53,712 - INFO - Created Amazon browser context generation 1
2026-09-16 11:57:53,712 - INFO - Started Playwright Chromium session (headless=True, timeout=30000ms, downloads=enabled)
2026-09-16 11:57:53,712 - INFO - Discovering products for category 'Styling' from https://www.amazon.in/s?k=Styling...
2026-09-16 11:57:53,753 - INFO - Navigating to Amazon search page 1: https://www.amazon.in/s?k=Styling
Opening Amazon...
Attempt: 1/3
2026-09-16 11:57:53,889 - WARNING - Direct navigation triggered download trap for 'Styling'. Trying UI search fallback...
Amazon navigation error (attempt 1/3): Page.goto: Navigation to "https://www.amazon.in/" is interrupted by another navigation to "chrome-error://chromewebdata/"
Call log:
  - navigating to "https://www.amazon.in/", waiting until "domcontentloaded"

2026-09-16 11:57:54,012 - WARNING - Error opening Amazon search page (attempt 1): https://www.amazon.in/s?k=Styling: Page.goto: Navigation to "https://www.amazon.in/" is interrupted by another navigation to "chrome-error://chromewebdata/"
Call log:
  - navigating to "https://www.amazon.in/", waiting until "domcontentloaded"

Retrying in 2s...
Opening Amazon...
Attempt: 2/3
2026-09-16 11:57:56,171 - WARNING - Direct navigation triggered download trap for 'Styling'. Trying UI search fallback...
Amazon navigation error (attempt 2/3): Page.goto: Navigation to "https://www.amazon.in/" is interrupted by another navigation to "chrome-error://chromewebdata/"
Call log:
  - navigating to "https://www.amazon.in/", waiting until "domcontentloaded"

2026-09-16 11:57:56,329 - WARNING - Error opening Amazon search page (attempt 2): https://www.amazon.in/s?k=Styling: Page.goto: Navigation to "https://www.amazon.in/" is interrupted by another navigation to "chrome-error://chromewebdata/"
Call log:
  - navigating to "https://www.amazon.in/", waiting until "domcontentloaded"

Retrying in 5s...
Opening Amazon...
Attempt: 3/3
2026-09-16 11:58:01,491 - WARNING - Direct navigation triggered download trap for 'Styling'. Trying UI search fallback...
Amazon navigation error (attempt 3/3): Page.goto: Navigation to "https://www.amazon.in/" is interrupted by another navigation to "chrome-error://chromewebdata/"
Call log:
  - navigating to "https://www.amazon.in/", waiting until "domcontentloaded"

2026-09-16 11:58:01,609 - WARNING - Error opening Amazon search page (attempt 3): https://www.amazon.in/s?k=Styling: Page.goto: Navigation to "https://www.amazon.in/" is interrupted by another navigation to "chrome-error://chromewebdata/"
Call log:
  - navigating to "https://www.amazon.in/", waiting until "domcontentloaded"

2026-09-16 11:58:01,611 - ERROR - Category 'Styling' BLOCKED by Amazon: Amazon blocked or unavailable (Navigation Error: Page.goto: Navigation to "https://www.amazon.in/" is interrupted by another navigation to "chrome-error://chromewebdata/"
Call log:
  - navigating to "https://www.amazon.in/", waiting until "domcontentloaded"
) at https://www.amazon.in/s?k=Styling
2026-09-16 11:58:01,655 - INFO - Closed Playwright browser session safely

>>>>>>>>>>>>>>>>>>>>>>>>>>>>>>>>>>>>>>>>
BATCH CATEGORY [105/108]: 'Eyes'
URL: https://www.amazon.in/s?k=Eyes
>>>>>>>>>>>>>>>>>>>>>>>>>>>>>>>>>>>>>>>>

2026-09-16 11:58:01,657 - INFO - Target Category: 'Eyes'
2026-09-16 11:58:01,657 - INFO - Target URL: 'https://www.amazon.in/s?k=Eyes'
2026-09-16 11:58:02,049 - INFO - Created Amazon browser context generation 1
2026-09-16 11:58:02,049 - INFO - Started Playwright Chromium session (headless=True, timeout=30000ms, downloads=enabled)
2026-09-16 11:58:02,049 - INFO - Discovering products for category 'Eyes' from https://www.amazon.in/s?k=Eyes...
2026-09-16 11:58:02,100 - INFO - Navigating to Amazon search page 1: https://www.amazon.in/s?k=Eyes
Opening Amazon...
Attempt: 1/3
2026-09-16 11:58:02,236 - WARNING - Direct navigation triggered download trap for 'Eyes'. Trying UI search fallback...
Amazon navigation error (attempt 1/3): Page.goto: Navigation to "https://www.amazon.in/" is interrupted by another navigation to "chrome-error://chromewebdata/"
Call log:
  - navigating to "https://www.amazon.in/", waiting until "domcontentloaded"

2026-09-16 11:58:02,364 - WARNING - Error opening Amazon search page (attempt 1): https://www.amazon.in/s?k=Eyes: Page.goto: Navigation to "https://www.amazon.in/" is interrupted by another navigation to "chrome-error://chromewebdata/"
Call log:
  - navigating to "https://www.amazon.in/", waiting until "domcontentloaded"

Retrying in 2s...
Opening Amazon...
Attempt: 2/3
2026-09-16 11:58:04,523 - WARNING - Direct navigation triggered download trap for 'Eyes'. Trying UI search fallback...
Amazon navigation error (attempt 2/3): Page.goto: Navigation to "https://www.amazon.in/" is interrupted by another navigation to "chrome-error://chromewebdata/"
Call log:
  - navigating to "https://www.amazon.in/", waiting until "domcontentloaded"

2026-09-16 11:58:04,643 - WARNING - Error opening Amazon search page (attempt 2): https://www.amazon.in/s?k=Eyes: Page.goto: Navigation to "https://www.amazon.in/" is interrupted by another navigation to "chrome-error://chromewebdata/"
Call log:
  - navigating to "https://www.amazon.in/", waiting until "domcontentloaded"

Retrying in 5s...
Opening Amazon...
Attempt: 3/3
2026-09-16 11:58:09,794 - WARNING - Direct navigation triggered download trap for 'Eyes'. Trying UI search fallback...
Amazon navigation error (attempt 3/3): Page.goto: Navigation to "https://www.amazon.in/" is interrupted by another navigation to "chrome-error://chromewebdata/"
Call log:
  - navigating to "https://www.amazon.in/", waiting until "domcontentloaded"

2026-09-16 11:58:09,914 - WARNING - Error opening Amazon search page (attempt 3): https://www.amazon.in/s?k=Eyes: Page.goto: Navigation to "https://www.amazon.in/" is interrupted by another navigation to "chrome-error://chromewebdata/"
Call log:
  - navigating to "https://www.amazon.in/", waiting until "domcontentloaded"

2026-09-16 11:58:09,917 - ERROR - Category 'Eyes' BLOCKED by Amazon: Amazon blocked or unavailable (Navigation Error: Page.goto: Navigation to "https://www.amazon.in/" is interrupted by another navigation to "chrome-error://chromewebdata/"
Call log:
  - navigating to "https://www.amazon.in/", waiting until "domcontentloaded"
) at https://www.amazon.in/s?k=Eyes
2026-09-16 11:58:09,961 - INFO - Closed Playwright browser session safely

>>>>>>>>>>>>>>>>>>>>>>>>>>>>>>>>>>>>>>>>
BATCH CATEGORY [106/108]: 'Lips'
URL: https://www.amazon.in/s?k=Lips
>>>>>>>>>>>>>>>>>>>>>>>>>>>>>>>>>>>>>>>>

2026-09-16 11:58:09,963 - INFO - Target Category: 'Lips'
2026-09-16 11:58:09,963 - INFO - Target URL: 'https://www.amazon.in/s?k=Lips'
2026-09-16 11:58:10,365 - INFO - Created Amazon browser context generation 1
2026-09-16 11:58:10,366 - INFO - Started Playwright Chromium session (headless=True, timeout=30000ms, downloads=enabled)
2026-09-16 11:58:10,366 - INFO - Discovering products for category 'Lips' from https://www.amazon.in/s?k=Lips...
2026-09-16 11:58:10,409 - INFO - Navigating to Amazon search page 1: https://www.amazon.in/s?k=Lips
Opening Amazon...
Attempt: 1/3
2026-09-16 11:58:10,547 - WARNING - Direct navigation triggered download trap for 'Lips'. Trying UI search fallback...
Amazon navigation error (attempt 1/3): Page.goto: Navigation to "https://www.amazon.in/" is interrupted by another navigation to "chrome-error://chromewebdata/"
Call log:
  - navigating to "https://www.amazon.in/", waiting until "domcontentloaded"

2026-09-16 11:58:10,704 - WARNING - Error opening Amazon search page (attempt 1): https://www.amazon.in/s?k=Lips: Page.goto: Navigation to "https://www.amazon.in/" is interrupted by another navigation to "chrome-error://chromewebdata/"
Call log:
  - navigating to "https://www.amazon.in/", waiting until "domcontentloaded"

Retrying in 2s...
Opening Amazon...
Attempt: 2/3
Amazon page loaded
2026-09-16 11:58:15,520 - INFO - Found 375 raw product links on page 1
Products discovered: 20
2026-09-16 11:58:15,753 - INFO - Discovered 20 total unique product URLs so far
2026-09-16 11:58:15,754 - INFO - Discovered 20 products for category 'Lips'
2026-09-16 11:58:15,754 - INFO - [1/20] Processing product ASIN: B09J197WMZ
2026-09-16 11:58:15,783 - INFO - Opening Amazon product page for multi-seller extraction: https://www.amazon.in/dp/B09J197WMZ
2026-09-16 11:58:18,099 - INFO - PRODUCT: Elle 18 Lit Lip, Matte Finish, Nude Pumps, 16 hrs Long Lasting Liquid Lipstick, Smudge and Transfer Proof Lipstick, One-stroke application, Quick Drying | 5.6 ml
2026-09-16 11:58:18,099 - INFO - ASIN: B09J197WMZ

PRODUCT: Elle 18 Lit Lip, Matte Finish, Nude Pumps, 16 hrs Long Lasting Liquid Lipstick, Smudge and Transfer Proof Lipstick, One-stroke application, Quick Drying | 5.6 ml
ASIN: B09J197WMZ
2026-09-16 11:58:18,127 - INFO - BUY BOX SELLER: RK World Infocom Pvt Ltd
BUY BOX SELLER: RK World Infocom Pvt Ltd
2026-09-16 11:58:18,127 - INFO - AOD: Opening All Offers...
AOD: Opening All Offers...
2026-09-16 11:58:24,578 - INFO - AOD: Initial offers found: 0
AOD: Initial offers found: 0
2026-09-16 11:58:24,648 - INFO - Clicking offer load-more control: a:has-text('See more')
2026-09-16 11:58:26,210 - INFO - AOD: No new sellers found (attempt 1/3)
AOD: No new sellers found (attempt 1/3)
2026-09-16 11:58:26,251 - INFO - Clicking offer load-more control: a:has-text('See more')
2026-09-16 11:58:27,790 - INFO - AOD: No new sellers found (attempt 2/3)
AOD: No new sellers found (attempt 2/3)
2026-09-16 11:58:27,831 - INFO - Clicking offer load-more control: a:has-text('See more')
2026-09-16 11:58:29,390 - INFO - AOD: No new sellers found (attempt 3/3)
AOD: No new sellers found (attempt 3/3)
2026-09-16 11:58:29,421 - INFO - Clicking offer load-more control: a:has-text('See more')
2026-09-16 11:58:30,982 - INFO - Clicking offer load-more control: a:has-text('See more')
2026-09-16 11:58:32,537 - INFO - AOD: No new sellers found (attempt 1/3)
AOD: No new sellers found (attempt 1/3)
2026-09-16 11:58:32,572 - INFO - Clicking offer load-more control: a:has-text('See more')
2026-09-16 11:58:34,105 - INFO - AOD: No new sellers found (attempt 2/3)
AOD: No new sellers found (attempt 2/3)
2026-09-16 11:58:34,156 - INFO - Clicking offer load-more control: a:has-text('See more')
2026-09-16 11:58:35,706 - INFO - AOD: No new sellers found (attempt 3/3)
AOD: No new sellers found (attempt 3/3)
2026-09-16 11:58:35,727 - INFO - Clicking offer load-more control: a:has-text('See more')
2026-09-16 11:58:37,285 - INFO - Clicking offer load-more control: a:has-text('See more')
2026-09-16 11:58:38,840 - INFO - AOD: No new sellers found (attempt 1/3)
AOD: No new sellers found (attempt 1/3)
2026-09-16 11:58:38,880 - INFO - Clicking offer load-more control: a:has-text('See more')
2026-09-16 11:58:40,406 - INFO - AOD: No new sellers found (attempt 2/3)
AOD: No new sellers found (attempt 2/3)
2026-09-16 11:58:40,444 - INFO - Clicking offer load-more control: a:has-text('See more')
2026-09-16 11:58:41,972 - INFO - AOD: No new sellers found (attempt 3/3)
AOD: No new sellers found (attempt 3/3)
2026-09-16 11:58:41,994 - INFO - Clicking offer load-more control: a:has-text('See more')
2026-09-16 11:58:43,563 - INFO - Clicking offer load-more control: a:has-text('See more')
2026-09-16 11:58:45,088 - INFO - AOD: No new sellers found (attempt 1/3)
AOD: No new sellers found (attempt 1/3)
2026-09-16 11:58:45,125 - INFO - Clicking offer load-more control: a:has-text('See more')
2026-09-16 11:58:46,653 - INFO - AOD: No new sellers found (attempt 2/3)
AOD: No new sellers found (attempt 2/3)
2026-09-16 11:58:46,689 - INFO - Clicking offer load-more control: a:has-text('See more')
2026-09-16 11:58:48,220 - INFO - AOD: No new sellers found (attempt 3/3)
AOD: No new sellers found (attempt 3/3)
2026-09-16 11:58:48,242 - INFO - Clicking offer load-more control: a:has-text('See more')
2026-09-16 11:58:49,800 - INFO - Clicking offer load-more control: a:has-text('See more')
2026-09-16 11:58:51,353 - INFO - AOD: No new sellers found (attempt 1/3)
AOD: No new sellers found (attempt 1/3)
2026-09-16 11:58:51,390 - INFO - Clicking offer load-more control: a:has-text('See more')
2026-09-16 11:58:52,923 - INFO - AOD: No new sellers found (attempt 2/3)
AOD: No new sellers found (attempt 2/3)
2026-09-16 11:58:52,962 - INFO - Clicking offer load-more control: a:has-text('See more')
2026-09-16 11:58:54,489 - INFO - AOD: No new sellers found (attempt 3/3)
AOD: No new sellers found (attempt 3/3)
2026-09-16 11:58:54,509 - INFO - Clicking offer load-more control: a:has-text('See more')
2026-09-16 11:58:56,067 - INFO - Clicking offer load-more control: a:has-text('See more')
2026-09-16 11:58:57,604 - INFO - AOD: No new sellers found (attempt 1/3)
AOD: No new sellers found (attempt 1/3)
2026-09-16 11:58:57,643 - INFO - Clicking offer load-more control: a:has-text('See more')
2026-09-16 11:58:59,169 - INFO - AOD: No new sellers found (attempt 2/3)
AOD: No new sellers found (attempt 2/3)
2026-09-16 11:58:59,206 - INFO - Clicking offer load-more control: a:has-text('See more')
2026-09-16 11:59:00,738 - INFO - AOD: No new sellers found (attempt 3/3)
AOD: No new sellers found (attempt 3/3)
2026-09-16 11:59:00,759 - INFO - Clicking offer load-more control: a:has-text('See more')
2026-09-16 11:59:02,314 - INFO - Clicking offer load-more control: a:has-text('See more')
2026-09-16 11:59:03,871 - INFO - AOD: No new sellers found (attempt 1/3)
AOD: No new sellers found (attempt 1/3)
2026-09-16 11:59:03,906 - INFO - Clicking offer load-more control: a:has-text('See more')
2026-09-16 11:59:05,437 - INFO - AOD: No new sellers found (attempt 2/3)
AOD: No new sellers found (attempt 2/3)
2026-09-16 11:59:05,474 - INFO - Clicking offer load-more control: a:has-text('See more')
2026-09-16 11:59:07,003 - INFO - AOD: No new sellers found (attempt 3/3)
AOD: No new sellers found (attempt 3/3)
2026-09-16 11:59:07,024 - INFO - Clicking offer load-more control: a:has-text('See more')
2026-09-16 11:59:08,581 - INFO - Clicking offer load-more control: a:has-text('See more')
2026-09-16 11:59:10,121 - INFO - AOD: No new sellers found (attempt 1/3)
AOD: No new sellers found (attempt 1/3)
2026-09-16 11:59:10,157 - INFO - Clicking offer load-more control: a:has-text('See more')
2026-09-16 11:59:11,686 - INFO - AOD: No new sellers found (attempt 2/3)
AOD: No new sellers found (attempt 2/3)
2026-09-16 11:59:11,724 - INFO - Clicking offer load-more control: a:has-text('See more')
2026-09-16 11:59:13,253 - INFO - AOD: No new sellers found (attempt 3/3)
AOD: No new sellers found (attempt 3/3)
2026-09-16 11:59:13,283 - INFO - Clicking offer load-more control: a:has-text('See more')
2026-09-16 11:59:14,845 - INFO - Clicking offer load-more control: a:has-text('See more')
2026-09-16 11:59:16,368 - INFO - AOD: No new sellers found (attempt 1/3)
AOD: No new sellers found (attempt 1/3)
2026-09-16 11:59:16,406 - INFO - Clicking offer load-more control: a:has-text('See more')
2026-09-16 11:59:17,936 - INFO - AOD: No new sellers found (attempt 2/3)
AOD: No new sellers found (attempt 2/3)
2026-09-16 11:59:17,972 - INFO - Clicking offer load-more control: a:has-text('See more')
2026-09-16 11:59:19,502 - INFO - AOD: No new sellers found (attempt 3/3)
AOD: No new sellers found (attempt 3/3)
2026-09-16 11:59:19,522 - INFO - Clicking offer load-more control: a:has-text('See more')
2026-09-16 11:59:21,079 - INFO - Clicking offer load-more control: a:has-text('See more')
2026-09-16 11:59:22,622 - INFO - AOD: No new sellers found (attempt 1/3)
AOD: No new sellers found (attempt 1/3)
2026-09-16 11:59:22,658 - INFO - Clicking offer load-more control: a:has-text('See more')
2026-09-16 11:59:24,185 - INFO - AOD: No new sellers found (attempt 2/3)
AOD: No new sellers found (attempt 2/3)
2026-09-16 11:59:24,223 - INFO - Clicking offer load-more control: a:has-text('See more')
2026-09-16 11:59:25,753 - INFO - AOD: No new sellers found (attempt 3/3)
AOD: No new sellers found (attempt 3/3)
2026-09-16 11:59:25,774 - INFO - Clicking offer load-more control: a:has-text('See more')
2026-09-16 11:59:27,332 - INFO - Clicking offer load-more control: a:has-text('See more')
2026-09-16 11:59:28,886 - INFO - AOD: No new sellers found (attempt 1/3)
AOD: No new sellers found (attempt 1/3)
2026-09-16 11:59:28,923 - INFO - Clicking offer load-more control: a:has-text('See more')
2026-09-16 11:59:30,452 - INFO - AOD: No new sellers found (attempt 2/3)
AOD: No new sellers found (attempt 2/3)
2026-09-16 11:59:30,488 - INFO - Clicking offer load-more control: a:has-text('See more')
2026-09-16 11:59:32,020 - INFO - AOD: No new sellers found (attempt 3/3)
AOD: No new sellers found (attempt 3/3)
2026-09-16 11:59:32,040 - INFO - Clicking offer load-more control: a:has-text('See more')
2026-09-16 11:59:33,596 - INFO - Clicking offer load-more control: a:has-text('See more')
2026-09-16 11:59:35,151 - INFO - AOD: No new sellers found (attempt 1/3)
AOD: No new sellers found (attempt 1/3)
2026-09-16 11:59:35,207 - INFO - Clicking offer load-more control: a:has-text('See more')
2026-09-16 11:59:36,735 - INFO - AOD: No new sellers found (attempt 2/3)
AOD: No new sellers found (attempt 2/3)
2026-09-16 11:59:36,774 - INFO - Clicking offer load-more control: a:has-text('See more')
2026-09-16 11:59:38,302 - INFO - AOD: No new sellers found (attempt 3/3)
AOD: No new sellers found (attempt 3/3)
2026-09-16 11:59:38,322 - INFO - Clicking offer load-more control: a:has-text('See more')
2026-09-16 11:59:39,876 - INFO - Clicking offer load-more control: a:has-text('See more')
2026-09-16 11:59:41,402 - INFO - AOD: No new sellers found (attempt 1/3)
AOD: No new sellers found (attempt 1/3)
2026-09-16 11:59:41,438 - INFO - Clicking offer load-more control: a:has-text('See more')
2026-09-16 11:59:42,968 - INFO - AOD: No new sellers found (attempt 2/3)
AOD: No new sellers found (attempt 2/3)
2026-09-16 11:59:43,004 - INFO - Clicking offer load-more control: a:has-text('See more')
2026-09-16 11:59:44,534 - INFO - AOD: No new sellers found (attempt 3/3)
AOD: No new sellers found (attempt 3/3)
2026-09-16 11:59:44,554 - INFO - Clicking offer load-more control: a:has-text('See more')
2026-09-16 11:59:46,074 - WARNING - OFFER EXTRACTION TIMEOUT
ASIN: B09J197WMZ
SELLERS COLLECTED: 1
STATUS: Continuing with collected sellers

OFFER EXTRACTION TIMEOUT
ASIN: B09J197WMZ
SELLERS COLLECTED: 1
STATUS: Continuing with collected sellers

2026-09-16 11:59:46,074 - INFO - AOD EXTRACTION COMPLETE | ASIN: B09J197WMZ | TOTAL UNIQUE SELLERS: 1

AOD EXTRACTION COMPLETE
ASIN: B09J197WMZ
TOTAL UNIQUE SELLERS: 1

2026-09-16 11:59:46,075 - INFO - Opening Amazon seller profile page: https://www.amazon.in/gp/help/seller/at-a-glance.html/ref=dp_merchant_link?ie=UTF8&seller=A15APWRK6P7LBV&asin=B09J197WMZ&ref_=dp_merchant_link&isAmazonFulfilled=1
2026-09-16 11:59:50,046 - INFO - [2/20] Processing product ASIN: B09J1B1LMS
2026-09-16 11:59:50,080 - INFO - Opening Amazon product page for multi-seller extraction: https://www.amazon.in/dp/B09J1B1LMS
2026-09-16 11:59:52,270 - INFO - PRODUCT: Elle 18 Lit Lip, Matte Finish, Barn Red, 16 hrs Long Lasting Liquid Lipstick, Smudge and Transfer Proof Lipstick, One-stroke application, Quick Drying | 5.6 ml
2026-09-16 11:59:52,270 - INFO - ASIN: B09J1B1LMS

PRODUCT: Elle 18 Lit Lip, Matte Finish, Barn Red, 16 hrs Long Lasting Liquid Lipstick, Smudge and Transfer Proof Lipstick, One-stroke application, Quick Drying | 5.6 ml
ASIN: B09J1B1LMS
2026-09-16 11:59:52,305 - INFO - BUY BOX SELLER: RK World Infocom Pvt Ltd
BUY BOX SELLER: RK World Infocom Pvt Ltd
2026-09-16 11:59:52,306 - INFO - AOD: Opening All Offers...
AOD: Opening All Offers...
2026-09-16 11:59:52,376 - INFO - AOD: Initial offers found: 0
AOD: Initial offers found: 0
2026-09-16 11:59:52,425 - INFO - Clicking offer load-more control: a:has-text('See more')
2026-09-16 11:59:53,969 - INFO - AOD: No new sellers found (attempt 1/3)
AOD: No new sellers found (attempt 1/3)
2026-09-16 11:59:54,011 - INFO - Clicking offer load-more control: a:has-text('See more')
2026-09-16 11:59:55,552 - INFO - AOD: No new sellers found (attempt 2/3)
AOD: No new sellers found (attempt 2/3)
2026-09-16 11:59:55,591 - INFO - Clicking offer load-more control: a:has-text('See more')
2026-09-16 11:59:57,116 - INFO - AOD: No new sellers found (attempt 3/3)
AOD: No new sellers found (attempt 3/3)
2026-09-16 11:59:57,138 - INFO - Clicking offer load-more control: a:has-text('See more')
2026-09-16 11:59:58,695 - INFO - Clicking offer load-more control: a:has-text('See more')
2026-09-16 12:00:00,250 - INFO - AOD: No new sellers found (attempt 1/3)
AOD: No new sellers found (attempt 1/3)
2026-09-16 12:00:00,291 - INFO - Clicking offer load-more control: a:has-text('See more')
2026-09-16 12:00:01,819 - INFO - AOD: No new sellers found (attempt 2/3)
AOD: No new sellers found (attempt 2/3)
2026-09-16 12:00:01,858 - INFO - Clicking offer load-more control: a:has-text('See more')
2026-09-16 12:00:03,384 - INFO - AOD: No new sellers found (attempt 3/3)
AOD: No new sellers found (attempt 3/3)
2026-09-16 12:00:03,405 - INFO - Clicking offer load-more control: a:has-text('See more')
2026-09-16 12:00:04,980 - INFO - Clicking offer load-more control: a:has-text('See more')
2026-09-16 12:00:06,536 - INFO - AOD: No new sellers found (attempt 1/3)
AOD: No new sellers found (attempt 1/3)
2026-09-16 12:00:06,571 - INFO - Clicking offer load-more control: a:has-text('See more')
2026-09-16 12:00:08,102 - INFO - AOD: No new sellers found (attempt 2/3)
AOD: No new sellers found (attempt 2/3)
2026-09-16 12:00:08,139 - INFO - Clicking offer load-more control: a:has-text('See more')
2026-09-16 12:00:09,666 - INFO - AOD: No new sellers found (attempt 3/3)
AOD: No new sellers found (attempt 3/3)
2026-09-16 12:00:09,688 - INFO - Clicking offer load-more control: a:has-text('See more')
2026-09-16 12:00:11,245 - INFO - Clicking offer load-more control: a:has-text('See more')
2026-09-16 12:00:12,801 - INFO - AOD: No new sellers found (attempt 1/3)
AOD: No new sellers found (attempt 1/3)
2026-09-16 12:00:12,836 - INFO - Clicking offer load-more control: a:has-text('See more')
2026-09-16 12:00:14,367 - INFO - AOD: No new sellers found (attempt 2/3)
AOD: No new sellers found (attempt 2/3)
2026-09-16 12:00:14,415 - INFO - Clicking offer load-more control: a:has-text('See more')
2026-09-16 12:00:15,967 - INFO - AOD: No new sellers found (attempt 3/3)
AOD: No new sellers found (attempt 3/3)
2026-09-16 12:00:15,989 - INFO - Clicking offer load-more control: a:has-text('See more')
2026-09-16 12:00:17,560 - INFO - Clicking offer load-more control: a:has-text('See more')
2026-09-16 12:00:19,118 - INFO - AOD: No new sellers found (attempt 1/3)
AOD: No new sellers found (attempt 1/3)
2026-09-16 12:00:19,156 - INFO - Clicking offer load-more control: a:has-text('See more')
2026-09-16 12:00:20,684 - INFO - AOD: No new sellers found (attempt 2/3)
AOD: No new sellers found (attempt 2/3)
2026-09-16 12:00:20,724 - INFO - Clicking offer load-more control: a:has-text('See more')
2026-09-16 12:00:22,251 - INFO - AOD: No new sellers found (attempt 3/3)
AOD: No new sellers found (attempt 3/3)
2026-09-16 12:00:22,271 - INFO - Clicking offer load-more control: a:has-text('See more')
2026-09-16 12:00:23,832 - INFO - Clicking offer load-more control: a:has-text('See more')
2026-09-16 12:00:25,393 - INFO - AOD: No new sellers found (attempt 1/3)
AOD: No new sellers found (attempt 1/3)
2026-09-16 12:00:25,434 - INFO - Clicking offer load-more control: a:has-text('See more')
2026-09-16 12:00:26,968 - INFO - AOD: No new sellers found (attempt 2/3)
AOD: No new sellers found (attempt 2/3)
2026-09-16 12:00:27,007 - INFO - Clicking offer load-more control: a:has-text('See more')
2026-09-16 12:00:28,549 - INFO - AOD: No new sellers found (attempt 3/3)
AOD: No new sellers found (attempt 3/3)
2026-09-16 12:00:28,579 - INFO - Clicking offer load-more control: a:has-text('See more')
2026-09-16 12:00:30,144 - INFO - Clicking offer load-more control: a:has-text('See more')
2026-09-16 12:00:31,701 - INFO - AOD: No new sellers found (attempt 1/3)
AOD: No new sellers found (attempt 1/3)
2026-09-16 12:00:31,743 - INFO - Clicking offer load-more control: a:has-text('See more')
2026-09-16 12:00:33,303 - INFO - AOD: No new sellers found (attempt 2/3)
AOD: No new sellers found (attempt 2/3)
2026-09-16 12:00:33,350 - INFO - Clicking offer load-more control: a:has-text('See more')
2026-09-16 12:00:34,901 - INFO - AOD: No new sellers found (attempt 3/3)
AOD: No new sellers found (attempt 3/3)
2026-09-16 12:00:34,923 - INFO - Clicking offer load-more control: a:has-text('See more')
2026-09-16 12:00:36,479 - INFO - Clicking offer load-more control: a:has-text('See more')
2026-09-16 12:00:38,034 - INFO - AOD: No new sellers found (attempt 1/3)
AOD: No new sellers found (attempt 1/3)
2026-09-16 12:00:38,073 - INFO - Clicking offer load-more control: a:has-text('See more')
2026-09-16 12:00:39,599 - INFO - AOD: No new sellers found (attempt 2/3)
AOD: No new sellers found (attempt 2/3)
2026-09-16 12:00:39,637 - INFO - Clicking offer load-more control: a:has-text('See more')
2026-09-16 12:00:41,168 - INFO - AOD: No new sellers found (attempt 3/3)
AOD: No new sellers found (attempt 3/3)
2026-09-16 12:00:41,188 - INFO - Clicking offer load-more control: a:has-text('See more')
2026-09-16 12:00:42,751 - INFO - Clicking offer load-more control: a:has-text('See more')
2026-09-16 12:00:44,299 - INFO - AOD: No new sellers found (attempt 1/3)
AOD: No new sellers found (attempt 1/3)
2026-09-16 12:00:44,336 - INFO - Clicking offer load-more control: a:has-text('See more')
2026-09-16 12:00:45,867 - INFO - AOD: No new sellers found (attempt 2/3)
AOD: No new sellers found (attempt 2/3)
2026-09-16 12:00:45,903 - INFO - Clicking offer load-more control: a:has-text('See more')
2026-09-16 12:00:47,435 - INFO - AOD: No new sellers found (attempt 3/3)
AOD: No new sellers found (attempt 3/3)
2026-09-16 12:00:47,464 - INFO - Clicking offer load-more control: a:has-text('See more')
2026-09-16 12:00:49,031 - INFO - Clicking offer load-more control: a:has-text('See more')
2026-09-16 12:00:50,584 - INFO - AOD: No new sellers found (attempt 1/3)
AOD: No new sellers found (attempt 1/3)
2026-09-16 12:00:50,622 - INFO - Clicking offer load-more control: a:has-text('See more')
2026-09-16 12:00:52,151 - INFO - AOD: No new sellers found (attempt 2/3)
AOD: No new sellers found (attempt 2/3)
2026-09-16 12:00:52,192 - INFO - Clicking offer load-more control: a:has-text('See more')
2026-09-16 12:00:53,751 - INFO - AOD: No new sellers found (attempt 3/3)
AOD: No new sellers found (attempt 3/3)
2026-09-16 12:00:53,771 - INFO - Clicking offer load-more control: a:has-text('See more')
2026-09-16 12:00:55,329 - INFO - Clicking offer load-more control: a:has-text('See more')
2026-09-16 12:00:56,883 - INFO - AOD: No new sellers found (attempt 1/3)
AOD: No new sellers found (attempt 1/3)
2026-09-16 12:00:56,928 - INFO - Clicking offer load-more control: a:has-text('See more')
2026-09-16 12:00:58,484 - INFO - AOD: No new sellers found (attempt 2/3)
AOD: No new sellers found (attempt 2/3)
2026-09-16 12:00:58,520 - INFO - Clicking offer load-more control: a:has-text('See more')
2026-09-16 12:01:00,049 - INFO - AOD: No new sellers found (attempt 3/3)
AOD: No new sellers found (attempt 3/3)
2026-09-16 12:01:00,071 - INFO - Clicking offer load-more control: a:has-text('See more')
2026-09-16 12:01:01,624 - INFO - Clicking offer load-more control: a:has-text('See more')
2026-09-16 12:01:03,167 - INFO - AOD: No new sellers found (attempt 1/3)
AOD: No new sellers found (attempt 1/3)
2026-09-16 12:01:03,204 - INFO - Clicking offer load-more control: a:has-text('See more')
2026-09-16 12:01:04,731 - INFO - AOD: No new sellers found (attempt 2/3)
AOD: No new sellers found (attempt 2/3)
2026-09-16 12:01:04,768 - INFO - Clicking offer load-more control: a:has-text('See more')
2026-09-16 12:01:06,300 - INFO - AOD: No new sellers found (attempt 3/3)
AOD: No new sellers found (attempt 3/3)
2026-09-16 12:01:06,320 - INFO - Clicking offer load-more control: a:has-text('See more')
2026-09-16 12:01:07,888 - INFO - Clicking offer load-more control: a:has-text('See more')
2026-09-16 12:01:09,431 - INFO - AOD: No new sellers found (attempt 1/3)
AOD: No new sellers found (attempt 1/3)
2026-09-16 12:01:09,466 - INFO - Clicking offer load-more control: a:has-text('See more')
2026-09-16 12:01:10,999 - INFO - AOD: No new sellers found (attempt 2/3)
AOD: No new sellers found (attempt 2/3)
2026-09-16 12:01:11,035 - INFO - Clicking offer load-more control: a:has-text('See more')
2026-09-16 12:01:12,565 - INFO - AOD: No new sellers found (attempt 3/3)
AOD: No new sellers found (attempt 3/3)
2026-09-16 12:01:12,586 - INFO - Clicking offer load-more control: a:has-text('See more')
2026-09-16 12:01:14,148 - INFO - Clicking offer load-more control: a:has-text('See more')
2026-09-16 12:01:15,682 - INFO - AOD: No new sellers found (attempt 1/3)
AOD: No new sellers found (attempt 1/3)
2026-09-16 12:01:15,691 - INFO - AOD EXTRACTION COMPLETE | ASIN: B09J1B1LMS | TOTAL UNIQUE SELLERS: 1

AOD EXTRACTION COMPLETE
ASIN: B09J1B1LMS
TOTAL UNIQUE SELLERS: 1

2026-09-16 12:01:15,691 - INFO - Opening Amazon seller profile page: https://www.amazon.in/gp/help/seller/at-a-glance.html/ref=dp_merchant_link?ie=UTF8&seller=A15APWRK6P7LBV&asin=B09J1B1LMS&ref_=dp_merchant_link&isAmazonFulfilled=1
2026-09-16 12:01:19,560 - INFO - [3/20] Processing product ASIN: B0BFBF9T86
2026-09-16 12:01:19,594 - INFO - Opening Amazon product page for multi-seller extraction: https://www.amazon.in/dp/B0BFBF9T86
2026-09-16 12:01:20,248 - INFO - PRODUCT: Amazon Product B0BFBF9T86
2026-09-16 12:01:20,249 - INFO - ASIN: B0BFBF9T86

PRODUCT: Amazon Product B0BFBF9T86
ASIN: B0BFBF9T86
2026-09-16 12:01:20,261 - INFO - BUY BOX SELLER: None
BUY BOX SELLER: None
2026-09-16 12:01:20,261 - INFO - AOD: Opening All Offers...
AOD: Opening All Offers...
2026-09-16 12:01:20,283 - WARNING - WARNING: AOD offer container not found. FALLBACK: Existing seller extraction
2026-09-16 12:01:20,286 - INFO - AOD EXTRACTION COMPLETE | ASIN: B0BFBF9T86 | TOTAL UNIQUE SELLERS: 0

AOD EXTRACTION COMPLETE
ASIN: B0BFBF9T86
TOTAL UNIQUE SELLERS: 0

2026-09-16 12:01:20,325 - INFO - Visible seller fallback found no seller for B0BFBF9T86
2026-09-16 12:01:20,337 - INFO - [4/20] Processing product ASIN: B0BFBJ45BG
2026-09-16 12:01:20,372 - INFO - Opening Amazon product page for multi-seller extraction: https://www.amazon.in/dp/B0BFBJ45BG
2026-09-16 12:01:20,868 - INFO - PRODUCT: Amazon Product B0BFBJ45BG
2026-09-16 12:01:20,868 - INFO - ASIN: B0BFBJ45BG

PRODUCT: Amazon Product B0BFBJ45BG
ASIN: B0BFBJ45BG
2026-09-16 12:01:20,876 - INFO - BUY BOX SELLER: None
BUY BOX SELLER: None
2026-09-16 12:01:20,876 - INFO - AOD: Opening All Offers...
AOD: Opening All Offers...
2026-09-16 12:01:20,898 - WARNING - WARNING: AOD offer container not found. FALLBACK: Existing seller extraction
2026-09-16 12:01:20,901 - INFO - AOD EXTRACTION COMPLETE | ASIN: B0BFBJ45BG | TOTAL UNIQUE SELLERS: 0

AOD EXTRACTION COMPLETE
ASIN: B0BFBJ45BG
TOTAL UNIQUE SELLERS: 0

2026-09-16 12:01:20,938 - INFO - Visible seller fallback found no seller for B0BFBJ45BG
2026-09-16 12:01:20,950 - INFO - [5/20] Processing product ASIN: B09J19KV4D
2026-09-16 12:01:20,981 - INFO - Opening Amazon product page for multi-seller extraction: https://www.amazon.in/dp/B09J19KV4D
2026-09-16 12:01:21,482 - INFO - PRODUCT: Amazon Product B09J19KV4D
2026-09-16 12:01:21,482 - INFO - ASIN: B09J19KV4D

PRODUCT: Amazon Product B09J19KV4D
ASIN: B09J19KV4D
2026-09-16 12:01:21,490 - INFO - BUY BOX SELLER: None
BUY BOX SELLER: None
2026-09-16 12:01:21,490 - INFO - AOD: Opening All Offers...
AOD: Opening All Offers...
2026-09-16 12:01:21,512 - WARNING - WARNING: AOD offer container not found. FALLBACK: Existing seller extraction
2026-09-16 12:01:21,515 - INFO - AOD EXTRACTION COMPLETE | ASIN: B09J19KV4D | TOTAL UNIQUE SELLERS: 0

AOD EXTRACTION COMPLETE
ASIN: B09J19KV4D
TOTAL UNIQUE SELLERS: 0

2026-09-16 12:01:21,552 - INFO - Visible seller fallback found no seller for B09J19KV4D
2026-09-16 12:01:21,565 - INFO - [6/20] Processing product ASIN: B09J19ZYY4
2026-09-16 12:01:21,596 - INFO - Opening Amazon product page for multi-seller extraction: https://www.amazon.in/dp/B09J19ZYY4
2026-09-16 12:01:22,114 - INFO - PRODUCT: Amazon Product B09J19ZYY4
2026-09-16 12:01:22,114 - INFO - ASIN: B09J19ZYY4

PRODUCT: Amazon Product B09J19ZYY4
ASIN: B09J19ZYY4
2026-09-16 12:01:22,122 - INFO - BUY BOX SELLER: None
BUY BOX SELLER: None
2026-09-16 12:01:22,122 - INFO - AOD: Opening All Offers...
AOD: Opening All Offers...
2026-09-16 12:01:22,145 - WARNING - WARNING: AOD offer container not found. FALLBACK: Existing seller extraction
2026-09-16 12:01:22,148 - INFO - AOD EXTRACTION COMPLETE | ASIN: B09J19ZYY4 | TOTAL UNIQUE SELLERS: 0

AOD EXTRACTION COMPLETE
ASIN: B09J19ZYY4
TOTAL UNIQUE SELLERS: 0

2026-09-16 12:01:22,184 - INFO - Visible seller fallback found no seller for B09J19ZYY4
2026-09-16 12:01:22,196 - INFO - [7/20] Processing product ASIN: B0CND1VF2W
2026-09-16 12:01:22,229 - INFO - Opening Amazon product page for multi-seller extraction: https://www.amazon.in/dp/B0CND1VF2W
2026-09-16 12:01:22,704 - INFO - PRODUCT: Amazon Product B0CND1VF2W
2026-09-16 12:01:22,704 - INFO - ASIN: B0CND1VF2W

PRODUCT: Amazon Product B0CND1VF2W
ASIN: B0CND1VF2W
2026-09-16 12:01:22,729 - INFO - BUY BOX SELLER: None
BUY BOX SELLER: None
2026-09-16 12:01:22,729 - INFO - AOD: Opening All Offers...
AOD: Opening All Offers...
2026-09-16 12:01:22,751 - WARNING - WARNING: AOD offer container not found. FALLBACK: Existing seller extraction
2026-09-16 12:01:22,754 - INFO - AOD EXTRACTION COMPLETE | ASIN: B0CND1VF2W | TOTAL UNIQUE SELLERS: 0

AOD EXTRACTION COMPLETE
ASIN: B0CND1VF2W
TOTAL UNIQUE SELLERS: 0

2026-09-16 12:01:22,790 - INFO - Visible seller fallback found no seller for B0CND1VF2W
2026-09-16 12:01:22,804 - INFO - [8/20] Processing product ASIN: B0CG6JKPDQ
2026-09-16 12:01:22,833 - INFO - Opening Amazon product page for multi-seller extraction: https://www.amazon.in/dp/B0CG6JKPDQ
2026-09-16 12:01:23,507 - INFO - PRODUCT: Amazon Product B0CG6JKPDQ
2026-09-16 12:01:23,507 - INFO - ASIN: B0CG6JKPDQ

PRODUCT: Amazon Product B0CG6JKPDQ
ASIN: B0CG6JKPDQ
2026-09-16 12:01:23,515 - INFO - BUY BOX SELLER: None
BUY BOX SELLER: None
2026-09-16 12:01:23,515 - INFO - AOD: Opening All Offers...
AOD: Opening All Offers...
2026-09-16 12:01:23,545 - WARNING - WARNING: AOD offer container not found. FALLBACK: Existing seller extraction
2026-09-16 12:01:23,556 - INFO - AOD EXTRACTION COMPLETE | ASIN: B0CG6JKPDQ | TOTAL UNIQUE SELLERS: 0

AOD EXTRACTION COMPLETE
ASIN: B0CG6JKPDQ
TOTAL UNIQUE SELLERS: 0

2026-09-16 12:01:23,598 - INFO - Visible seller fallback found no seller for B0CG6JKPDQ
2026-09-16 12:01:23,610 - INFO - [9/20] Processing product ASIN: B0CG6GH7KT
2026-09-16 12:01:23,642 - INFO - Opening Amazon product page for multi-seller extraction: https://www.amazon.in/dp/B0CG6GH7KT
2026-09-16 12:01:24,138 - INFO - PRODUCT: Amazon Product B0CG6GH7KT
2026-09-16 12:01:24,138 - INFO - ASIN: B0CG6GH7KT

PRODUCT: Amazon Product B0CG6GH7KT
ASIN: B0CG6GH7KT
2026-09-16 12:01:24,146 - INFO - BUY BOX SELLER: None
BUY BOX SELLER: None
2026-09-16 12:01:24,146 - INFO - AOD: Opening All Offers...
AOD: Opening All Offers...
2026-09-16 12:01:24,167 - WARNING - WARNING: AOD offer container not found. FALLBACK: Existing seller extraction
2026-09-16 12:01:24,170 - INFO - AOD EXTRACTION COMPLETE | ASIN: B0CG6GH7KT | TOTAL UNIQUE SELLERS: 0

AOD EXTRACTION COMPLETE
ASIN: B0CG6GH7KT
TOTAL UNIQUE SELLERS: 0

2026-09-16 12:01:24,207 - INFO - Visible seller fallback found no seller for B0CG6GH7KT
2026-09-16 12:01:24,220 - INFO - [10/20] Processing product ASIN: B0CG6JZ3FP
2026-09-16 12:01:24,252 - INFO - Opening Amazon product page for multi-seller extraction: https://www.amazon.in/dp/B0CG6JZ3FP
2026-09-16 12:01:24,751 - INFO - PRODUCT: Amazon Product B0CG6JZ3FP
2026-09-16 12:01:24,751 - INFO - ASIN: B0CG6JZ3FP

PRODUCT: Amazon Product B0CG6JZ3FP
ASIN: B0CG6JZ3FP
2026-09-16 12:01:24,760 - INFO - BUY BOX SELLER: None
BUY BOX SELLER: None
2026-09-16 12:01:24,760 - INFO - AOD: Opening All Offers...
AOD: Opening All Offers...
2026-09-16 12:01:24,781 - WARNING - WARNING: AOD offer container not found. FALLBACK: Existing seller extraction
2026-09-16 12:01:24,784 - INFO - AOD EXTRACTION COMPLETE | ASIN: B0CG6JZ3FP | TOTAL UNIQUE SELLERS: 0

AOD EXTRACTION COMPLETE
ASIN: B0CG6JZ3FP
TOTAL UNIQUE SELLERS: 0

2026-09-16 12:01:24,821 - INFO - Visible seller fallback found no seller for B0CG6JZ3FP
2026-09-16 12:01:24,834 - INFO - [11/20] Processing product ASIN: B0CG6KG671
2026-09-16 12:01:24,865 - INFO - Opening Amazon product page for multi-seller extraction: https://www.amazon.in/dp/B0CG6KG671
2026-09-16 12:01:25,563 - INFO - PRODUCT: Amazon Product B0CG6KG671
2026-09-16 12:01:25,563 - INFO - ASIN: B0CG6KG671

PRODUCT: Amazon Product B0CG6KG671
ASIN: B0CG6KG671
2026-09-16 12:01:25,571 - INFO - BUY BOX SELLER: None
BUY BOX SELLER: None
2026-09-16 12:01:25,572 - INFO - AOD: Opening All Offers...
AOD: Opening All Offers...
2026-09-16 12:01:25,594 - WARNING - WARNING: AOD offer container not found. FALLBACK: Existing seller extraction
2026-09-16 12:01:25,597 - INFO - AOD EXTRACTION COMPLETE | ASIN: B0CG6KG671 | TOTAL UNIQUE SELLERS: 0

AOD EXTRACTION COMPLETE
ASIN: B0CG6KG671
TOTAL UNIQUE SELLERS: 0

2026-09-16 12:01:25,635 - INFO - Visible seller fallback found no seller for B0CG6KG671
2026-09-16 12:01:25,648 - INFO - [12/20] Processing product ASIN: B0CG6KMLQY
2026-09-16 12:01:25,679 - INFO - Opening Amazon product page for multi-seller extraction: https://www.amazon.in/dp/B0CG6KMLQY
2026-09-16 12:01:26,335 - INFO - PRODUCT: Amazon Product B0CG6KMLQY
2026-09-16 12:01:26,335 - INFO - ASIN: B0CG6KMLQY

PRODUCT: Amazon Product B0CG6KMLQY
ASIN: B0CG6KMLQY
2026-09-16 12:01:26,347 - INFO - BUY BOX SELLER: None
BUY BOX SELLER: None
2026-09-16 12:01:26,348 - INFO - AOD: Opening All Offers...
AOD: Opening All Offers...
2026-09-16 12:01:26,370 - WARNING - WARNING: AOD offer container not found. FALLBACK: Existing seller extraction
2026-09-16 12:01:26,373 - INFO - AOD EXTRACTION COMPLETE | ASIN: B0CG6KMLQY | TOTAL UNIQUE SELLERS: 0

AOD EXTRACTION COMPLETE
ASIN: B0CG6KMLQY
TOTAL UNIQUE SELLERS: 0

2026-09-16 12:01:26,411 - INFO - Visible seller fallback found no seller for B0CG6KMLQY
2026-09-16 12:01:26,424 - INFO - [13/20] Processing product ASIN: B0CG6J7119
2026-09-16 12:01:26,458 - INFO - Opening Amazon product page for multi-seller extraction: https://www.amazon.in/dp/B0CG6J7119
2026-09-16 12:01:26,976 - INFO - PRODUCT: Amazon Product B0CG6J7119
2026-09-16 12:01:26,976 - INFO - ASIN: B0CG6J7119

PRODUCT: Amazon Product B0CG6J7119
ASIN: B0CG6J7119
2026-09-16 12:01:26,985 - INFO - BUY BOX SELLER: None
BUY BOX SELLER: None
2026-09-16 12:01:26,985 - INFO - AOD: Opening All Offers...
AOD: Opening All Offers...
2026-09-16 12:01:27,007 - WARNING - WARNING: AOD offer container not found. FALLBACK: Existing seller extraction
2026-09-16 12:01:27,011 - INFO - AOD EXTRACTION COMPLETE | ASIN: B0CG6J7119 | TOTAL UNIQUE SELLERS: 0

AOD EXTRACTION COMPLETE
ASIN: B0CG6J7119
TOTAL UNIQUE SELLERS: 0

2026-09-16 12:01:27,048 - INFO - Visible seller fallback found no seller for B0CG6J7119
2026-09-16 12:01:27,061 - INFO - [14/20] Processing product ASIN: B08W8W1P1P
2026-09-16 12:01:27,093 - INFO - Opening Amazon product page for multi-seller extraction: https://www.amazon.in/dp/B08W8W1P1P
2026-09-16 12:01:27,763 - INFO - PRODUCT: Amazon Product B08W8W1P1P
2026-09-16 12:01:27,763 - INFO - ASIN: B08W8W1P1P

PRODUCT: Amazon Product B08W8W1P1P
ASIN: B08W8W1P1P
2026-09-16 12:01:27,771 - INFO - BUY BOX SELLER: None
BUY BOX SELLER: None
2026-09-16 12:01:27,771 - INFO - AOD: Opening All Offers...
AOD: Opening All Offers...
2026-09-16 12:01:27,793 - WARNING - WARNING: AOD offer container not found. FALLBACK: Existing seller extraction
2026-09-16 12:01:27,796 - INFO - AOD EXTRACTION COMPLETE | ASIN: B08W8W1P1P | TOTAL UNIQUE SELLERS: 0

AOD EXTRACTION COMPLETE
ASIN: B08W8W1P1P
TOTAL UNIQUE SELLERS: 0

2026-09-16 12:01:27,833 - INFO - Visible seller fallback found no seller for B08W8W1P1P
2026-09-16 12:01:27,845 - INFO - [15/20] Processing product ASIN: B09J8RBPPZ
2026-09-16 12:01:27,877 - INFO - Opening Amazon product page for multi-seller extraction: https://www.amazon.in/dp/B09J8RBPPZ
2026-09-16 12:01:28,556 - INFO - PRODUCT: Amazon Product B09J8RBPPZ
2026-09-16 12:01:28,556 - INFO - ASIN: B09J8RBPPZ

PRODUCT: Amazon Product B09J8RBPPZ
ASIN: B09J8RBPPZ
2026-09-16 12:01:28,564 - INFO - BUY BOX SELLER: None
BUY BOX SELLER: None
2026-09-16 12:01:28,564 - INFO - AOD: Opening All Offers...
AOD: Opening All Offers...
2026-09-16 12:01:28,586 - WARNING - WARNING: AOD offer container not found. FALLBACK: Existing seller extraction
2026-09-16 12:01:28,589 - INFO - AOD EXTRACTION COMPLETE | ASIN: B09J8RBPPZ | TOTAL UNIQUE SELLERS: 0

AOD EXTRACTION COMPLETE
ASIN: B09J8RBPPZ
TOTAL UNIQUE SELLERS: 0

2026-09-16 12:01:28,626 - INFO - Visible seller fallback found no seller for B09J8RBPPZ
2026-09-16 12:01:28,637 - INFO - [16/20] Processing product ASIN: B0BSQYM2JV
2026-09-16 12:01:28,669 - INFO - Opening Amazon product page for multi-seller extraction: https://www.amazon.in/dp/B0BSQYM2JV
2026-09-16 12:01:29,169 - INFO - PRODUCT: Amazon Product B0BSQYM2JV
2026-09-16 12:01:29,169 - INFO - ASIN: B0BSQYM2JV

PRODUCT: Amazon Product B0BSQYM2JV
ASIN: B0BSQYM2JV
2026-09-16 12:01:29,177 - INFO - BUY BOX SELLER: None
BUY BOX SELLER: None
2026-09-16 12:01:29,177 - INFO - AOD: Opening All Offers...
AOD: Opening All Offers...
2026-09-16 12:01:29,218 - WARNING - WARNING: AOD offer container not found. FALLBACK: Existing seller extraction
2026-09-16 12:01:29,221 - INFO - AOD EXTRACTION COMPLETE | ASIN: B0BSQYM2JV | TOTAL UNIQUE SELLERS: 0

AOD EXTRACTION COMPLETE
ASIN: B0BSQYM2JV
TOTAL UNIQUE SELLERS: 0

2026-09-16 12:01:29,258 - INFO - Visible seller fallback found no seller for B0BSQYM2JV
2026-09-16 12:01:29,270 - INFO - [17/20] Processing product ASIN: B0BSQX9SW7
2026-09-16 12:01:29,303 - INFO - Opening Amazon product page for multi-seller extraction: https://www.amazon.in/dp/B0BSQX9SW7
2026-09-16 12:01:29,978 - INFO - PRODUCT: Amazon Product B0BSQX9SW7
2026-09-16 12:01:29,978 - INFO - ASIN: B0BSQX9SW7

PRODUCT: Amazon Product B0BSQX9SW7
ASIN: B0BSQX9SW7
2026-09-16 12:01:29,987 - INFO - BUY BOX SELLER: None
BUY BOX SELLER: None
2026-09-16 12:01:29,987 - INFO - AOD: Opening All Offers...
AOD: Opening All Offers...
2026-09-16 12:01:30,009 - WARNING - WARNING: AOD offer container not found. FALLBACK: Existing seller extraction
2026-09-16 12:01:30,012 - INFO - AOD EXTRACTION COMPLETE | ASIN: B0BSQX9SW7 | TOTAL UNIQUE SELLERS: 0

AOD EXTRACTION COMPLETE
ASIN: B0BSQX9SW7
TOTAL UNIQUE SELLERS: 0

2026-09-16 12:01:30,048 - INFO - Visible seller fallback found no seller for B0BSQX9SW7
2026-09-16 12:01:30,061 - INFO - [18/20] Processing product ASIN: B0BSQY9RD5
2026-09-16 12:01:30,094 - INFO - Opening Amazon product page for multi-seller extraction: https://www.amazon.in/dp/B0BSQY9RD5
2026-09-16 12:01:30,777 - INFO - PRODUCT: Amazon Product B0BSQY9RD5
2026-09-16 12:01:30,777 - INFO - ASIN: B0BSQY9RD5

PRODUCT: Amazon Product B0BSQY9RD5
ASIN: B0BSQY9RD5
2026-09-16 12:01:30,785 - INFO - BUY BOX SELLER: None
BUY BOX SELLER: None
2026-09-16 12:01:30,785 - INFO - AOD: Opening All Offers...
AOD: Opening All Offers...
2026-09-16 12:01:30,806 - WARNING - WARNING: AOD offer container not found. FALLBACK: Existing seller extraction
2026-09-16 12:01:30,810 - INFO - AOD EXTRACTION COMPLETE | ASIN: B0BSQY9RD5 | TOTAL UNIQUE SELLERS: 0

AOD EXTRACTION COMPLETE
ASIN: B0BSQY9RD5
TOTAL UNIQUE SELLERS: 0

2026-09-16 12:01:30,847 - INFO - Visible seller fallback found no seller for B0BSQY9RD5
2026-09-16 12:01:30,859 - INFO - [19/20] Processing product ASIN: B0BSQVN3KL
2026-09-16 12:01:30,891 - INFO - Opening Amazon product page for multi-seller extraction: https://www.amazon.in/dp/B0BSQVN3KL
2026-09-16 12:01:31,461 - INFO - PRODUCT: Amazon Product B0BSQVN3KL
2026-09-16 12:01:31,461 - INFO - ASIN: B0BSQVN3KL

PRODUCT: Amazon Product B0BSQVN3KL
ASIN: B0BSQVN3KL
2026-09-16 12:01:31,487 - INFO - BUY BOX SELLER: None
BUY BOX SELLER: None
2026-09-16 12:01:31,488 - INFO - AOD: Opening All Offers...
AOD: Opening All Offers...
2026-09-16 12:01:31,511 - WARNING - WARNING: AOD offer container not found. FALLBACK: Existing seller extraction
2026-09-16 12:01:31,514 - INFO - AOD EXTRACTION COMPLETE | ASIN: B0BSQVN3KL | TOTAL UNIQUE SELLERS: 0

AOD EXTRACTION COMPLETE
ASIN: B0BSQVN3KL
TOTAL UNIQUE SELLERS: 0

2026-09-16 12:01:31,552 - INFO - Visible seller fallback found no seller for B0BSQVN3KL
2026-09-16 12:01:31,566 - INFO - [20/20] Processing product ASIN: B0BSQXJCQV
2026-09-16 12:01:31,597 - INFO - Opening Amazon product page for multi-seller extraction: https://www.amazon.in/dp/B0BSQXJCQV
2026-09-16 12:01:32,294 - INFO - PRODUCT: Amazon Product B0BSQXJCQV
2026-09-16 12:01:32,294 - INFO - ASIN: B0BSQXJCQV

PRODUCT: Amazon Product B0BSQXJCQV
ASIN: B0BSQXJCQV
2026-09-16 12:01:32,316 - INFO - BUY BOX SELLER: None
BUY BOX SELLER: None
2026-09-16 12:01:32,316 - INFO - AOD: Opening All Offers...
AOD: Opening All Offers...
2026-09-16 12:01:32,343 - WARNING - WARNING: AOD offer container not found. FALLBACK: Existing seller extraction
2026-09-16 12:01:32,346 - INFO - AOD EXTRACTION COMPLETE | ASIN: B0BSQXJCQV | TOTAL UNIQUE SELLERS: 0

AOD EXTRACTION COMPLETE
ASIN: B0BSQXJCQV
TOTAL UNIQUE SELLERS: 0

2026-09-16 12:01:32,384 - INFO - Visible seller fallback found no seller for B0BSQXJCQV
2026-09-16 12:01:32,397 - INFO - Top businesses requested: 100, found: 1 for 'Lips'
2026-09-16 12:01:32,397 - INFO - Starting Phase 2 Deep Enrichment Waterfall for top 1 businesses...

========================================
ENRICHING SELLER
========================================
Category:
Lips

Seller:
RK World Infocom Pvt Ltd

Seller:
1 / 1

Elapsed:
202 seconds
========================================

2026-09-16 12:01:32,398 - INFO - Starting Public Enrichment Waterfall for business 'RK World Infocom Pvt Ltd'...
2026-09-16 12:01:32,429 - INFO - [ENRICH] Searching web: "RK World Infocom" email
2026-09-16 12:01:43,650 - WARNING - [ENRICH] Error during email search for 'RK World Infocom Pvt Ltd': HTTPSConnectionPool(host='html.duckduckgo.com', port=443): Max retries exceeded with url: /html/ (Caused by ConnectTimeoutError(<HTTPSConnection(host='html.duckduckgo.com', port=443) at 0x7f9e15e97b10>, 'Connection to html.duckduckgo.com timed out. (connect timeout=10)'))

ENRICHMENT HEARTBEAT:
Seller = RK World Infocom Pvt Ltd
Elapsed = 11s
Current field = Official Website

2026-09-16 12:01:43,650 - INFO - ENRICHMENT HEARTBEAT: Seller = RK World Infocom Pvt Ltd, Elapsed = 11s, Current field = Official Website
2026-09-16 12:01:47,164 - WARNING - DuckDuckGo returned status 0 (length: 0). Triggering immediate failover within 1.5s.

----------------------------------------
SEARCH DIAGNOSTICS
SEARCH QUERY: RK World Infocom Pvt Ltd official website
SEARCH ENGINE: DuckDuckGo
HTTP STATUS: 0
RESULT PAGE TITLE: 
RESULT URL: https://html.duckduckgo.com/html/?q=RK+World+Infocom+Pvt+Ltd+official+website
RESULT HTML LENGTH: 0
EXTRACTED URL COUNT: 0
----------------------------------------
SEARCH RESULT: 0 usable URLs returned from DuckDuckGo
Switching to Fallback Provider (Yahoo)...

----------------------------------------
FALLBACK SEARCH DIAGNOSTICS
SEARCH QUERY: RK World Infocom Pvt Ltd official website
SEARCH ENGINE: Yahoo
HTTP STATUS: ERROR: Page.goto: Navigation to "https://search.yahoo.com/search?p=RK+World+Infocom+Pvt+Ltd+official+website" is interrupted by another navigation to "chrome-error://chromewebdata/"
Call log:
  - navigating to "https://search.yahoo.com/search?p=RK+World+Infocom+Pvt+Ltd+official+website", waiting until "domcontentloaded"

RESULT PAGE TITLE: 
RESULT URL: https://search.yahoo.com/search?p=RK+World+Infocom+Pvt+Ltd+official+website
RESULT HTML LENGTH: 0
EXTRACTED URL COUNT: 0
----------------------------------------
SEARCH RESULT: 0 usable URLs returned
2026-09-16 12:03:59,648 - WARNING - SELLER ENRICHMENT TIME LIMIT REACHED (120s). Aborting remaining fields for 'RK World Infocom Pvt Ltd'.
2026-09-16 12:03:59,652 - INFO - [INFO] Scraped 'RK World Infocom Pvt Ltd' -> GST: NO | Phone: NO | Address: NO | Email: NO | PAN: NO | Website: NO

SELLER ENRICHMENT COMPLETE

Seller:
RK World Infocom Pvt Ltd

Fields found:
Phone: NO
Email: NO
GST: NO
PAN: NO
Address: NO
Website: NO

Continuing to next seller...

2026-09-16 12:03:59,711 - INFO - Closed Playwright browser session safely
2026-09-16 12:03:59,712 - INFO - Read 1 final verified records from SQLite for 'Lips'

========================================
BACKUP VALIDATION
=================
Backup:
/home/runner/work/Amazon-Scrapper/Amazon-Scrapper/output/backups/Amazon_Seller_Master_Data_20260916_120359_backup.xlsx

Source rows:
416

Backup rows:
416

Source size:
62200 bytes

Backup size:
62200 bytes

Backup XLSX:
VALID

Worksheet:
Amazon Sellers

First sellers:
1. Campusactivewear
2. Cocoblu Retail
3. Cocoblu Retail
4. BansalEnterprises
5. APPOO TRADING

BACKUP VERIFIED SUCCESSFULLY
========================================

2026-09-16 12:03:59,933 - INFO - Created safety backup of master Excel at /home/runner/work/Amazon-Scrapper/Amazon-Scrapper/output/backups/Amazon_Seller_Master_Data_20260916_120359_backup.xlsx

========================================
FINAL MASTER EXCEL VALIDATION
=============================

File:
/home/runner/work/Amazon-Scrapper/Amazon-Scrapper/output/Amazon_Seller_Master_Data.xlsx

File size:
62382 bytes

Excel rows including header:
417

Seller records:
416

Categories:
- Accessories
- American Football
- Bag Accessories
- Bags & Backpacks
- Bar Tables
- Baseball
- Basketball
- Bathroom Cabinets
- Bathroom Mirrors
- Bathroom Stools
- Bedroom Sets
- Beds
- Beds, Frames & Bases
- Belts
- Benches
- Bodysuits
- Boots
- Bowling
- Box Springs
- Cabinets & Sideboards
- Canvas & Beach Tote Bags
- Cheerleading
- Christening Wear
- Clothing Accessories
- Clothing Sets
- Competitive Swimwear
- Corner Shelves
- Cricket
- Cutting Boards
- Cycling
- Dance
- Dining Room Sets
- Disposable Spoons
- Dresses
- Dresses & Jumpsuits
- Dressing Tables
- Dungarees
- Equestrian Sports
- Ethnic Wear
- Fabrics
- Finger Guards
- Footboards
- Footies
- Garment Covers
- Golf
- Gym Bags
- Gymnastics
- Hair Perms & Texturizers
- Handbags & Clutches
- Hiking & Outdoor Recreation
- Hockey
- Ice Hockey
- Ice Skating
- Innerwear
- Jeans
- Jumpsuits & Dungarees
- Key Chains
- Lacrosse
- Laptop Bags
- Leggings
- Lehenga Cholis
- Lips
- Luggage
- Martial Arts
- Maternity Wear
- Men'S Casual Shoes
- Men'S Clogs
- Men'S Ethnic Shoes
- Men'S Formal Shoes
- Men'S Sandals & Floaters
- Men'S Sports Shoes
- Men's Shoes
- Messenger & Sling Bags
- Netball
- Overalls
- Pants
- Pumps
- Rainwear
- Rompers
- Rugby
- Safety Shoe
- School Bags & Sets
- School Shoes
- School Uniforms
- Serving Sets
- Shirts
- Shopping Bags & Baskets
- Shorts
- Shrugs
- Skiing
- Skirts & Shorts
- Sleepwear
- Slipper Racks
- Sneakers
- Snowboarding
- Soccer
- Softball
- Sportswear
- Suits & Blazers
- Sunglasses & Spectacle Frames
- Swimwear
- T-Shirts & Polos
- Thong Sandals
- Tights & Leggings
- Tops, T-Shirts & Shirts
- Towel Holder
- Towel Racks
- Trackpants & Joggers
- Travel Accessories
- Unstitched Fabrics
- Vanity Units
- Volleyball
- Wallets, Card Cases
- Western Wear
- Winter Wear
- Women'S Ballerinas
- Women'S Casual Shoes
- Women'S Clogs
- Women'S Ethnic Shoes
- Women'S Flats
- Women'S Flats Amazon
- Women'S Formals
- Women'S Heels
- Women'S Slippers & Flip Flops
- Women'S Sports Sandals
- Women'S Sports Shoes
- Women's Flats Amazon
- Yoga

Lips rows:
1

First 5 Lips sellers:
1. RK World Infocom Pvt Ltd

Excel validation:
PASSED
========================================

2026-09-16 12:04:00,266 - INFO - Master Excel updated: Added 1 rows for category 'Lips'. Total seller records=416

>>>>>>>>>>>>>>>>>>>>>>>>>>>>>>>>>>>>>>>>
BATCH CATEGORY [107/108]: 'Face'
URL: https://www.amazon.in/s?k=Face
>>>>>>>>>>>>>>>>>>>>>>>>>>>>>>>>>>>>>>>>

2026-09-16 12:04:00,283 - INFO - Target Category: 'Face'
2026-09-16 12:04:00,283 - INFO - Target URL: 'https://www.amazon.in/s?k=Face'
2026-09-16 12:04:00,677 - INFO - Created Amazon browser context generation 1
2026-09-16 12:04:00,677 - INFO - Started Playwright Chromium session (headless=True, timeout=30000ms, downloads=enabled)
2026-09-16 12:04:00,677 - INFO - Discovering products for category 'Face' from https://www.amazon.in/s?k=Face...
2026-09-16 12:04:00,729 - INFO - Navigating to Amazon search page 1: https://www.amazon.in/s?k=Face
Opening Amazon...
Attempt: 1/3
2026-09-16 12:04:00,938 - WARNING - Direct navigation triggered download trap for 'Face'. Trying UI search fallback...
Amazon navigation error (attempt 1/3): Page.goto: Navigation to "https://www.amazon.in/" is interrupted by another navigation to "chrome-error://chromewebdata/"
Call log:
  - navigating to "https://www.amazon.in/", waiting until "domcontentloaded"

2026-09-16 12:04:01,060 - WARNING - Error opening Amazon search page (attempt 1): https://www.amazon.in/s?k=Face: Page.goto: Navigation to "https://www.amazon.in/" is interrupted by another navigation to "chrome-error://chromewebdata/"
Call log:
  - navigating to "https://www.amazon.in/", waiting until "domcontentloaded"

Retrying in 2s...
Opening Amazon...
Attempt: 2/3
2026-09-16 12:04:03,218 - WARNING - Direct navigation triggered download trap for 'Face'. Trying UI search fallback...
Amazon navigation error (attempt 2/3): Page.goto: Navigation to "https://www.amazon.in/" is interrupted by another navigation to "chrome-error://chromewebdata/"
Call log:
  - navigating to "https://www.amazon.in/", waiting until "domcontentloaded"

2026-09-16 12:04:03,340 - WARNING - Error opening Amazon search page (attempt 2): https://www.amazon.in/s?k=Face: Page.goto: Navigation to "https://www.amazon.in/" is interrupted by another navigation to "chrome-error://chromewebdata/"
Call log:
  - navigating to "https://www.amazon.in/", waiting until "domcontentloaded"

Retrying in 5s...
Opening Amazon...
Attempt: 3/3
2026-09-16 12:04:08,496 - WARNING - Direct navigation triggered download trap for 'Face'. Trying UI search fallback...
Amazon navigation error (attempt 3/3): Page.goto: Navigation to "https://www.amazon.in/" is interrupted by another navigation to "chrome-error://chromewebdata/"
Call log:
  - navigating to "https://www.amazon.in/", waiting until "domcontentloaded"

2026-09-16 12:04:08,616 - WARNING - Error opening Amazon search page (attempt 3): https://www.amazon.in/s?k=Face: Page.goto: Navigation to "https://www.amazon.in/" is interrupted by another navigation to "chrome-error://chromewebdata/"
Call log:
  - navigating to "https://www.amazon.in/", waiting until "domcontentloaded"

2026-09-16 12:04:08,618 - ERROR - Category 'Face' BLOCKED by Amazon: Amazon blocked or unavailable (Navigation Error: Page.goto: Navigation to "https://www.amazon.in/" is interrupted by another navigation to "chrome-error://chromewebdata/"
Call log:
  - navigating to "https://www.amazon.in/", waiting until "domcontentloaded"
) at https://www.amazon.in/s?k=Face
2026-09-16 12:04:08,661 - INFO - Closed Playwright browser session safely

>>>>>>>>>>>>>>>>>>>>>>>>>>>>>>>>>>>>>>>>
BATCH CATEGORY [108/108]: 'Nails'
URL: https://www.amazon.in/s?k=Nails
>>>>>>>>>>>>>>>>>>>>>>>>>>>>>>>>>>>>>>>>

2026-09-16 12:04:08,663 - INFO - Target Category: 'Nails'
2026-09-16 12:04:08,663 - INFO - Target URL: 'https://www.amazon.in/s?k=Nails'
2026-09-16 12:04:09,057 - INFO - Created Amazon browser context generation 1
2026-09-16 12:04:09,057 - INFO - Started Playwright Chromium session (headless=True, timeout=30000ms, downloads=enabled)
2026-09-16 12:04:09,057 - INFO - Discovering products for category 'Nails' from https://www.amazon.in/s?k=Nails...
2026-09-16 12:04:09,101 - INFO - Navigating to Amazon search page 1: https://www.amazon.in/s?k=Nails
Opening Amazon...
Attempt: 1/3
2026-09-16 12:04:09,237 - WARNING - Direct navigation triggered download trap for 'Nails'. Trying UI search fallback...
Amazon navigation error (attempt 1/3): Page.goto: Navigation to "https://www.amazon.in/" is interrupted by another navigation to "chrome-error://chromewebdata/"
Call log:
  - navigating to "https://www.amazon.in/", waiting until "domcontentloaded"

2026-09-16 12:04:09,361 - WARNING - Error opening Amazon search page (attempt 1): https://www.amazon.in/s?k=Nails: Page.goto: Navigation to "https://www.amazon.in/" is interrupted by another navigation to "chrome-error://chromewebdata/"
Call log:
  - navigating to "https://www.amazon.in/", waiting until "domcontentloaded"

Retrying in 2s...
Opening Amazon...
Attempt: 2/3
2026-09-16 12:04:11,524 - WARNING - Direct navigation triggered download trap for 'Nails'. Trying UI search fallback...
Amazon navigation error (attempt 2/3): Page.goto: Navigation to "https://www.amazon.in/" is interrupted by another navigation to "chrome-error://chromewebdata/"
Call log:
  - navigating to "https://www.amazon.in/", waiting until "domcontentloaded"

2026-09-16 12:04:11,644 - WARNING - Error opening Amazon search page (attempt 2): https://www.amazon.in/s?k=Nails: Page.goto: Navigation to "https://www.amazon.in/" is interrupted by another navigation to "chrome-error://chromewebdata/"
Call log:
  - navigating to "https://www.amazon.in/", waiting until "domcontentloaded"

Retrying in 5s...
Opening Amazon...
Attempt: 3/3
2026-09-16 12:04:16,798 - WARNING - Direct navigation triggered download trap for 'Nails'. Trying UI search fallback...
Amazon navigation error (attempt 3/3): Page.goto: Navigation to "https://www.amazon.in/" is interrupted by another navigation to "chrome-error://chromewebdata/"
Call log:
  - navigating to "https://www.amazon.in/", waiting until "domcontentloaded"

2026-09-16 12:04:16,918 - WARNING - Error opening Amazon search page (attempt 3): https://www.amazon.in/s?k=Nails: Page.goto: Navigation to "https://www.amazon.in/" is interrupted by another navigation to "chrome-error://chromewebdata/"
Call log:
  - navigating to "https://www.amazon.in/", waiting until "domcontentloaded"

2026-09-16 12:04:16,921 - ERROR - Category 'Nails' BLOCKED by Amazon: Amazon blocked or unavailable (Navigation Error: Page.goto: Navigation to "https://www.amazon.in/" is interrupted by another navigation to "chrome-error://chromewebdata/"
Call log:
  - navigating to "https://www.amazon.in/", waiting until "domcontentloaded"
) at https://www.amazon.in/s?k=Nails
2026-09-16 12:04:16,966 - INFO - Closed Playwright browser session safely

========================================
AMAZON BATCH SELLER RESULTS
========================================

Categories requested: 108
Categories processed: 83
Categories skipped: 0
Categories failed: 25

----------------------------------------
CATEGORY RESULTS
----------------------------------------

Fish Scalers
Status: BLOCKED

Cooler Bags
Status: NO_DATA
Sellers: 0

Foil Holders
Status: NO_DATA
Sellers: 0

Heat Diffusers
Status: NO_DATA
Sellers: 0

Roast Injectors
Status: NO_DATA
Sellers: 0

Pancake Batter Dispenser
Status: NO_DATA
Sellers: 0

Sausage Makers
Status: NO_DATA
Sellers: 0

Manual Can Openers
Status: NO_DATA
Sellers: 0

Manual Choppers & Chippers
Status: NO_DATA
Sellers: 0

Manual Citrus Juicers
Status: NO_DATA
Sellers: 0

Manual Knife Sharpeners
Status: NO_DATA
Sellers: 0

Manual Pasta Machines
Status: NO_DATA
Sellers: 0

Measuring Cups
Status: NO_DATA
Sellers: 0

Measuring Spoon Sets
Status: NO_DATA
Sellers: 0

Meat Tenderizers
Status: NO_DATA
Sellers: 0

Mortar & Pestle Sets
Status: NO_DATA
Sellers: 0

Oil Preparation & Dispensers
Status: NO_DATA
Sellers: 0

Peeling, Grating & Slicing Tools
Status: NO_DATA
Sellers: 0

Pizza Cutters
Status: NO_DATA
Sellers: 0

Pressers
Status: NO_DATA
Sellers: 0

Skimmers
Status: NO_DATA
Sellers: 0

Spatulas
Status: NO_DATA
Sellers: 0

Spice Mills
Status: NO_DATA
Sellers: 0

Strainers & Sieves
Status: NO_DATA
Sellers: 0

Trivets
Status: NO_DATA
Sellers: 0

Whisks
Status: NO_DATA
Sellers: 0

Choppers & Slicers
Status: NO_DATA
Sellers: 0

Peelers
Status: NO_DATA
Sellers: 0

Cutting Boards
Status: SUCCESS
Sellers: 1

Finger Guards
Status: SUCCESS
Sellers: 4

Garlic Presses
Status: NO_DATA
Sellers: 0

Pizza Cutters
Status: NO_DATA
Sellers: 0

Pitters
Status: NO_DATA
Sellers: 0

Seafood Crackers
Status: NO_DATA
Sellers: 0

Electric Peelers
Status: NO_DATA
Sellers: 0

Electric Food Slicers
Status: NO_DATA
Sellers: 0

Hand Juicers
Status: NO_DATA
Sellers: 0

Hand Muller Grinders
Status: NO_DATA
Sellers: 0

Mashers
Status: NO_DATA
Sellers: 0

Pepper Mills
Status: NO_DATA
Sellers: 0

Nutmeg Grinders
Status: NO_DATA
Sellers: 0

Casseroles
Status: NO_DATA
Sellers: 0

Dinner Sets
Status: NO_DATA
Sellers: 0

Mugs
Status: BLOCKED

Plates
Status: BLOCKED

Bowls
Status: BLOCKED

Glasses
Status: BLOCKED

Serving Sets
Status: SUCCESS
Sellers: 1

Serving Trays
Status: NO_DATA
Sellers: 0

Cutlery Cases
Status: NO_DATA
Sellers: 0

Forks
Status: NO_DATA
Sellers: 0

Spoons
Status: NO_DATA
Sellers: 0

Cutlery Knives
Status: NO_DATA
Sellers: 0

Cutlery Sets
Status: NO_DATA
Sellers: 0

Chopsticks
Status: NO_DATA
Sellers: 0

Trivets
Status: NO_DATA
Sellers: 0

Toast Racks
Status: NO_DATA
Sellers: 0

Cake & Pie Servers
Status: NO_DATA
Sellers: 0

Toothpick Holders
Status: NO_DATA
Sellers: 0

Bread Baskets
Status: NO_DATA
Sellers: 0

Tea Urns
Status: NO_DATA
Sellers: 0

Cups & Saucers
Status: BLOCKED

Jugs
Status: BLOCKED

Lemon Sets
Status: BLOCKED

Salt Sprinklers
Status: BLOCKED

Disposable Glasses
Status: BLOCKED

Disposable Bowls
Status: BLOCKED

Disposable Spoons
Status: SUCCESS
Sellers: 1

Disposable Forks
Status: BLOCKED

Disposable Plates
Status: BLOCKED

Disposable Food Containers
Status: TIMEOUT

Storage Pouches
Status: NO_DATA
Sellers: 0

Bath Additives
Status: NO_DATA
Sellers: 0

Bathing Accessories
Status: NO_DATA
Sellers: 0

Bath Essentials
Status: NO_DATA
Sellers: 0

Bath Sets & Kits
Status: NO_DATA
Sellers: 0

Body Scrubs
Status: NO_DATA
Sellers: 0

Body Washes
Status: NO_DATA
Sellers: 0

Cleansers
Status: NO_DATA
Sellers: 0

Deodorants & Antiperspirants
Status: NO_DATA
Sellers: 0

Eau de Toilette
Status: NO_DATA
Sellers: 0

Eau de Parfum
Status: NO_DATA
Sellers: 0

Eau de Cologne
Status: NO_DATA
Sellers: 0

Perfume
Status: NO_DATA
Sellers: 0

Attar
Status: NO_DATA
Sellers: 0

Body Sprays & Mists
Status: NO_DATA
Sellers: 0

Sets
Status: NO_DATA
Sellers: 0

Detanglers
Status: NO_DATA
Sellers: 0

Hair Care sets
Status: NO_DATA
Sellers: 0

Hair Color
Status: NO_DATA
Sellers: 0

Hair Cutting Tools
Status: NO_DATA
Sellers: 0

Hair Extensions & Wigs
Status: NO_DATA
Sellers: 0

Hair Fragrances
Status: NO_DATA
Sellers: 0

Hair Loss Products
Status: NO_DATA
Sellers: 0

Hair Masks & Packs
Status: NO_DATA
Sellers: 0

Hair Oils
Status: BLOCKED

Hair Perms & Texturizers
Status: SUCCESS
Sellers: 1

Hair Styling Accessories
Status: BLOCKED

Hair Accessory
Status: BLOCKED

Hair Styling Tools
Status: TIMEOUT

Hennas
Status: BLOCKED

Scalp Treatments
Status: BLOCKED

Shampoo & Conditioner
Status: BLOCKED

Styling
Status: BLOCKED

Eyes
Status: BLOCKED

Lips
Status: SUCCESS
Sellers: 1

Face
Status: BLOCKED

Nails
Status: BLOCKED

----------------------------------------

Total category seller records added: 9

Master Excel:
output/Amazon_Seller_Master_Data.xlsx

Database:
amazon_sellers.db

========================================

